ISO-10303-21;
HEADER;
/* Generated by software containing ST-Developer
 * from STEP Tools, Inc. (www.steptools.com) 
 */

FILE_DESCRIPTION(
/* description */ (''),
/* implementation_level */ '2;1');

FILE_NAME(
/* name */ 'Onsong Pedals v1.step',
/* time_stamp */ '2026-01-25T19:27:41-06:00',
/* author */ (''),
/* organization */ (''),
/* preprocessor_version */ 'ST-DEVELOPER v20.1',
/* originating_system */ 'Autodesk Translation Framework v14.21.0.0',
/* authorisation */ '');

FILE_SCHEMA (('AUTOMOTIVE_DESIGN { 1 0 10303 214 3 1 1 }'));
ENDSEC;

DATA;
#10=MECHANICAL_DESIGN_GEOMETRIC_PRESENTATION_REPRESENTATION('',(#33,#34,
#35,#36,#37,#38,#39,#40,#41,#42,#43,#44,#45,#46,#47,#48,#49,#50),#6200);
#11=ITEM_DEFINED_TRANSFORMATION($,$,#3403,#3685);
#12=ITEM_DEFINED_TRANSFORMATION($,$,#3487,#3686);
#13=ITEM_DEFINED_TRANSFORMATION($,$,#3488,#3687);
#14=ITEM_DEFINED_TRANSFORMATION($,$,#3605,#3688);
#15=(
REPRESENTATION_RELATIONSHIP($,$,#6220,#6219)
REPRESENTATION_RELATIONSHIP_WITH_TRANSFORMATION(#11)
SHAPE_REPRESENTATION_RELATIONSHIP()
);
#16=(
REPRESENTATION_RELATIONSHIP($,$,#6221,#6219)
REPRESENTATION_RELATIONSHIP_WITH_TRANSFORMATION(#12)
SHAPE_REPRESENTATION_RELATIONSHIP()
);
#17=(
REPRESENTATION_RELATIONSHIP($,$,#6222,#6219)
REPRESENTATION_RELATIONSHIP_WITH_TRANSFORMATION(#13)
SHAPE_REPRESENTATION_RELATIONSHIP()
);
#18=(
REPRESENTATION_RELATIONSHIP($,$,#6223,#6219)
REPRESENTATION_RELATIONSHIP_WITH_TRANSFORMATION(#14)
SHAPE_REPRESENTATION_RELATIONSHIP()
);
#19=CONTEXT_DEPENDENT_SHAPE_REPRESENTATION(#15,#6215);
#20=CONTEXT_DEPENDENT_SHAPE_REPRESENTATION(#16,#6216);
#21=CONTEXT_DEPENDENT_SHAPE_REPRESENTATION(#17,#6217);
#22=CONTEXT_DEPENDENT_SHAPE_REPRESENTATION(#18,#6218);
#23=NEXT_ASSEMBLY_USAGE_OCCURRENCE('Secondary pedal case:1',
'Secondary pedal case:1','Secondary pedal case:1',#6225,#6226,
'Secondary pedal case:1');
#24=NEXT_ASSEMBLY_USAGE_OCCURRENCE('Parts:1','Parts:1','Parts:1',#6225,
#6227,'Parts:1');
#25=NEXT_ASSEMBLY_USAGE_OCCURRENCE('Base pedal case:1',
'Base pedal case:1','Base pedal case:1',#6225,#6228,'Base pedal case:1');
#26=NEXT_ASSEMBLY_USAGE_OCCURRENCE('Secondary pedal case end:1',
'Secondary pedal case end:1','Secondary pedal case end:1',#6225,#6229,
'Secondary pedal case end:1');
#27=SHAPE_REPRESENTATION_RELATIONSHIP('SRR','None',#6220,#30);
#28=SHAPE_REPRESENTATION_RELATIONSHIP('SRR','None',#6222,#31);
#29=SHAPE_REPRESENTATION_RELATIONSHIP('SRR','None',#6223,#32);
#30=ADVANCED_BREP_SHAPE_REPRESENTATION('',(#51,#52,#53,#54,#55,#56),#6196);
#31=ADVANCED_BREP_SHAPE_REPRESENTATION('',(#57,#58,#59,#60,#61,#62),#6198);
#32=ADVANCED_BREP_SHAPE_REPRESENTATION('',(#63,#64,#65,#66,#67,#68),#6199);
#33=STYLED_ITEM('',(#6248),#51);
#34=STYLED_ITEM('',(#6248),#52);
#35=STYLED_ITEM('',(#6248),#53);
#36=STYLED_ITEM('',(#6248),#54);
#37=STYLED_ITEM('',(#6248),#55);
#38=STYLED_ITEM('',(#6248),#56);
#39=STYLED_ITEM('',(#6248),#57);
#40=STYLED_ITEM('',(#6248),#58);
#41=STYLED_ITEM('',(#6248),#59);
#42=STYLED_ITEM('',(#6248),#60);
#43=STYLED_ITEM('',(#6248),#61);
#44=STYLED_ITEM('',(#6248),#62);
#45=STYLED_ITEM('',(#6248),#63);
#46=STYLED_ITEM('',(#6248),#64);
#47=STYLED_ITEM('',(#6248),#65);
#48=STYLED_ITEM('',(#6248),#66);
#49=STYLED_ITEM('',(#6248),#67);
#50=STYLED_ITEM('',(#6248),#68);
#51=MANIFOLD_SOLID_BREP('Body1',#3350);
#52=MANIFOLD_SOLID_BREP('Body2',#3351);
#53=MANIFOLD_SOLID_BREP('Body3',#3352);
#54=MANIFOLD_SOLID_BREP('Body4',#3353);
#55=MANIFOLD_SOLID_BREP('Body5',#3354);
#56=MANIFOLD_SOLID_BREP('Body6',#3355);
#57=MANIFOLD_SOLID_BREP('Body4',#3356);
#58=MANIFOLD_SOLID_BREP('Body7',#3357);
#59=MANIFOLD_SOLID_BREP('Body9',#3358);
#60=MANIFOLD_SOLID_BREP('Body8',#3359);
#61=MANIFOLD_SOLID_BREP('Body10',#3360);
#62=MANIFOLD_SOLID_BREP('Body11',#3361);
#63=MANIFOLD_SOLID_BREP('Body1',#3362);
#64=MANIFOLD_SOLID_BREP('Body2',#3363);
#65=MANIFOLD_SOLID_BREP('Body3',#3364);
#66=MANIFOLD_SOLID_BREP('Body4',#3365);
#67=MANIFOLD_SOLID_BREP('Body5',#3366);
#68=MANIFOLD_SOLID_BREP('Body6',#3367);
#69=PLANE('',#3411);
#70=PLANE('',#3415);
#71=PLANE('',#3419);
#72=PLANE('',#3423);
#73=PLANE('',#3427);
#74=PLANE('',#3431);
#75=PLANE('',#3435);
#76=PLANE('',#3439);
#77=PLANE('',#3440);
#78=PLANE('',#3441);
#79=PLANE('',#3442);
#80=PLANE('',#3443);
#81=PLANE('',#3444);
#82=PLANE('',#3445);
#83=PLANE('',#3446);
#84=PLANE('',#3447);
#85=PLANE('',#3448);
#86=PLANE('',#3449);
#87=PLANE('',#3450);
#88=PLANE('',#3451);
#89=PLANE('',#3452);
#90=PLANE('',#3453);
#91=PLANE('',#3454);
#92=PLANE('',#3455);
#93=PLANE('',#3456);
#94=PLANE('',#3457);
#95=PLANE('',#3458);
#96=PLANE('',#3459);
#97=PLANE('',#3460);
#98=PLANE('',#3461);
#99=PLANE('',#3462);
#100=PLANE('',#3463);
#101=PLANE('',#3464);
#102=PLANE('',#3465);
#103=PLANE('',#3466);
#104=PLANE('',#3467);
#105=PLANE('',#3468);
#106=PLANE('',#3469);
#107=PLANE('',#3470);
#108=PLANE('',#3471);
#109=PLANE('',#3472);
#110=PLANE('',#3473);
#111=PLANE('',#3474);
#112=PLANE('',#3475);
#113=PLANE('',#3476);
#114=PLANE('',#3477);
#115=PLANE('',#3481);
#116=PLANE('',#3482);
#117=PLANE('',#3483);
#118=PLANE('',#3484);
#119=PLANE('',#3485);
#120=PLANE('',#3486);
#121=PLANE('',#3492);
#122=PLANE('',#3496);
#123=PLANE('',#3500);
#124=PLANE('',#3504);
#125=PLANE('',#3508);
#126=PLANE('',#3512);
#127=PLANE('',#3516);
#128=PLANE('',#3520);
#129=PLANE('',#3521);
#130=PLANE('',#3522);
#131=PLANE('',#3523);
#132=PLANE('',#3524);
#133=PLANE('',#3525);
#134=PLANE('',#3526);
#135=PLANE('',#3527);
#136=PLANE('',#3528);
#137=PLANE('',#3529);
#138=PLANE('',#3530);
#139=PLANE('',#3531);
#140=PLANE('',#3532);
#141=PLANE('',#3533);
#142=PLANE('',#3534);
#143=PLANE('',#3535);
#144=PLANE('',#3536);
#145=PLANE('',#3537);
#146=PLANE('',#3538);
#147=PLANE('',#3539);
#148=PLANE('',#3540);
#149=PLANE('',#3541);
#150=PLANE('',#3542);
#151=PLANE('',#3543);
#152=PLANE('',#3544);
#153=PLANE('',#3545);
#154=PLANE('',#3546);
#155=PLANE('',#3547);
#156=PLANE('',#3548);
#157=PLANE('',#3549);
#158=PLANE('',#3550);
#159=PLANE('',#3551);
#160=PLANE('',#3552);
#161=PLANE('',#3553);
#162=PLANE('',#3554);
#163=PLANE('',#3555);
#164=PLANE('',#3556);
#165=PLANE('',#3557);
#166=PLANE('',#3558);
#167=PLANE('',#3559);
#168=PLANE('',#3560);
#169=PLANE('',#3561);
#170=PLANE('',#3562);
#171=PLANE('',#3563);
#172=PLANE('',#3570);
#173=PLANE('',#3575);
#174=PLANE('',#3580);
#175=PLANE('',#3585);
#176=PLANE('',#3589);
#177=PLANE('',#3592);
#178=PLANE('',#3595);
#179=PLANE('',#3598);
#180=PLANE('',#3599);
#181=PLANE('',#3600);
#182=PLANE('',#3601);
#183=PLANE('',#3602);
#184=PLANE('',#3603);
#185=PLANE('',#3604);
#186=PLANE('',#3613);
#187=PLANE('',#3617);
#188=PLANE('',#3621);
#189=PLANE('',#3625);
#190=PLANE('',#3629);
#191=PLANE('',#3633);
#192=PLANE('',#3637);
#193=PLANE('',#3641);
#194=PLANE('',#3642);
#195=PLANE('',#3643);
#196=PLANE('',#3644);
#197=PLANE('',#3645);
#198=PLANE('',#3646);
#199=PLANE('',#3647);
#200=PLANE('',#3648);
#201=PLANE('',#3649);
#202=PLANE('',#3650);
#203=PLANE('',#3651);
#204=PLANE('',#3652);
#205=PLANE('',#3653);
#206=PLANE('',#3654);
#207=PLANE('',#3655);
#208=PLANE('',#3656);
#209=PLANE('',#3657);
#210=PLANE('',#3658);
#211=PLANE('',#3659);
#212=PLANE('',#3660);
#213=PLANE('',#3661);
#214=PLANE('',#3662);
#215=PLANE('',#3663);
#216=PLANE('',#3664);
#217=PLANE('',#3665);
#218=PLANE('',#3666);
#219=PLANE('',#3667);
#220=PLANE('',#3668);
#221=PLANE('',#3669);
#222=PLANE('',#3670);
#223=PLANE('',#3671);
#224=PLANE('',#3672);
#225=PLANE('',#3673);
#226=PLANE('',#3674);
#227=PLANE('',#3675);
#228=PLANE('',#3679);
#229=PLANE('',#3680);
#230=PLANE('',#3681);
#231=PLANE('',#3682);
#232=PLANE('',#3683);
#233=PLANE('',#3684);
#234=FACE_BOUND('',#580,.T.);
#235=FACE_BOUND('',#581,.T.);
#236=FACE_BOUND('',#584,.T.);
#237=FACE_BOUND('',#585,.T.);
#238=FACE_BOUND('',#588,.T.);
#239=FACE_BOUND('',#589,.T.);
#240=FACE_BOUND('',#592,.T.);
#241=FACE_BOUND('',#593,.T.);
#242=FACE_BOUND('',#597,.T.);
#243=FACE_BOUND('',#600,.T.);
#244=FACE_BOUND('',#603,.T.);
#245=FACE_BOUND('',#606,.T.);
#246=FACE_BOUND('',#612,.T.);
#247=FACE_BOUND('',#613,.T.);
#248=FACE_BOUND('',#614,.T.);
#249=FACE_BOUND('',#615,.T.);
#250=FACE_BOUND('',#623,.T.);
#251=FACE_BOUND('',#626,.T.);
#252=FACE_BOUND('',#635,.T.);
#253=FACE_BOUND('',#638,.T.);
#254=FACE_BOUND('',#659,.T.);
#255=FACE_BOUND('',#661,.T.);
#256=FACE_BOUND('',#672,.T.);
#257=FACE_BOUND('',#675,.T.);
#258=FACE_BOUND('',#678,.T.);
#259=FACE_BOUND('',#681,.T.);
#260=FACE_BOUND('',#696,.T.);
#261=FACE_BOUND('',#697,.T.);
#262=FACE_BOUND('',#698,.T.);
#263=FACE_BOUND('',#699,.T.);
#264=FACE_BOUND('',#700,.T.);
#265=FACE_BOUND('',#714,.T.);
#266=FACE_BOUND('',#717,.T.);
#267=FACE_BOUND('',#735,.T.);
#268=FACE_BOUND('',#738,.T.);
#269=FACE_BOUND('',#741,.T.);
#270=FACE_BOUND('',#744,.T.);
#271=FACE_BOUND('',#758,.T.);
#272=FACE_BOUND('',#760,.T.);
#273=FACE_BOUND('',#761,.T.);
#274=FACE_BOUND('',#762,.T.);
#275=FACE_BOUND('',#763,.T.);
#276=FACE_BOUND('',#764,.T.);
#277=FACE_BOUND('',#770,.T.);
#278=FACE_BOUND('',#771,.T.);
#279=FACE_BOUND('',#774,.T.);
#280=FACE_BOUND('',#775,.T.);
#281=FACE_BOUND('',#778,.T.);
#282=FACE_BOUND('',#779,.T.);
#283=FACE_BOUND('',#782,.T.);
#284=FACE_BOUND('',#783,.T.);
#285=FACE_BOUND('',#787,.T.);
#286=FACE_BOUND('',#790,.T.);
#287=FACE_BOUND('',#793,.T.);
#288=FACE_BOUND('',#796,.T.);
#289=FACE_BOUND('',#802,.T.);
#290=FACE_BOUND('',#803,.T.);
#291=FACE_BOUND('',#804,.T.);
#292=FACE_BOUND('',#805,.T.);
#293=FACE_BOUND('',#813,.T.);
#294=FACE_BOUND('',#816,.T.);
#295=FACE_BOUND('',#843,.T.);
#296=FACE_BOUND('',#845,.T.);
#297=CIRCLE('',#3409,0.999999999999979);
#298=CIRCLE('',#3410,0.999999999999979);
#299=CIRCLE('',#3413,1.00000000000001);
#300=CIRCLE('',#3414,1.00000000000001);
#301=CIRCLE('',#3417,1.00000000000001);
#302=CIRCLE('',#3418,1.00000000000001);
#303=CIRCLE('',#3421,1.00000000000001);
#304=CIRCLE('',#3422,1.00000000000001);
#305=CIRCLE('',#3425,1.20000000000001);
#306=CIRCLE('',#3426,1.20000000000001);
#307=CIRCLE('',#3429,1.20000000000001);
#308=CIRCLE('',#3430,1.20000000000001);
#309=CIRCLE('',#3433,1.20000000000001);
#310=CIRCLE('',#3434,1.20000000000001);
#311=CIRCLE('',#3437,1.20000000000001);
#312=CIRCLE('',#3438,1.20000000000001);
#313=CIRCLE('',#3479,3.59999999999999);
#314=CIRCLE('',#3480,3.59999999999999);
#315=CIRCLE('',#3490,0.999999999999996);
#316=CIRCLE('',#3491,0.999999999999996);
#317=CIRCLE('',#3494,1.00000000000001);
#318=CIRCLE('',#3495,1.00000000000001);
#319=CIRCLE('',#3498,0.999999999999996);
#320=CIRCLE('',#3499,0.999999999999996);
#321=CIRCLE('',#3502,0.999999999999996);
#322=CIRCLE('',#3503,0.999999999999996);
#323=CIRCLE('',#3506,1.2);
#324=CIRCLE('',#3507,1.2);
#325=CIRCLE('',#3510,1.2);
#326=CIRCLE('',#3511,1.2);
#327=CIRCLE('',#3514,1.19999999999999);
#328=CIRCLE('',#3515,1.19999999999999);
#329=CIRCLE('',#3518,1.19999999999999);
#330=CIRCLE('',#3519,1.19999999999999);
#331=CIRCLE('',#3565,3.59999999999999);
#332=CIRCLE('',#3566,3.59999999999999);
#333=CIRCLE('',#3568,1.1);
#334=CIRCLE('',#3569,1.1);
#335=CIRCLE('',#3571,1.19999999999999);
#336=CIRCLE('',#3573,1.1);
#337=CIRCLE('',#3574,1.1);
#338=CIRCLE('',#3576,1.2);
#339=CIRCLE('',#3578,1.09999999999999);
#340=CIRCLE('',#3579,1.09999999999999);
#341=CIRCLE('',#3581,1.20000000000001);
#342=CIRCLE('',#3583,1.09999999999999);
#343=CIRCLE('',#3584,1.09999999999999);
#344=CIRCLE('',#3586,1.20000000000001);
#345=CIRCLE('',#3588,1.2);
#346=CIRCLE('',#3591,1.19999999999999);
#347=CIRCLE('',#3594,1.20000000000001);
#348=CIRCLE('',#3597,1.20000000000001);
#349=CIRCLE('',#3611,0.999999999999979);
#350=CIRCLE('',#3612,0.999999999999979);
#351=CIRCLE('',#3615,1.00000000000001);
#352=CIRCLE('',#3616,1.00000000000001);
#353=CIRCLE('',#3619,1.00000000000001);
#354=CIRCLE('',#3620,1.00000000000001);
#355=CIRCLE('',#3623,1.00000000000001);
#356=CIRCLE('',#3624,1.00000000000001);
#357=CIRCLE('',#3627,1.20000000000001);
#358=CIRCLE('',#3628,1.20000000000001);
#359=CIRCLE('',#3631,1.20000000000001);
#360=CIRCLE('',#3632,1.20000000000001);
#361=CIRCLE('',#3635,1.20000000000001);
#362=CIRCLE('',#3636,1.20000000000001);
#363=CIRCLE('',#3639,1.20000000000001);
#364=CIRCLE('',#3640,1.20000000000001);
#365=CIRCLE('',#3677,3.59999999999999);
#366=CIRCLE('',#3678,3.59999999999999);
#367=FACE_OUTER_BOUND('',#575,.T.);
#368=FACE_OUTER_BOUND('',#576,.T.);
#369=FACE_OUTER_BOUND('',#577,.T.);
#370=FACE_OUTER_BOUND('',#578,.T.);
#371=FACE_OUTER_BOUND('',#579,.T.);
#372=FACE_OUTER_BOUND('',#582,.T.);
#373=FACE_OUTER_BOUND('',#583,.T.);
#374=FACE_OUTER_BOUND('',#586,.T.);
#375=FACE_OUTER_BOUND('',#587,.T.);
#376=FACE_OUTER_BOUND('',#590,.T.);
#377=FACE_OUTER_BOUND('',#591,.T.);
#378=FACE_OUTER_BOUND('',#594,.T.);
#379=FACE_OUTER_BOUND('',#595,.T.);
#380=FACE_OUTER_BOUND('',#596,.T.);
#381=FACE_OUTER_BOUND('',#598,.T.);
#382=FACE_OUTER_BOUND('',#599,.T.);
#383=FACE_OUTER_BOUND('',#601,.T.);
#384=FACE_OUTER_BOUND('',#602,.T.);
#385=FACE_OUTER_BOUND('',#604,.T.);
#386=FACE_OUTER_BOUND('',#605,.T.);
#387=FACE_OUTER_BOUND('',#607,.T.);
#388=FACE_OUTER_BOUND('',#608,.T.);
#389=FACE_OUTER_BOUND('',#609,.T.);
#390=FACE_OUTER_BOUND('',#610,.T.);
#391=FACE_OUTER_BOUND('',#611,.T.);
#392=FACE_OUTER_BOUND('',#616,.T.);
#393=FACE_OUTER_BOUND('',#617,.T.);
#394=FACE_OUTER_BOUND('',#618,.T.);
#395=FACE_OUTER_BOUND('',#619,.T.);
#396=FACE_OUTER_BOUND('',#620,.T.);
#397=FACE_OUTER_BOUND('',#621,.T.);
#398=FACE_OUTER_BOUND('',#622,.T.);
#399=FACE_OUTER_BOUND('',#624,.T.);
#400=FACE_OUTER_BOUND('',#625,.T.);
#401=FACE_OUTER_BOUND('',#627,.T.);
#402=FACE_OUTER_BOUND('',#628,.T.);
#403=FACE_OUTER_BOUND('',#629,.T.);
#404=FACE_OUTER_BOUND('',#630,.T.);
#405=FACE_OUTER_BOUND('',#631,.T.);
#406=FACE_OUTER_BOUND('',#632,.T.);
#407=FACE_OUTER_BOUND('',#633,.T.);
#408=FACE_OUTER_BOUND('',#634,.T.);
#409=FACE_OUTER_BOUND('',#636,.T.);
#410=FACE_OUTER_BOUND('',#637,.T.);
#411=FACE_OUTER_BOUND('',#639,.T.);
#412=FACE_OUTER_BOUND('',#640,.T.);
#413=FACE_OUTER_BOUND('',#641,.T.);
#414=FACE_OUTER_BOUND('',#642,.T.);
#415=FACE_OUTER_BOUND('',#643,.T.);
#416=FACE_OUTER_BOUND('',#644,.T.);
#417=FACE_OUTER_BOUND('',#645,.T.);
#418=FACE_OUTER_BOUND('',#646,.T.);
#419=FACE_OUTER_BOUND('',#647,.T.);
#420=FACE_OUTER_BOUND('',#648,.T.);
#421=FACE_OUTER_BOUND('',#649,.T.);
#422=FACE_OUTER_BOUND('',#650,.T.);
#423=FACE_OUTER_BOUND('',#651,.T.);
#424=FACE_OUTER_BOUND('',#652,.T.);
#425=FACE_OUTER_BOUND('',#653,.T.);
#426=FACE_OUTER_BOUND('',#654,.T.);
#427=FACE_OUTER_BOUND('',#655,.T.);
#428=FACE_OUTER_BOUND('',#656,.T.);
#429=FACE_OUTER_BOUND('',#657,.T.);
#430=FACE_OUTER_BOUND('',#658,.T.);
#431=FACE_OUTER_BOUND('',#660,.T.);
#432=FACE_OUTER_BOUND('',#662,.T.);
#433=FACE_OUTER_BOUND('',#663,.T.);
#434=FACE_OUTER_BOUND('',#664,.T.);
#435=FACE_OUTER_BOUND('',#665,.T.);
#436=FACE_OUTER_BOUND('',#666,.T.);
#437=FACE_OUTER_BOUND('',#667,.T.);
#438=FACE_OUTER_BOUND('',#668,.T.);
#439=FACE_OUTER_BOUND('',#669,.T.);
#440=FACE_OUTER_BOUND('',#670,.T.);
#441=FACE_OUTER_BOUND('',#671,.T.);
#442=FACE_OUTER_BOUND('',#673,.T.);
#443=FACE_OUTER_BOUND('',#674,.T.);
#444=FACE_OUTER_BOUND('',#676,.T.);
#445=FACE_OUTER_BOUND('',#677,.T.);
#446=FACE_OUTER_BOUND('',#679,.T.);
#447=FACE_OUTER_BOUND('',#680,.T.);
#448=FACE_OUTER_BOUND('',#682,.T.);
#449=FACE_OUTER_BOUND('',#683,.T.);
#450=FACE_OUTER_BOUND('',#684,.T.);
#451=FACE_OUTER_BOUND('',#685,.T.);
#452=FACE_OUTER_BOUND('',#686,.T.);
#453=FACE_OUTER_BOUND('',#687,.T.);
#454=FACE_OUTER_BOUND('',#688,.T.);
#455=FACE_OUTER_BOUND('',#689,.T.);
#456=FACE_OUTER_BOUND('',#690,.T.);
#457=FACE_OUTER_BOUND('',#691,.T.);
#458=FACE_OUTER_BOUND('',#692,.T.);
#459=FACE_OUTER_BOUND('',#693,.T.);
#460=FACE_OUTER_BOUND('',#694,.T.);
#461=FACE_OUTER_BOUND('',#695,.T.);
#462=FACE_OUTER_BOUND('',#701,.T.);
#463=FACE_OUTER_BOUND('',#702,.T.);
#464=FACE_OUTER_BOUND('',#703,.T.);
#465=FACE_OUTER_BOUND('',#704,.T.);
#466=FACE_OUTER_BOUND('',#705,.T.);
#467=FACE_OUTER_BOUND('',#706,.T.);
#468=FACE_OUTER_BOUND('',#707,.T.);
#469=FACE_OUTER_BOUND('',#708,.T.);
#470=FACE_OUTER_BOUND('',#709,.T.);
#471=FACE_OUTER_BOUND('',#710,.T.);
#472=FACE_OUTER_BOUND('',#711,.T.);
#473=FACE_OUTER_BOUND('',#712,.T.);
#474=FACE_OUTER_BOUND('',#713,.T.);
#475=FACE_OUTER_BOUND('',#715,.T.);
#476=FACE_OUTER_BOUND('',#716,.T.);
#477=FACE_OUTER_BOUND('',#718,.T.);
#478=FACE_OUTER_BOUND('',#719,.T.);
#479=FACE_OUTER_BOUND('',#720,.T.);
#480=FACE_OUTER_BOUND('',#721,.T.);
#481=FACE_OUTER_BOUND('',#722,.T.);
#482=FACE_OUTER_BOUND('',#723,.T.);
#483=FACE_OUTER_BOUND('',#724,.T.);
#484=FACE_OUTER_BOUND('',#725,.T.);
#485=FACE_OUTER_BOUND('',#726,.T.);
#486=FACE_OUTER_BOUND('',#727,.T.);
#487=FACE_OUTER_BOUND('',#728,.T.);
#488=FACE_OUTER_BOUND('',#729,.T.);
#489=FACE_OUTER_BOUND('',#730,.T.);
#490=FACE_OUTER_BOUND('',#731,.T.);
#491=FACE_OUTER_BOUND('',#732,.T.);
#492=FACE_OUTER_BOUND('',#733,.T.);
#493=FACE_OUTER_BOUND('',#734,.T.);
#494=FACE_OUTER_BOUND('',#736,.T.);
#495=FACE_OUTER_BOUND('',#737,.T.);
#496=FACE_OUTER_BOUND('',#739,.T.);
#497=FACE_OUTER_BOUND('',#740,.T.);
#498=FACE_OUTER_BOUND('',#742,.T.);
#499=FACE_OUTER_BOUND('',#743,.T.);
#500=FACE_OUTER_BOUND('',#745,.T.);
#501=FACE_OUTER_BOUND('',#746,.T.);
#502=FACE_OUTER_BOUND('',#747,.T.);
#503=FACE_OUTER_BOUND('',#748,.T.);
#504=FACE_OUTER_BOUND('',#749,.T.);
#505=FACE_OUTER_BOUND('',#750,.T.);
#506=FACE_OUTER_BOUND('',#751,.T.);
#507=FACE_OUTER_BOUND('',#752,.T.);
#508=FACE_OUTER_BOUND('',#753,.T.);
#509=FACE_OUTER_BOUND('',#754,.T.);
#510=FACE_OUTER_BOUND('',#755,.T.);
#511=FACE_OUTER_BOUND('',#756,.T.);
#512=FACE_OUTER_BOUND('',#757,.T.);
#513=FACE_OUTER_BOUND('',#759,.T.);
#514=FACE_OUTER_BOUND('',#765,.T.);
#515=FACE_OUTER_BOUND('',#766,.T.);
#516=FACE_OUTER_BOUND('',#767,.T.);
#517=FACE_OUTER_BOUND('',#768,.T.);
#518=FACE_OUTER_BOUND('',#769,.T.);
#519=FACE_OUTER_BOUND('',#772,.T.);
#520=FACE_OUTER_BOUND('',#773,.T.);
#521=FACE_OUTER_BOUND('',#776,.T.);
#522=FACE_OUTER_BOUND('',#777,.T.);
#523=FACE_OUTER_BOUND('',#780,.T.);
#524=FACE_OUTER_BOUND('',#781,.T.);
#525=FACE_OUTER_BOUND('',#784,.T.);
#526=FACE_OUTER_BOUND('',#785,.T.);
#527=FACE_OUTER_BOUND('',#786,.T.);
#528=FACE_OUTER_BOUND('',#788,.T.);
#529=FACE_OUTER_BOUND('',#789,.T.);
#530=FACE_OUTER_BOUND('',#791,.T.);
#531=FACE_OUTER_BOUND('',#792,.T.);
#532=FACE_OUTER_BOUND('',#794,.T.);
#533=FACE_OUTER_BOUND('',#795,.T.);
#534=FACE_OUTER_BOUND('',#797,.T.);
#535=FACE_OUTER_BOUND('',#798,.T.);
#536=FACE_OUTER_BOUND('',#799,.T.);
#537=FACE_OUTER_BOUND('',#800,.T.);
#538=FACE_OUTER_BOUND('',#801,.T.);
#539=FACE_OUTER_BOUND('',#806,.T.);
#540=FACE_OUTER_BOUND('',#807,.T.);
#541=FACE_OUTER_BOUND('',#808,.T.);
#542=FACE_OUTER_BOUND('',#809,.T.);
#543=FACE_OUTER_BOUND('',#810,.T.);
#544=FACE_OUTER_BOUND('',#811,.T.);
#545=FACE_OUTER_BOUND('',#812,.T.);
#546=FACE_OUTER_BOUND('',#814,.T.);
#547=FACE_OUTER_BOUND('',#815,.T.);
#548=FACE_OUTER_BOUND('',#817,.T.);
#549=FACE_OUTER_BOUND('',#818,.T.);
#550=FACE_OUTER_BOUND('',#819,.T.);
#551=FACE_OUTER_BOUND('',#820,.T.);
#552=FACE_OUTER_BOUND('',#821,.T.);
#553=FACE_OUTER_BOUND('',#822,.T.);
#554=FACE_OUTER_BOUND('',#823,.T.);
#555=FACE_OUTER_BOUND('',#824,.T.);
#556=FACE_OUTER_BOUND('',#825,.T.);
#557=FACE_OUTER_BOUND('',#826,.T.);
#558=FACE_OUTER_BOUND('',#827,.T.);
#559=FACE_OUTER_BOUND('',#828,.T.);
#560=FACE_OUTER_BOUND('',#829,.T.);
#561=FACE_OUTER_BOUND('',#830,.T.);
#562=FACE_OUTER_BOUND('',#831,.T.);
#563=FACE_OUTER_BOUND('',#832,.T.);
#564=FACE_OUTER_BOUND('',#833,.T.);
#565=FACE_OUTER_BOUND('',#834,.T.);
#566=FACE_OUTER_BOUND('',#835,.T.);
#567=FACE_OUTER_BOUND('',#836,.T.);
#568=FACE_OUTER_BOUND('',#837,.T.);
#569=FACE_OUTER_BOUND('',#838,.T.);
#570=FACE_OUTER_BOUND('',#839,.T.);
#571=FACE_OUTER_BOUND('',#840,.T.);
#572=FACE_OUTER_BOUND('',#841,.T.);
#573=FACE_OUTER_BOUND('',#842,.T.);
#574=FACE_OUTER_BOUND('',#844,.T.);
#575=EDGE_LOOP('',(#2247,#2248,#2249,#2250));
#576=EDGE_LOOP('',(#2251,#2252,#2253,#2254,#2255,#2256));
#577=EDGE_LOOP('',(#2257,#2258,#2259,#2260));
#578=EDGE_LOOP('',(#2261,#2262,#2263,#2264,#2265,#2266));
#579=EDGE_LOOP('',(#2267,#2268,#2269,#2270));
#580=EDGE_LOOP('',(#2271));
#581=EDGE_LOOP('',(#2272,#2273,#2274));
#582=EDGE_LOOP('',(#2275));
#583=EDGE_LOOP('',(#2276,#2277,#2278,#2279));
#584=EDGE_LOOP('',(#2280));
#585=EDGE_LOOP('',(#2281));
#586=EDGE_LOOP('',(#2282));
#587=EDGE_LOOP('',(#2283,#2284,#2285,#2286));
#588=EDGE_LOOP('',(#2287));
#589=EDGE_LOOP('',(#2288,#2289,#2290));
#590=EDGE_LOOP('',(#2291));
#591=EDGE_LOOP('',(#2292,#2293,#2294,#2295));
#592=EDGE_LOOP('',(#2296));
#593=EDGE_LOOP('',(#2297));
#594=EDGE_LOOP('',(#2298));
#595=EDGE_LOOP('',(#2299,#2300,#2301,#2302));
#596=EDGE_LOOP('',(#2303));
#597=EDGE_LOOP('',(#2304));
#598=EDGE_LOOP('',(#2305,#2306,#2307,#2308));
#599=EDGE_LOOP('',(#2309));
#600=EDGE_LOOP('',(#2310));
#601=EDGE_LOOP('',(#2311,#2312,#2313,#2314));
#602=EDGE_LOOP('',(#2315));
#603=EDGE_LOOP('',(#2316));
#604=EDGE_LOOP('',(#2317,#2318,#2319,#2320));
#605=EDGE_LOOP('',(#2321));
#606=EDGE_LOOP('',(#2322));
#607=EDGE_LOOP('',(#2323,#2324,#2325,#2326));
#608=EDGE_LOOP('',(#2327,#2328,#2329,#2330));
#609=EDGE_LOOP('',(#2331,#2332,#2333,#2334));
#610=EDGE_LOOP('',(#2335,#2336,#2337,#2338));
#611=EDGE_LOOP('',(#2339,#2340,#2341,#2342));
#612=EDGE_LOOP('',(#2343));
#613=EDGE_LOOP('',(#2344));
#614=EDGE_LOOP('',(#2345));
#615=EDGE_LOOP('',(#2346));
#616=EDGE_LOOP('',(#2347,#2348,#2349,#2350));
#617=EDGE_LOOP('',(#2351,#2352,#2353,#2354));
#618=EDGE_LOOP('',(#2355,#2356,#2357,#2358));
#619=EDGE_LOOP('',(#2359,#2360,#2361,#2362));
#620=EDGE_LOOP('',(#2363,#2364,#2365,#2366));
#621=EDGE_LOOP('',(#2367,#2368,#2369,#2370));
#622=EDGE_LOOP('',(#2371,#2372,#2373,#2374));
#623=EDGE_LOOP('',(#2375,#2376,#2377,#2378));
#624=EDGE_LOOP('',(#2379,#2380,#2381,#2382));
#625=EDGE_LOOP('',(#2383,#2384,#2385,#2386));
#626=EDGE_LOOP('',(#2387,#2388,#2389,#2390));
#627=EDGE_LOOP('',(#2391,#2392,#2393,#2394));
#628=EDGE_LOOP('',(#2395,#2396,#2397,#2398));
#629=EDGE_LOOP('',(#2399,#2400,#2401,#2402));
#630=EDGE_LOOP('',(#2403,#2404,#2405,#2406));
#631=EDGE_LOOP('',(#2407,#2408,#2409,#2410));
#632=EDGE_LOOP('',(#2411,#2412,#2413,#2414));
#633=EDGE_LOOP('',(#2415,#2416,#2417,#2418));
#634=EDGE_LOOP('',(#2419,#2420,#2421,#2422));
#635=EDGE_LOOP('',(#2423,#2424,#2425,#2426));
#636=EDGE_LOOP('',(#2427,#2428,#2429,#2430));
#637=EDGE_LOOP('',(#2431,#2432,#2433,#2434));
#638=EDGE_LOOP('',(#2435,#2436,#2437,#2438));
#639=EDGE_LOOP('',(#2439,#2440,#2441,#2442));
#640=EDGE_LOOP('',(#2443,#2444,#2445,#2446));
#641=EDGE_LOOP('',(#2447,#2448,#2449,#2450));
#642=EDGE_LOOP('',(#2451,#2452,#2453,#2454));
#643=EDGE_LOOP('',(#2455,#2456,#2457,#2458));
#644=EDGE_LOOP('',(#2459,#2460,#2461,#2462));
#645=EDGE_LOOP('',(#2463,#2464,#2465,#2466));
#646=EDGE_LOOP('',(#2467,#2468,#2469,#2470));
#647=EDGE_LOOP('',(#2471,#2472,#2473,#2474));
#648=EDGE_LOOP('',(#2475,#2476,#2477,#2478));
#649=EDGE_LOOP('',(#2479,#2480,#2481,#2482));
#650=EDGE_LOOP('',(#2483,#2484,#2485,#2486));
#651=EDGE_LOOP('',(#2487,#2488,#2489,#2490));
#652=EDGE_LOOP('',(#2491,#2492,#2493,#2494));
#653=EDGE_LOOP('',(#2495,#2496,#2497,#2498));
#654=EDGE_LOOP('',(#2499,#2500,#2501,#2502));
#655=EDGE_LOOP('',(#2503,#2504,#2505,#2506));
#656=EDGE_LOOP('',(#2507,#2508,#2509,#2510));
#657=EDGE_LOOP('',(#2511,#2512,#2513,#2514));
#658=EDGE_LOOP('',(#2515,#2516,#2517,#2518));
#659=EDGE_LOOP('',(#2519));
#660=EDGE_LOOP('',(#2520,#2521,#2522,#2523));
#661=EDGE_LOOP('',(#2524));
#662=EDGE_LOOP('',(#2525,#2526,#2527,#2528));
#663=EDGE_LOOP('',(#2529));
#664=EDGE_LOOP('',(#2530,#2531,#2532,#2533));
#665=EDGE_LOOP('',(#2534));
#666=EDGE_LOOP('',(#2535,#2536,#2537,#2538));
#667=EDGE_LOOP('',(#2539));
#668=EDGE_LOOP('',(#2540,#2541,#2542,#2543));
#669=EDGE_LOOP('',(#2544));
#670=EDGE_LOOP('',(#2545,#2546,#2547,#2548));
#671=EDGE_LOOP('',(#2549));
#672=EDGE_LOOP('',(#2550));
#673=EDGE_LOOP('',(#2551,#2552,#2553,#2554));
#674=EDGE_LOOP('',(#2555));
#675=EDGE_LOOP('',(#2556));
#676=EDGE_LOOP('',(#2557,#2558,#2559,#2560));
#677=EDGE_LOOP('',(#2561));
#678=EDGE_LOOP('',(#2562));
#679=EDGE_LOOP('',(#2563,#2564,#2565,#2566));
#680=EDGE_LOOP('',(#2567));
#681=EDGE_LOOP('',(#2568));
#682=EDGE_LOOP('',(#2569,#2570,#2571,#2572));
#683=EDGE_LOOP('',(#2573,#2574,#2575,#2576));
#684=EDGE_LOOP('',(#2577,#2578,#2579,#2580));
#685=EDGE_LOOP('',(#2581,#2582,#2583,#2584));
#686=EDGE_LOOP('',(#2585,#2586,#2587,#2588,#2589));
#687=EDGE_LOOP('',(#2590,#2591,#2592,#2593));
#688=EDGE_LOOP('',(#2594,#2595,#2596,#2597));
#689=EDGE_LOOP('',(#2598,#2599,#2600,#2601));
#690=EDGE_LOOP('',(#2602,#2603,#2604,#2605,#2606,#2607,#2608,#2609,#2610));
#691=EDGE_LOOP('',(#2611,#2612,#2613,#2614));
#692=EDGE_LOOP('',(#2615,#2616,#2617,#2618));
#693=EDGE_LOOP('',(#2619,#2620,#2621,#2622));
#694=EDGE_LOOP('',(#2623,#2624,#2625,#2626));
#695=EDGE_LOOP('',(#2627,#2628,#2629,#2630));
#696=EDGE_LOOP('',(#2631));
#697=EDGE_LOOP('',(#2632));
#698=EDGE_LOOP('',(#2633));
#699=EDGE_LOOP('',(#2634));
#700=EDGE_LOOP('',(#2635,#2636,#2637,#2638,#2639,#2640,#2641,#2642));
#701=EDGE_LOOP('',(#2643,#2644,#2645,#2646));
#702=EDGE_LOOP('',(#2647,#2648,#2649,#2650));
#703=EDGE_LOOP('',(#2651,#2652,#2653,#2654));
#704=EDGE_LOOP('',(#2655,#2656,#2657,#2658));
#705=EDGE_LOOP('',(#2659,#2660,#2661,#2662));
#706=EDGE_LOOP('',(#2663,#2664,#2665,#2666));
#707=EDGE_LOOP('',(#2667,#2668,#2669,#2670));
#708=EDGE_LOOP('',(#2671,#2672,#2673,#2674));
#709=EDGE_LOOP('',(#2675,#2676,#2677,#2678));
#710=EDGE_LOOP('',(#2679,#2680,#2681,#2682));
#711=EDGE_LOOP('',(#2683,#2684,#2685,#2686));
#712=EDGE_LOOP('',(#2687,#2688,#2689,#2690));
#713=EDGE_LOOP('',(#2691,#2692,#2693,#2694));
#714=EDGE_LOOP('',(#2695,#2696,#2697,#2698));
#715=EDGE_LOOP('',(#2699,#2700,#2701,#2702));
#716=EDGE_LOOP('',(#2703,#2704,#2705,#2706));
#717=EDGE_LOOP('',(#2707,#2708,#2709,#2710));
#718=EDGE_LOOP('',(#2711,#2712,#2713,#2714));
#719=EDGE_LOOP('',(#2715,#2716,#2717,#2718));
#720=EDGE_LOOP('',(#2719,#2720,#2721,#2722));
#721=EDGE_LOOP('',(#2723,#2724,#2725,#2726));
#722=EDGE_LOOP('',(#2727,#2728,#2729,#2730));
#723=EDGE_LOOP('',(#2731,#2732,#2733,#2734));
#724=EDGE_LOOP('',(#2735,#2736,#2737,#2738));
#725=EDGE_LOOP('',(#2739,#2740,#2741,#2742));
#726=EDGE_LOOP('',(#2743,#2744,#2745,#2746));
#727=EDGE_LOOP('',(#2747,#2748,#2749,#2750));
#728=EDGE_LOOP('',(#2751,#2752,#2753,#2754));
#729=EDGE_LOOP('',(#2755,#2756,#2757,#2758));
#730=EDGE_LOOP('',(#2759,#2760,#2761,#2762));
#731=EDGE_LOOP('',(#2763,#2764,#2765,#2766));
#732=EDGE_LOOP('',(#2767,#2768,#2769,#2770));
#733=EDGE_LOOP('',(#2771,#2772,#2773,#2774));
#734=EDGE_LOOP('',(#2775));
#735=EDGE_LOOP('',(#2776));
#736=EDGE_LOOP('',(#2777,#2778,#2779,#2780));
#737=EDGE_LOOP('',(#2781));
#738=EDGE_LOOP('',(#2782));
#739=EDGE_LOOP('',(#2783,#2784,#2785,#2786));
#740=EDGE_LOOP('',(#2787));
#741=EDGE_LOOP('',(#2788));
#742=EDGE_LOOP('',(#2789,#2790,#2791,#2792));
#743=EDGE_LOOP('',(#2793));
#744=EDGE_LOOP('',(#2794));
#745=EDGE_LOOP('',(#2795,#2796,#2797,#2798));
#746=EDGE_LOOP('',(#2799));
#747=EDGE_LOOP('',(#2800,#2801,#2802,#2803));
#748=EDGE_LOOP('',(#2804));
#749=EDGE_LOOP('',(#2805,#2806,#2807,#2808));
#750=EDGE_LOOP('',(#2809));
#751=EDGE_LOOP('',(#2810,#2811,#2812,#2813));
#752=EDGE_LOOP('',(#2814));
#753=EDGE_LOOP('',(#2815,#2816,#2817,#2818));
#754=EDGE_LOOP('',(#2819,#2820,#2821,#2822));
#755=EDGE_LOOP('',(#2823,#2824,#2825,#2826));
#756=EDGE_LOOP('',(#2827,#2828,#2829,#2830));
#757=EDGE_LOOP('',(#2831,#2832,#2833,#2834));
#758=EDGE_LOOP('',(#2835));
#759=EDGE_LOOP('',(#2836,#2837,#2838,#2839));
#760=EDGE_LOOP('',(#2840));
#761=EDGE_LOOP('',(#2841));
#762=EDGE_LOOP('',(#2842));
#763=EDGE_LOOP('',(#2843));
#764=EDGE_LOOP('',(#2844));
#765=EDGE_LOOP('',(#2845,#2846,#2847,#2848));
#766=EDGE_LOOP('',(#2849,#2850,#2851,#2852,#2853,#2854));
#767=EDGE_LOOP('',(#2855,#2856,#2857,#2858));
#768=EDGE_LOOP('',(#2859,#2860,#2861,#2862,#2863,#2864));
#769=EDGE_LOOP('',(#2865,#2866,#2867,#2868));
#770=EDGE_LOOP('',(#2869));
#771=EDGE_LOOP('',(#2870,#2871,#2872));
#772=EDGE_LOOP('',(#2873));
#773=EDGE_LOOP('',(#2874,#2875,#2876,#2877));
#774=EDGE_LOOP('',(#2878));
#775=EDGE_LOOP('',(#2879));
#776=EDGE_LOOP('',(#2880));
#777=EDGE_LOOP('',(#2881,#2882,#2883,#2884));
#778=EDGE_LOOP('',(#2885));
#779=EDGE_LOOP('',(#2886,#2887,#2888));
#780=EDGE_LOOP('',(#2889));
#781=EDGE_LOOP('',(#2890,#2891,#2892,#2893));
#782=EDGE_LOOP('',(#2894));
#783=EDGE_LOOP('',(#2895));
#784=EDGE_LOOP('',(#2896));
#785=EDGE_LOOP('',(#2897,#2898,#2899,#2900));
#786=EDGE_LOOP('',(#2901));
#787=EDGE_LOOP('',(#2902));
#788=EDGE_LOOP('',(#2903,#2904,#2905,#2906));
#789=EDGE_LOOP('',(#2907));
#790=EDGE_LOOP('',(#2908));
#791=EDGE_LOOP('',(#2909,#2910,#2911,#2912));
#792=EDGE_LOOP('',(#2913));
#793=EDGE_LOOP('',(#2914));
#794=EDGE_LOOP('',(#2915,#2916,#2917,#2918));
#795=EDGE_LOOP('',(#2919));
#796=EDGE_LOOP('',(#2920));
#797=EDGE_LOOP('',(#2921,#2922,#2923,#2924));
#798=EDGE_LOOP('',(#2925,#2926,#2927,#2928));
#799=EDGE_LOOP('',(#2929,#2930,#2931,#2932));
#800=EDGE_LOOP('',(#2933,#2934,#2935,#2936));
#801=EDGE_LOOP('',(#2937,#2938,#2939,#2940));
#802=EDGE_LOOP('',(#2941));
#803=EDGE_LOOP('',(#2942));
#804=EDGE_LOOP('',(#2943));
#805=EDGE_LOOP('',(#2944));
#806=EDGE_LOOP('',(#2945,#2946,#2947,#2948));
#807=EDGE_LOOP('',(#2949,#2950,#2951,#2952));
#808=EDGE_LOOP('',(#2953,#2954,#2955,#2956));
#809=EDGE_LOOP('',(#2957,#2958,#2959,#2960));
#810=EDGE_LOOP('',(#2961,#2962,#2963,#2964));
#811=EDGE_LOOP('',(#2965,#2966,#2967,#2968));
#812=EDGE_LOOP('',(#2969,#2970,#2971,#2972));
#813=EDGE_LOOP('',(#2973,#2974,#2975,#2976));
#814=EDGE_LOOP('',(#2977,#2978,#2979,#2980));
#815=EDGE_LOOP('',(#2981,#2982,#2983,#2984));
#816=EDGE_LOOP('',(#2985,#2986,#2987,#2988));
#817=EDGE_LOOP('',(#2989,#2990,#2991,#2992));
#818=EDGE_LOOP('',(#2993,#2994,#2995,#2996));
#819=EDGE_LOOP('',(#2997,#2998,#2999,#3000));
#820=EDGE_LOOP('',(#3001,#3002,#3003,#3004));
#821=EDGE_LOOP('',(#3005,#3006,#3007,#3008));
#822=EDGE_LOOP('',(#3009,#3010,#3011,#3012));
#823=EDGE_LOOP('',(#3013,#3014,#3015,#3016));
#824=EDGE_LOOP('',(#3017,#3018,#3019,#3020));
#825=EDGE_LOOP('',(#3021,#3022,#3023,#3024));
#826=EDGE_LOOP('',(#3025,#3026,#3027,#3028));
#827=EDGE_LOOP('',(#3029,#3030,#3031,#3032));
#828=EDGE_LOOP('',(#3033,#3034,#3035,#3036));
#829=EDGE_LOOP('',(#3037,#3038,#3039,#3040));
#830=EDGE_LOOP('',(#3041,#3042,#3043,#3044));
#831=EDGE_LOOP('',(#3045,#3046,#3047,#3048));
#832=EDGE_LOOP('',(#3049,#3050,#3051,#3052));
#833=EDGE_LOOP('',(#3053,#3054,#3055,#3056));
#834=EDGE_LOOP('',(#3057,#3058,#3059,#3060));
#835=EDGE_LOOP('',(#3061,#3062,#3063,#3064));
#836=EDGE_LOOP('',(#3065,#3066,#3067,#3068));
#837=EDGE_LOOP('',(#3069,#3070,#3071,#3072));
#838=EDGE_LOOP('',(#3073,#3074,#3075,#3076));
#839=EDGE_LOOP('',(#3077,#3078,#3079,#3080));
#840=EDGE_LOOP('',(#3081,#3082,#3083,#3084));
#841=EDGE_LOOP('',(#3085,#3086,#3087,#3088));
#842=EDGE_LOOP('',(#3089,#3090,#3091,#3092));
#843=EDGE_LOOP('',(#3093));
#844=EDGE_LOOP('',(#3094,#3095,#3096,#3097));
#845=EDGE_LOOP('',(#3098));
#846=LINE('',#4642,#1178);
#847=LINE('',#4724,#1179);
#848=LINE('',#4824,#1180);
#849=LINE('',#4906,#1181);
#850=LINE('',#4965,#1182);
#851=LINE('',#4972,#1183);
#852=LINE('',#4979,#1184);
#853=LINE('',#4986,#1185);
#854=LINE('',#4993,#1186);
#855=LINE('',#5000,#1187);
#856=LINE('',#5007,#1188);
#857=LINE('',#5014,#1189);
#858=LINE('',#5020,#1190);
#859=LINE('',#5022,#1191);
#860=LINE('',#5024,#1192);
#861=LINE('',#5025,#1193);
#862=LINE('',#5028,#1194);
#863=LINE('',#5030,#1195);
#864=LINE('',#5031,#1196);
#865=LINE('',#5034,#1197);
#866=LINE('',#5036,#1198);
#867=LINE('',#5037,#1199);
#868=LINE('',#5039,#1200);
#869=LINE('',#5040,#1201);
#870=LINE('',#5046,#1202);
#871=LINE('',#5048,#1203);
#872=LINE('',#5050,#1204);
#873=LINE('',#5051,#1205);
#874=LINE('',#5054,#1206);
#875=LINE('',#5056,#1207);
#876=LINE('',#5057,#1208);
#877=LINE('',#5060,#1209);
#878=LINE('',#5062,#1210);
#879=LINE('',#5063,#1211);
#880=LINE('',#5065,#1212);
#881=LINE('',#5066,#1213);
#882=LINE('',#5070,#1214);
#883=LINE('',#5072,#1215);
#884=LINE('',#5074,#1216);
#885=LINE('',#5075,#1217);
#886=LINE('',#5078,#1218);
#887=LINE('',#5080,#1219);
#888=LINE('',#5081,#1220);
#889=LINE('',#5084,#1221);
#890=LINE('',#5086,#1222);
#891=LINE('',#5087,#1223);
#892=LINE('',#5089,#1224);
#893=LINE('',#5090,#1225);
#894=LINE('',#5096,#1226);
#895=LINE('',#5098,#1227);
#896=LINE('',#5100,#1228);
#897=LINE('',#5101,#1229);
#898=LINE('',#5104,#1230);
#899=LINE('',#5106,#1231);
#900=LINE('',#5107,#1232);
#901=LINE('',#5110,#1233);
#902=LINE('',#5112,#1234);
#903=LINE('',#5113,#1235);
#904=LINE('',#5115,#1236);
#905=LINE('',#5116,#1237);
#906=LINE('',#5120,#1238);
#907=LINE('',#5122,#1239);
#908=LINE('',#5124,#1240);
#909=LINE('',#5125,#1241);
#910=LINE('',#5128,#1242);
#911=LINE('',#5130,#1243);
#912=LINE('',#5131,#1244);
#913=LINE('',#5134,#1245);
#914=LINE('',#5136,#1246);
#915=LINE('',#5137,#1247);
#916=LINE('',#5139,#1248);
#917=LINE('',#5140,#1249);
#918=LINE('',#5146,#1250);
#919=LINE('',#5148,#1251);
#920=LINE('',#5150,#1252);
#921=LINE('',#5151,#1253);
#922=LINE('',#5154,#1254);
#923=LINE('',#5156,#1255);
#924=LINE('',#5157,#1256);
#925=LINE('',#5160,#1257);
#926=LINE('',#5162,#1258);
#927=LINE('',#5163,#1259);
#928=LINE('',#5165,#1260);
#929=LINE('',#5166,#1261);
#930=LINE('',#5172,#1262);
#931=LINE('',#5174,#1263);
#932=LINE('',#5176,#1264);
#933=LINE('',#5177,#1265);
#934=LINE('',#5180,#1266);
#935=LINE('',#5182,#1267);
#936=LINE('',#5183,#1268);
#937=LINE('',#5186,#1269);
#938=LINE('',#5188,#1270);
#939=LINE('',#5189,#1271);
#940=LINE('',#5191,#1272);
#941=LINE('',#5192,#1273);
#942=LINE('',#5199,#1274);
#943=LINE('',#5204,#1275);
#944=LINE('',#5206,#1276);
#945=LINE('',#5208,#1277);
#946=LINE('',#5209,#1278);
#947=LINE('',#5212,#1279);
#948=LINE('',#5214,#1280);
#949=LINE('',#5215,#1281);
#950=LINE('',#5218,#1282);
#951=LINE('',#5220,#1283);
#952=LINE('',#5221,#1284);
#953=LINE('',#5223,#1285);
#954=LINE('',#5224,#1286);
#955=LINE('',#5233,#1287);
#956=LINE('',#5240,#1288);
#957=LINE('',#5247,#1289);
#958=LINE('',#5254,#1290);
#959=LINE('',#5261,#1291);
#960=LINE('',#5268,#1292);
#961=LINE('',#5275,#1293);
#962=LINE('',#5282,#1294);
#963=LINE('',#5288,#1295);
#964=LINE('',#5290,#1296);
#965=LINE('',#5292,#1297);
#966=LINE('',#5293,#1298);
#967=LINE('',#5296,#1299);
#968=LINE('',#5298,#1300);
#969=LINE('',#5299,#1301);
#970=LINE('',#5302,#1302);
#971=LINE('',#5304,#1303);
#972=LINE('',#5305,#1304);
#973=LINE('',#5308,#1305);
#974=LINE('',#5310,#1306);
#975=LINE('',#5311,#1307);
#976=LINE('',#5314,#1308);
#977=LINE('',#5316,#1309);
#978=LINE('',#5318,#1310);
#979=LINE('',#5319,#1311);
#980=LINE('',#5322,#1312);
#981=LINE('',#5324,#1313);
#982=LINE('',#5325,#1314);
#983=LINE('',#5328,#1315);
#984=LINE('',#5330,#1316);
#985=LINE('',#5331,#1317);
#986=LINE('',#5333,#1318);
#987=LINE('',#5334,#1319);
#988=LINE('',#5339,#1320);
#989=LINE('',#5341,#1321);
#990=LINE('',#5343,#1322);
#991=LINE('',#5344,#1323);
#992=LINE('',#5347,#1324);
#993=LINE('',#5349,#1325);
#994=LINE('',#5350,#1326);
#995=LINE('',#5353,#1327);
#996=LINE('',#5355,#1328);
#997=LINE('',#5356,#1329);
#998=LINE('',#5358,#1330);
#999=LINE('',#5359,#1331);
#1000=LINE('',#5365,#1332);
#1001=LINE('',#5367,#1333);
#1002=LINE('',#5369,#1334);
#1003=LINE('',#5370,#1335);
#1004=LINE('',#5373,#1336);
#1005=LINE('',#5375,#1337);
#1006=LINE('',#5376,#1338);
#1007=LINE('',#5379,#1339);
#1008=LINE('',#5381,#1340);
#1009=LINE('',#5382,#1341);
#1010=LINE('',#5384,#1342);
#1011=LINE('',#5385,#1343);
#1012=LINE('',#5391,#1344);
#1013=LINE('',#5393,#1345);
#1014=LINE('',#5395,#1346);
#1015=LINE('',#5396,#1347);
#1016=LINE('',#5399,#1348);
#1017=LINE('',#5401,#1349);
#1018=LINE('',#5402,#1350);
#1019=LINE('',#5405,#1351);
#1020=LINE('',#5407,#1352);
#1021=LINE('',#5408,#1353);
#1022=LINE('',#5410,#1354);
#1023=LINE('',#5411,#1355);
#1024=LINE('',#5415,#1356);
#1025=LINE('',#5417,#1357);
#1026=LINE('',#5419,#1358);
#1027=LINE('',#5420,#1359);
#1028=LINE('',#5423,#1360);
#1029=LINE('',#5425,#1361);
#1030=LINE('',#5426,#1362);
#1031=LINE('',#5429,#1363);
#1032=LINE('',#5431,#1364);
#1033=LINE('',#5432,#1365);
#1034=LINE('',#5434,#1366);
#1035=LINE('',#5435,#1367);
#1036=LINE('',#5441,#1368);
#1037=LINE('',#5443,#1369);
#1038=LINE('',#5445,#1370);
#1039=LINE('',#5446,#1371);
#1040=LINE('',#5449,#1372);
#1041=LINE('',#5451,#1373);
#1042=LINE('',#5452,#1374);
#1043=LINE('',#5455,#1375);
#1044=LINE('',#5457,#1376);
#1045=LINE('',#5458,#1377);
#1046=LINE('',#5460,#1378);
#1047=LINE('',#5461,#1379);
#1048=LINE('',#5467,#1380);
#1049=LINE('',#5469,#1381);
#1050=LINE('',#5471,#1382);
#1051=LINE('',#5472,#1383);
#1052=LINE('',#5475,#1384);
#1053=LINE('',#5477,#1385);
#1054=LINE('',#5478,#1386);
#1055=LINE('',#5481,#1387);
#1056=LINE('',#5483,#1388);
#1057=LINE('',#5484,#1389);
#1058=LINE('',#5486,#1390);
#1059=LINE('',#5487,#1391);
#1060=LINE('',#5494,#1392);
#1061=LINE('',#5500,#1393);
#1062=LINE('',#5509,#1394);
#1063=LINE('',#5518,#1395);
#1064=LINE('',#5527,#1396);
#1065=LINE('',#5534,#1397);
#1066=LINE('',#5539,#1398);
#1067=LINE('',#5544,#1399);
#1068=LINE('',#5549,#1400);
#1069=LINE('',#5555,#1401);
#1070=LINE('',#5557,#1402);
#1071=LINE('',#5559,#1403);
#1072=LINE('',#5560,#1404);
#1073=LINE('',#5563,#1405);
#1074=LINE('',#5565,#1406);
#1075=LINE('',#5566,#1407);
#1076=LINE('',#5569,#1408);
#1077=LINE('',#5571,#1409);
#1078=LINE('',#5572,#1410);
#1079=LINE('',#5574,#1411);
#1080=LINE('',#5575,#1412);
#1081=LINE('',#5624,#1413);
#1082=LINE('',#5706,#1414);
#1083=LINE('',#5806,#1415);
#1084=LINE('',#5888,#1416);
#1085=LINE('',#5947,#1417);
#1086=LINE('',#5954,#1418);
#1087=LINE('',#5961,#1419);
#1088=LINE('',#5968,#1420);
#1089=LINE('',#5975,#1421);
#1090=LINE('',#5982,#1422);
#1091=LINE('',#5989,#1423);
#1092=LINE('',#5996,#1424);
#1093=LINE('',#6002,#1425);
#1094=LINE('',#6004,#1426);
#1095=LINE('',#6006,#1427);
#1096=LINE('',#6007,#1428);
#1097=LINE('',#6010,#1429);
#1098=LINE('',#6012,#1430);
#1099=LINE('',#6013,#1431);
#1100=LINE('',#6016,#1432);
#1101=LINE('',#6018,#1433);
#1102=LINE('',#6019,#1434);
#1103=LINE('',#6021,#1435);
#1104=LINE('',#6022,#1436);
#1105=LINE('',#6028,#1437);
#1106=LINE('',#6030,#1438);
#1107=LINE('',#6032,#1439);
#1108=LINE('',#6033,#1440);
#1109=LINE('',#6036,#1441);
#1110=LINE('',#6038,#1442);
#1111=LINE('',#6039,#1443);
#1112=LINE('',#6042,#1444);
#1113=LINE('',#6044,#1445);
#1114=LINE('',#6045,#1446);
#1115=LINE('',#6047,#1447);
#1116=LINE('',#6048,#1448);
#1117=LINE('',#6052,#1449);
#1118=LINE('',#6054,#1450);
#1119=LINE('',#6056,#1451);
#1120=LINE('',#6057,#1452);
#1121=LINE('',#6060,#1453);
#1122=LINE('',#6062,#1454);
#1123=LINE('',#6063,#1455);
#1124=LINE('',#6066,#1456);
#1125=LINE('',#6068,#1457);
#1126=LINE('',#6069,#1458);
#1127=LINE('',#6071,#1459);
#1128=LINE('',#6072,#1460);
#1129=LINE('',#6078,#1461);
#1130=LINE('',#6080,#1462);
#1131=LINE('',#6082,#1463);
#1132=LINE('',#6083,#1464);
#1133=LINE('',#6086,#1465);
#1134=LINE('',#6088,#1466);
#1135=LINE('',#6089,#1467);
#1136=LINE('',#6092,#1468);
#1137=LINE('',#6094,#1469);
#1138=LINE('',#6095,#1470);
#1139=LINE('',#6097,#1471);
#1140=LINE('',#6098,#1472);
#1141=LINE('',#6104,#1473);
#1142=LINE('',#6106,#1474);
#1143=LINE('',#6108,#1475);
#1144=LINE('',#6109,#1476);
#1145=LINE('',#6112,#1477);
#1146=LINE('',#6114,#1478);
#1147=LINE('',#6115,#1479);
#1148=LINE('',#6118,#1480);
#1149=LINE('',#6120,#1481);
#1150=LINE('',#6121,#1482);
#1151=LINE('',#6123,#1483);
#1152=LINE('',#6124,#1484);
#1153=LINE('',#6130,#1485);
#1154=LINE('',#6132,#1486);
#1155=LINE('',#6134,#1487);
#1156=LINE('',#6135,#1488);
#1157=LINE('',#6138,#1489);
#1158=LINE('',#6140,#1490);
#1159=LINE('',#6141,#1491);
#1160=LINE('',#6144,#1492);
#1161=LINE('',#6146,#1493);
#1162=LINE('',#6147,#1494);
#1163=LINE('',#6149,#1495);
#1164=LINE('',#6150,#1496);
#1165=LINE('',#6157,#1497);
#1166=LINE('',#6162,#1498);
#1167=LINE('',#6164,#1499);
#1168=LINE('',#6166,#1500);
#1169=LINE('',#6167,#1501);
#1170=LINE('',#6170,#1502);
#1171=LINE('',#6172,#1503);
#1172=LINE('',#6173,#1504);
#1173=LINE('',#6176,#1505);
#1174=LINE('',#6178,#1506);
#1175=LINE('',#6179,#1507);
#1176=LINE('',#6181,#1508);
#1177=LINE('',#6182,#1509);
#1178=VECTOR('',#3695,0.75);
#1179=VECTOR('',#3698,0.75);
#1180=VECTOR('',#3701,0.75);
#1181=VECTOR('',#3704,0.75);
#1182=VECTOR('',#3709,0.999999999999979);
#1183=VECTOR('',#3718,1.00000000000001);
#1184=VECTOR('',#3727,1.00000000000001);
#1185=VECTOR('',#3736,1.00000000000001);
#1186=VECTOR('',#3745,1.20000000000001);
#1187=VECTOR('',#3754,1.20000000000001);
#1188=VECTOR('',#3763,1.20000000000001);
#1189=VECTOR('',#3772,1.20000000000001);
#1190=VECTOR('',#3779,10.);
#1191=VECTOR('',#3780,10.);
#1192=VECTOR('',#3781,10.);
#1193=VECTOR('',#3782,10.);
#1194=VECTOR('',#3785,10.);
#1195=VECTOR('',#3786,10.);
#1196=VECTOR('',#3787,10.);
#1197=VECTOR('',#3790,10.);
#1198=VECTOR('',#3791,10.);
#1199=VECTOR('',#3792,10.);
#1200=VECTOR('',#3795,10.);
#1201=VECTOR('',#3796,10.);
#1202=VECTOR('',#3803,10.);
#1203=VECTOR('',#3804,10.);
#1204=VECTOR('',#3805,10.);
#1205=VECTOR('',#3806,10.);
#1206=VECTOR('',#3809,10.);
#1207=VECTOR('',#3810,10.);
#1208=VECTOR('',#3811,10.);
#1209=VECTOR('',#3814,10.);
#1210=VECTOR('',#3815,10.);
#1211=VECTOR('',#3816,10.);
#1212=VECTOR('',#3819,10.);
#1213=VECTOR('',#3820,10.);
#1214=VECTOR('',#3823,10.);
#1215=VECTOR('',#3824,10.);
#1216=VECTOR('',#3825,10.);
#1217=VECTOR('',#3826,10.);
#1218=VECTOR('',#3829,10.);
#1219=VECTOR('',#3830,10.);
#1220=VECTOR('',#3831,10.);
#1221=VECTOR('',#3834,10.);
#1222=VECTOR('',#3835,10.);
#1223=VECTOR('',#3836,10.);
#1224=VECTOR('',#3839,10.);
#1225=VECTOR('',#3840,10.);
#1226=VECTOR('',#3847,10.);
#1227=VECTOR('',#3848,10.);
#1228=VECTOR('',#3849,10.);
#1229=VECTOR('',#3850,10.);
#1230=VECTOR('',#3853,10.);
#1231=VECTOR('',#3854,10.);
#1232=VECTOR('',#3855,10.);
#1233=VECTOR('',#3858,10.);
#1234=VECTOR('',#3859,10.);
#1235=VECTOR('',#3860,10.);
#1236=VECTOR('',#3863,10.);
#1237=VECTOR('',#3864,10.);
#1238=VECTOR('',#3867,10.);
#1239=VECTOR('',#3868,10.);
#1240=VECTOR('',#3869,10.);
#1241=VECTOR('',#3870,10.);
#1242=VECTOR('',#3873,10.);
#1243=VECTOR('',#3874,10.);
#1244=VECTOR('',#3875,10.);
#1245=VECTOR('',#3878,10.);
#1246=VECTOR('',#3879,10.);
#1247=VECTOR('',#3880,10.);
#1248=VECTOR('',#3883,10.);
#1249=VECTOR('',#3884,10.);
#1250=VECTOR('',#3891,10.);
#1251=VECTOR('',#3892,10.);
#1252=VECTOR('',#3893,10.);
#1253=VECTOR('',#3894,10.);
#1254=VECTOR('',#3897,10.);
#1255=VECTOR('',#3898,10.);
#1256=VECTOR('',#3899,10.);
#1257=VECTOR('',#3902,10.);
#1258=VECTOR('',#3903,10.);
#1259=VECTOR('',#3904,10.);
#1260=VECTOR('',#3907,10.);
#1261=VECTOR('',#3908,10.);
#1262=VECTOR('',#3915,10.);
#1263=VECTOR('',#3916,10.);
#1264=VECTOR('',#3917,10.);
#1265=VECTOR('',#3918,10.);
#1266=VECTOR('',#3921,10.);
#1267=VECTOR('',#3922,10.);
#1268=VECTOR('',#3923,10.);
#1269=VECTOR('',#3926,10.);
#1270=VECTOR('',#3927,10.);
#1271=VECTOR('',#3928,10.);
#1272=VECTOR('',#3931,10.);
#1273=VECTOR('',#3932,10.);
#1274=VECTOR('',#3941,3.59999999999999);
#1275=VECTOR('',#3946,10.);
#1276=VECTOR('',#3947,10.);
#1277=VECTOR('',#3948,10.);
#1278=VECTOR('',#3949,10.);
#1279=VECTOR('',#3952,10.);
#1280=VECTOR('',#3953,10.);
#1281=VECTOR('',#3954,10.);
#1282=VECTOR('',#3957,10.);
#1283=VECTOR('',#3958,10.);
#1284=VECTOR('',#3959,10.);
#1285=VECTOR('',#3962,10.);
#1286=VECTOR('',#3963,10.);
#1287=VECTOR('',#3976,0.999999999999996);
#1288=VECTOR('',#3985,1.00000000000001);
#1289=VECTOR('',#3994,0.999999999999996);
#1290=VECTOR('',#4003,0.999999999999996);
#1291=VECTOR('',#4012,1.2);
#1292=VECTOR('',#4021,1.2);
#1293=VECTOR('',#4030,1.19999999999999);
#1294=VECTOR('',#4039,1.19999999999999);
#1295=VECTOR('',#4046,10.);
#1296=VECTOR('',#4047,10.);
#1297=VECTOR('',#4048,10.);
#1298=VECTOR('',#4049,10.);
#1299=VECTOR('',#4052,10.);
#1300=VECTOR('',#4053,10.);
#1301=VECTOR('',#4054,10.);
#1302=VECTOR('',#4057,10.);
#1303=VECTOR('',#4058,10.);
#1304=VECTOR('',#4059,10.);
#1305=VECTOR('',#4062,10.);
#1306=VECTOR('',#4063,10.);
#1307=VECTOR('',#4064,10.);
#1308=VECTOR('',#4067,10.);
#1309=VECTOR('',#4068,10.);
#1310=VECTOR('',#4069,10.);
#1311=VECTOR('',#4070,10.);
#1312=VECTOR('',#4073,10.);
#1313=VECTOR('',#4074,10.);
#1314=VECTOR('',#4075,10.);
#1315=VECTOR('',#4078,10.);
#1316=VECTOR('',#4079,10.);
#1317=VECTOR('',#4080,10.);
#1318=VECTOR('',#4083,10.);
#1319=VECTOR('',#4084,10.);
#1320=VECTOR('',#4089,10.);
#1321=VECTOR('',#4090,10.);
#1322=VECTOR('',#4091,10.);
#1323=VECTOR('',#4092,10.);
#1324=VECTOR('',#4095,10.);
#1325=VECTOR('',#4096,10.);
#1326=VECTOR('',#4097,10.);
#1327=VECTOR('',#4100,10.);
#1328=VECTOR('',#4101,10.);
#1329=VECTOR('',#4102,10.);
#1330=VECTOR('',#4105,10.);
#1331=VECTOR('',#4106,10.);
#1332=VECTOR('',#4113,10.);
#1333=VECTOR('',#4114,10.);
#1334=VECTOR('',#4115,10.);
#1335=VECTOR('',#4116,10.);
#1336=VECTOR('',#4119,10.);
#1337=VECTOR('',#4120,10.);
#1338=VECTOR('',#4121,10.);
#1339=VECTOR('',#4124,10.);
#1340=VECTOR('',#4125,10.);
#1341=VECTOR('',#4126,10.);
#1342=VECTOR('',#4129,10.);
#1343=VECTOR('',#4130,10.);
#1344=VECTOR('',#4137,10.);
#1345=VECTOR('',#4138,10.);
#1346=VECTOR('',#4139,10.);
#1347=VECTOR('',#4140,10.);
#1348=VECTOR('',#4143,10.);
#1349=VECTOR('',#4144,10.);
#1350=VECTOR('',#4145,10.);
#1351=VECTOR('',#4148,10.);
#1352=VECTOR('',#4149,10.);
#1353=VECTOR('',#4150,10.);
#1354=VECTOR('',#4153,10.);
#1355=VECTOR('',#4154,10.);
#1356=VECTOR('',#4157,10.);
#1357=VECTOR('',#4158,10.);
#1358=VECTOR('',#4159,10.);
#1359=VECTOR('',#4160,10.);
#1360=VECTOR('',#4163,10.);
#1361=VECTOR('',#4164,10.);
#1362=VECTOR('',#4165,10.);
#1363=VECTOR('',#4168,10.);
#1364=VECTOR('',#4169,10.);
#1365=VECTOR('',#4170,10.);
#1366=VECTOR('',#4173,10.);
#1367=VECTOR('',#4174,10.);
#1368=VECTOR('',#4181,10.);
#1369=VECTOR('',#4182,10.);
#1370=VECTOR('',#4183,10.);
#1371=VECTOR('',#4184,10.);
#1372=VECTOR('',#4187,10.);
#1373=VECTOR('',#4188,10.);
#1374=VECTOR('',#4189,10.);
#1375=VECTOR('',#4192,10.);
#1376=VECTOR('',#4193,10.);
#1377=VECTOR('',#4194,10.);
#1378=VECTOR('',#4197,10.);
#1379=VECTOR('',#4198,10.);
#1380=VECTOR('',#4205,10.);
#1381=VECTOR('',#4206,10.);
#1382=VECTOR('',#4207,10.);
#1383=VECTOR('',#4208,10.);
#1384=VECTOR('',#4211,10.);
#1385=VECTOR('',#4212,10.);
#1386=VECTOR('',#4213,10.);
#1387=VECTOR('',#4216,10.);
#1388=VECTOR('',#4217,10.);
#1389=VECTOR('',#4218,10.);
#1390=VECTOR('',#4221,10.);
#1391=VECTOR('',#4222,10.);
#1392=VECTOR('',#4231,3.59999999999999);
#1393=VECTOR('',#4238,1.1);
#1394=VECTOR('',#4249,1.1);
#1395=VECTOR('',#4260,1.09999999999999);
#1396=VECTOR('',#4271,1.09999999999999);
#1397=VECTOR('',#4280,1.2);
#1398=VECTOR('',#4287,1.19999999999999);
#1399=VECTOR('',#4294,1.20000000000001);
#1400=VECTOR('',#4301,1.20000000000001);
#1401=VECTOR('',#4308,10.);
#1402=VECTOR('',#4309,10.);
#1403=VECTOR('',#4310,10.);
#1404=VECTOR('',#4311,10.);
#1405=VECTOR('',#4314,10.);
#1406=VECTOR('',#4315,10.);
#1407=VECTOR('',#4316,10.);
#1408=VECTOR('',#4319,10.);
#1409=VECTOR('',#4320,10.);
#1410=VECTOR('',#4321,10.);
#1411=VECTOR('',#4324,10.);
#1412=VECTOR('',#4325,10.);
#1413=VECTOR('',#4334,0.75);
#1414=VECTOR('',#4337,0.75);
#1415=VECTOR('',#4340,0.75);
#1416=VECTOR('',#4343,0.75);
#1417=VECTOR('',#4348,0.999999999999979);
#1418=VECTOR('',#4357,1.00000000000001);
#1419=VECTOR('',#4366,1.00000000000001);
#1420=VECTOR('',#4375,1.00000000000001);
#1421=VECTOR('',#4384,1.20000000000001);
#1422=VECTOR('',#4393,1.20000000000001);
#1423=VECTOR('',#4402,1.20000000000001);
#1424=VECTOR('',#4411,1.20000000000001);
#1425=VECTOR('',#4418,10.);
#1426=VECTOR('',#4419,10.);
#1427=VECTOR('',#4420,10.);
#1428=VECTOR('',#4421,10.);
#1429=VECTOR('',#4424,10.);
#1430=VECTOR('',#4425,10.);
#1431=VECTOR('',#4426,10.);
#1432=VECTOR('',#4429,10.);
#1433=VECTOR('',#4430,10.);
#1434=VECTOR('',#4431,10.);
#1435=VECTOR('',#4434,10.);
#1436=VECTOR('',#4435,10.);
#1437=VECTOR('',#4442,10.);
#1438=VECTOR('',#4443,10.);
#1439=VECTOR('',#4444,10.);
#1440=VECTOR('',#4445,10.);
#1441=VECTOR('',#4448,10.);
#1442=VECTOR('',#4449,10.);
#1443=VECTOR('',#4450,10.);
#1444=VECTOR('',#4453,10.);
#1445=VECTOR('',#4454,10.);
#1446=VECTOR('',#4455,10.);
#1447=VECTOR('',#4458,10.);
#1448=VECTOR('',#4459,10.);
#1449=VECTOR('',#4462,10.);
#1450=VECTOR('',#4463,10.);
#1451=VECTOR('',#4464,10.);
#1452=VECTOR('',#4465,10.);
#1453=VECTOR('',#4468,10.);
#1454=VECTOR('',#4469,10.);
#1455=VECTOR('',#4470,10.);
#1456=VECTOR('',#4473,10.);
#1457=VECTOR('',#4474,10.);
#1458=VECTOR('',#4475,10.);
#1459=VECTOR('',#4478,10.);
#1460=VECTOR('',#4479,10.);
#1461=VECTOR('',#4486,10.);
#1462=VECTOR('',#4487,10.);
#1463=VECTOR('',#4488,10.);
#1464=VECTOR('',#4489,10.);
#1465=VECTOR('',#4492,10.);
#1466=VECTOR('',#4493,10.);
#1467=VECTOR('',#4494,10.);
#1468=VECTOR('',#4497,10.);
#1469=VECTOR('',#4498,10.);
#1470=VECTOR('',#4499,10.);
#1471=VECTOR('',#4502,10.);
#1472=VECTOR('',#4503,10.);
#1473=VECTOR('',#4510,10.);
#1474=VECTOR('',#4511,10.);
#1475=VECTOR('',#4512,10.);
#1476=VECTOR('',#4513,10.);
#1477=VECTOR('',#4516,10.);
#1478=VECTOR('',#4517,10.);
#1479=VECTOR('',#4518,10.);
#1480=VECTOR('',#4521,10.);
#1481=VECTOR('',#4522,10.);
#1482=VECTOR('',#4523,10.);
#1483=VECTOR('',#4526,10.);
#1484=VECTOR('',#4527,10.);
#1485=VECTOR('',#4534,10.);
#1486=VECTOR('',#4535,10.);
#1487=VECTOR('',#4536,10.);
#1488=VECTOR('',#4537,10.);
#1489=VECTOR('',#4540,10.);
#1490=VECTOR('',#4541,10.);
#1491=VECTOR('',#4542,10.);
#1492=VECTOR('',#4545,10.);
#1493=VECTOR('',#4546,10.);
#1494=VECTOR('',#4547,10.);
#1495=VECTOR('',#4550,10.);
#1496=VECTOR('',#4551,10.);
#1497=VECTOR('',#4560,3.59999999999999);
#1498=VECTOR('',#4565,10.);
#1499=VECTOR('',#4566,10.);
#1500=VECTOR('',#4567,10.);
#1501=VECTOR('',#4568,10.);
#1502=VECTOR('',#4571,10.);
#1503=VECTOR('',#4572,10.);
#1504=VECTOR('',#4573,10.);
#1505=VECTOR('',#4576,10.);
#1506=VECTOR('',#4577,10.);
#1507=VECTOR('',#4578,10.);
#1508=VECTOR('',#4581,10.);
#1509=VECTOR('',#4582,10.);
#1510=B_SPLINE_CURVE_WITH_KNOTS('',3,(#4599,#4600,#4601,#4602,#4603,#4604,
#4605,#4606,#4607,#4608,#4609,#4610,#4611,#4612,#4613,#4614,#4615,#4616,
#4617,#4618,#4619,#4620,#4621,#4622,#4623,#4624,#4625,#4626,#4627,#4628,
#4629,#4630,#4631,#4632,#4633,#4634,#4635,#4636,#4637,#4638,#4639,#4640),
 .UNSPECIFIED.,.T.,.F.,(4,2,2,2,2,2,2,2,2,2,2,2,2,2,2,2,2,2,2,2,4),(0.,
0.0151085079113021,0.0302170158226042,0.0604340316452084,0.0900154917645092,
0.11959695188381,0.149178412003111,0.178759872122412,0.208976887945016,
0.224085395856318,0.23919390376762,0.254302411678922,0.269410919590224,
0.299627935412829,0.329209395532129,0.35879085565143,0.388372315770731,
0.417953775890032,0.448170791712636,0.463279299623938,0.47838780753524),
 .UNSPECIFIED.);
#1511=B_SPLINE_CURVE_WITH_KNOTS('',3,(#4643,#4644,#4645,#4646,#4647,#4648,
#4649,#4650,#4651,#4652,#4653,#4654,#4655,#4656,#4657,#4658,#4659,#4660,
#4661,#4662,#4663,#4664,#4665,#4666,#4667,#4668,#4669,#4670,#4671,#4672,
#4673,#4674,#4675,#4676,#4677,#4678,#4679,#4680,#4681,#4682,#4683,#4684),
 .UNSPECIFIED.,.T.,.F.,(4,2,2,2,2,2,2,2,2,2,2,2,2,2,2,2,2,2,2,2,4),(0.,
0.0151085079113021,0.0302170158226042,0.0604340316452084,0.0900154917645092,
0.11959695188381,0.149178412003111,0.178759872122412,0.208976887945016,
0.224085395856318,0.23919390376762,0.254302411678922,0.269410919590224,
0.299627935412829,0.329209395532129,0.35879085565143,0.388372315770731,
0.417953775890032,0.448170791712636,0.463279299623938,0.47838780753524),
 .UNSPECIFIED.);
#1512=B_SPLINE_CURVE_WITH_KNOTS('',3,(#4688,#4689,#4690,#4691,#4692,#4693,
#4694,#4695,#4696,#4697,#4698,#4699,#4700,#4701,#4702,#4703,#4704,#4705,
#4706,#4707,#4708,#4709),.UNSPECIFIED.,.F.,.F.,(4,2,2,2,2,2,2,2,2,2,4),
(0.11959695188381,0.149178412003111,0.178759872122412,0.208976887945016,
0.224085395856318,0.23919390376762,0.254302411678922,0.269410919590224,
0.299627935412829,0.329209395532129,0.35879085565143),.UNSPECIFIED.);
#1513=B_SPLINE_CURVE_WITH_KNOTS('',3,(#4711,#4712,#4713,#4714,#4715,#4716,
#4717,#4718,#4719,#4720,#4721,#4722),.UNSPECIFIED.,.F.,.F.,(4,2,2,2,2,4),
(0.47838780753524,0.493496315446543,0.508604823357845,0.538821839180449,
0.56840329929975,0.597984759419051),.UNSPECIFIED.);
#1514=B_SPLINE_CURVE_WITH_KNOTS('',3,(#4725,#4726,#4727,#4728,#4729,#4730,
#4731,#4732,#4733,#4734,#4735,#4736,#4737,#4738,#4739,#4740,#4741,#4742,
#4743,#4744,#4745,#4746,#4747,#4748,#4749,#4750,#4751,#4752,#4753,#4754,
#4755,#4756,#4757,#4758,#4759,#4760,#4761,#4762,#4763,#4764,#4765,#4766),
 .UNSPECIFIED.,.T.,.F.,(4,2,2,2,2,2,2,2,2,2,2,2,2,2,2,2,2,2,2,2,4),(0.,
0.0151085079113021,0.0302170158226043,0.0604340316452085,0.0900154917645093,
0.11959695188381,0.149178412003111,0.178759872122412,0.208976887945016,
0.224085395856318,0.23919390376762,0.254302411678922,0.269410919590224,
0.299627935412829,0.329209395532129,0.35879085565143,0.388372315770731,
0.417953775890032,0.448170791712636,0.463279299623938,0.47838780753524),
 .UNSPECIFIED.);
#1515=B_SPLINE_CURVE_WITH_KNOTS('',3,(#4767,#4768,#4769,#4770,#4771,#4772,
#4773,#4774,#4775,#4776,#4777,#4778),.UNSPECIFIED.,.F.,.F.,(4,2,2,2,2,4),
(0.35879085565143,0.388372315770731,0.417953775890032,0.448170791712636,
0.463279299623938,0.47838780753524),.UNSPECIFIED.);
#1516=B_SPLINE_CURVE_WITH_KNOTS('',3,(#4781,#4782,#4783,#4784,#4785,#4786,
#4787,#4788,#4789,#4790,#4791,#4792,#4793,#4794,#4795,#4796,#4797,#4798,
#4799,#4800,#4801,#4802,#4803,#4804,#4805,#4806,#4807,#4808,#4809,#4810,
#4811,#4812,#4813,#4814,#4815,#4816,#4817,#4818,#4819,#4820,#4821,#4822),
 .UNSPECIFIED.,.T.,.F.,(4,2,2,2,2,2,2,2,2,2,2,2,2,2,2,2,2,2,2,2,4),(0.,
0.0151085079113021,0.0302170158226042,0.0604340316452084,0.0900154917645092,
0.11959695188381,0.149178412003111,0.178759872122412,0.208976887945016,
0.224085395856318,0.23919390376762,0.254302411678922,0.269410919590224,
0.299627935412829,0.32920939553213,0.35879085565143,0.388372315770731,0.417953775890032,
0.448170791712636,0.463279299623938,0.47838780753524),.UNSPECIFIED.);
#1517=B_SPLINE_CURVE_WITH_KNOTS('',3,(#4825,#4826,#4827,#4828,#4829,#4830,
#4831,#4832,#4833,#4834,#4835,#4836,#4837,#4838,#4839,#4840,#4841,#4842,
#4843,#4844,#4845,#4846,#4847,#4848,#4849,#4850,#4851,#4852,#4853,#4854,
#4855,#4856,#4857,#4858,#4859,#4860,#4861,#4862,#4863,#4864,#4865,#4866),
 .UNSPECIFIED.,.T.,.F.,(4,2,2,2,2,2,2,2,2,2,2,2,2,2,2,2,2,2,2,2,4),(0.,
0.0151085079113021,0.0302170158226042,0.0604340316452084,0.0900154917645092,
0.11959695188381,0.149178412003111,0.178759872122412,0.208976887945016,
0.224085395856318,0.23919390376762,0.254302411678922,0.269410919590224,
0.299627935412829,0.32920939553213,0.35879085565143,0.388372315770731,0.417953775890032,
0.448170791712636,0.463279299623938,0.47838780753524),.UNSPECIFIED.);
#1518=B_SPLINE_CURVE_WITH_KNOTS('',3,(#4870,#4871,#4872,#4873,#4874,#4875,
#4876,#4877,#4878,#4879,#4880,#4881,#4882,#4883,#4884,#4885,#4886,#4887,
#4888,#4889,#4890,#4891),.UNSPECIFIED.,.F.,.F.,(4,2,2,2,2,2,2,2,2,2,4),
(0.119596951883811,0.149178412003112,0.178759872122413,0.208976887945017,
0.22408539585632,0.239193903767622,0.254302411678924,0.269410919590226,
0.299627935412831,0.329209395532132,0.358790855651433),.UNSPECIFIED.);
#1519=B_SPLINE_CURVE_WITH_KNOTS('',3,(#4893,#4894,#4895,#4896,#4897,#4898,
#4899,#4900,#4901,#4902,#4903,#4904),.UNSPECIFIED.,.F.,.F.,(4,2,2,2,2,4),
(0.478387807535244,0.493496315446546,0.508604823357848,0.538821839180453,
0.568403299299754,0.597984759419055),.UNSPECIFIED.);
#1520=B_SPLINE_CURVE_WITH_KNOTS('',3,(#4907,#4908,#4909,#4910,#4911,#4912,
#4913,#4914,#4915,#4916,#4917,#4918,#4919,#4920,#4921,#4922,#4923,#4924,
#4925,#4926,#4927,#4928,#4929,#4930,#4931,#4932,#4933,#4934,#4935,#4936,
#4937,#4938,#4939,#4940,#4941,#4942,#4943,#4944,#4945,#4946,#4947,#4948),
 .UNSPECIFIED.,.T.,.F.,(4,2,2,2,2,2,2,2,2,2,2,2,2,2,2,2,2,2,2,2,4),(0.,
0.0151085079113022,0.0302170158226045,0.060434031645209,0.09001549176451,
0.119596951883811,0.149178412003112,0.178759872122413,0.208976887945017,
0.224085395856319,0.239193903767622,0.254302411678924,0.269410919590226,
0.299627935412831,0.329209395532132,0.358790855651432,0.388372315770734,
0.417953775890034,0.448170791712639,0.463279299623941,0.478387807535243),
 .UNSPECIFIED.);
#1521=B_SPLINE_CURVE_WITH_KNOTS('',3,(#4949,#4950,#4951,#4952,#4953,#4954,
#4955,#4956,#4957,#4958,#4959,#4960),.UNSPECIFIED.,.F.,.F.,(4,2,2,2,2,4),
(0.358790855651433,0.388372315770734,0.417953775890035,0.448170791712639,
0.463279299623941,0.478387807535244),.UNSPECIFIED.);
#1522=B_SPLINE_CURVE_WITH_KNOTS('',3,(#5581,#5582,#5583,#5584,#5585,#5586,
#5587,#5588,#5589,#5590,#5591,#5592,#5593,#5594,#5595,#5596,#5597,#5598,
#5599,#5600,#5601,#5602,#5603,#5604,#5605,#5606,#5607,#5608,#5609,#5610,
#5611,#5612,#5613,#5614,#5615,#5616,#5617,#5618,#5619,#5620,#5621,#5622),
 .UNSPECIFIED.,.T.,.F.,(4,2,2,2,2,2,2,2,2,2,2,2,2,2,2,2,2,2,2,2,4),(0.,
0.0151085079113021,0.0302170158226042,0.0604340316452084,0.0900154917645092,
0.11959695188381,0.149178412003111,0.178759872122412,0.208976887945016,
0.224085395856318,0.23919390376762,0.254302411678922,0.269410919590224,
0.299627935412829,0.329209395532129,0.35879085565143,0.388372315770731,
0.417953775890032,0.448170791712636,0.463279299623938,0.47838780753524),
 .UNSPECIFIED.);
#1523=B_SPLINE_CURVE_WITH_KNOTS('',3,(#5625,#5626,#5627,#5628,#5629,#5630,
#5631,#5632,#5633,#5634,#5635,#5636,#5637,#5638,#5639,#5640,#5641,#5642,
#5643,#5644,#5645,#5646,#5647,#5648,#5649,#5650,#5651,#5652,#5653,#5654,
#5655,#5656,#5657,#5658,#5659,#5660,#5661,#5662,#5663,#5664,#5665,#5666),
 .UNSPECIFIED.,.T.,.F.,(4,2,2,2,2,2,2,2,2,2,2,2,2,2,2,2,2,2,2,2,4),(0.,
0.0151085079113021,0.0302170158226042,0.0604340316452084,0.0900154917645092,
0.11959695188381,0.149178412003111,0.178759872122412,0.208976887945016,
0.224085395856318,0.23919390376762,0.254302411678922,0.269410919590224,
0.299627935412829,0.329209395532129,0.35879085565143,0.388372315770731,
0.417953775890032,0.448170791712636,0.463279299623938,0.47838780753524),
 .UNSPECIFIED.);
#1524=B_SPLINE_CURVE_WITH_KNOTS('',3,(#5670,#5671,#5672,#5673,#5674,#5675,
#5676,#5677,#5678,#5679,#5680,#5681,#5682,#5683,#5684,#5685,#5686,#5687,
#5688,#5689,#5690,#5691),.UNSPECIFIED.,.F.,.F.,(4,2,2,2,2,2,2,2,2,2,4),
(0.11959695188381,0.149178412003111,0.178759872122412,0.208976887945016,
0.224085395856318,0.23919390376762,0.254302411678922,0.269410919590224,
0.299627935412829,0.329209395532129,0.35879085565143),.UNSPECIFIED.);
#1525=B_SPLINE_CURVE_WITH_KNOTS('',3,(#5693,#5694,#5695,#5696,#5697,#5698,
#5699,#5700,#5701,#5702,#5703,#5704),.UNSPECIFIED.,.F.,.F.,(4,2,2,2,2,4),
(0.47838780753524,0.493496315446543,0.508604823357845,0.538821839180449,
0.56840329929975,0.597984759419051),.UNSPECIFIED.);
#1526=B_SPLINE_CURVE_WITH_KNOTS('',3,(#5707,#5708,#5709,#5710,#5711,#5712,
#5713,#5714,#5715,#5716,#5717,#5718,#5719,#5720,#5721,#5722,#5723,#5724,
#5725,#5726,#5727,#5728,#5729,#5730,#5731,#5732,#5733,#5734,#5735,#5736,
#5737,#5738,#5739,#5740,#5741,#5742,#5743,#5744,#5745,#5746,#5747,#5748),
 .UNSPECIFIED.,.T.,.F.,(4,2,2,2,2,2,2,2,2,2,2,2,2,2,2,2,2,2,2,2,4),(0.,
0.0151085079113021,0.0302170158226043,0.0604340316452085,0.0900154917645093,
0.11959695188381,0.149178412003111,0.178759872122412,0.208976887945016,
0.224085395856318,0.23919390376762,0.254302411678922,0.269410919590224,
0.299627935412829,0.329209395532129,0.35879085565143,0.388372315770731,
0.417953775890032,0.448170791712636,0.463279299623938,0.47838780753524),
 .UNSPECIFIED.);
#1527=B_SPLINE_CURVE_WITH_KNOTS('',3,(#5749,#5750,#5751,#5752,#5753,#5754,
#5755,#5756,#5757,#5758,#5759,#5760),.UNSPECIFIED.,.F.,.F.,(4,2,2,2,2,4),
(0.35879085565143,0.388372315770731,0.417953775890032,0.448170791712636,
0.463279299623938,0.47838780753524),.UNSPECIFIED.);
#1528=B_SPLINE_CURVE_WITH_KNOTS('',3,(#5763,#5764,#5765,#5766,#5767,#5768,
#5769,#5770,#5771,#5772,#5773,#5774,#5775,#5776,#5777,#5778,#5779,#5780,
#5781,#5782,#5783,#5784,#5785,#5786,#5787,#5788,#5789,#5790,#5791,#5792,
#5793,#5794,#5795,#5796,#5797,#5798,#5799,#5800,#5801,#5802,#5803,#5804),
 .UNSPECIFIED.,.T.,.F.,(4,2,2,2,2,2,2,2,2,2,2,2,2,2,2,2,2,2,2,2,4),(0.,
0.0151085079113021,0.0302170158226042,0.0604340316452084,0.0900154917645092,
0.11959695188381,0.149178412003111,0.178759872122412,0.208976887945016,
0.224085395856318,0.23919390376762,0.254302411678922,0.269410919590224,
0.299627935412829,0.32920939553213,0.35879085565143,0.388372315770731,0.417953775890032,
0.448170791712636,0.463279299623938,0.47838780753524),.UNSPECIFIED.);
#1529=B_SPLINE_CURVE_WITH_KNOTS('',3,(#5807,#5808,#5809,#5810,#5811,#5812,
#5813,#5814,#5815,#5816,#5817,#5818,#5819,#5820,#5821,#5822,#5823,#5824,
#5825,#5826,#5827,#5828,#5829,#5830,#5831,#5832,#5833,#5834,#5835,#5836,
#5837,#5838,#5839,#5840,#5841,#5842,#5843,#5844,#5845,#5846,#5847,#5848),
 .UNSPECIFIED.,.T.,.F.,(4,2,2,2,2,2,2,2,2,2,2,2,2,2,2,2,2,2,2,2,4),(0.,
0.0151085079113021,0.0302170158226042,0.0604340316452084,0.0900154917645092,
0.11959695188381,0.149178412003111,0.178759872122412,0.208976887945016,
0.224085395856318,0.23919390376762,0.254302411678922,0.269410919590224,
0.299627935412829,0.32920939553213,0.35879085565143,0.388372315770731,0.417953775890032,
0.448170791712636,0.463279299623938,0.47838780753524),.UNSPECIFIED.);
#1530=B_SPLINE_CURVE_WITH_KNOTS('',3,(#5852,#5853,#5854,#5855,#5856,#5857,
#5858,#5859,#5860,#5861,#5862,#5863,#5864,#5865,#5866,#5867,#5868,#5869,
#5870,#5871,#5872,#5873),.UNSPECIFIED.,.F.,.F.,(4,2,2,2,2,2,2,2,2,2,4),
(0.119596951883811,0.149178412003112,0.178759872122413,0.208976887945017,
0.22408539585632,0.239193903767622,0.254302411678924,0.269410919590226,
0.299627935412831,0.329209395532132,0.358790855651433),.UNSPECIFIED.);
#1531=B_SPLINE_CURVE_WITH_KNOTS('',3,(#5875,#5876,#5877,#5878,#5879,#5880,
#5881,#5882,#5883,#5884,#5885,#5886),.UNSPECIFIED.,.F.,.F.,(4,2,2,2,2,4),
(0.478387807535244,0.493496315446546,0.508604823357848,0.538821839180453,
0.568403299299754,0.597984759419055),.UNSPECIFIED.);
#1532=B_SPLINE_CURVE_WITH_KNOTS('',3,(#5889,#5890,#5891,#5892,#5893,#5894,
#5895,#5896,#5897,#5898,#5899,#5900,#5901,#5902,#5903,#5904,#5905,#5906,
#5907,#5908,#5909,#5910,#5911,#5912,#5913,#5914,#5915,#5916,#5917,#5918,
#5919,#5920,#5921,#5922,#5923,#5924,#5925,#5926,#5927,#5928,#5929,#5930),
 .UNSPECIFIED.,.T.,.F.,(4,2,2,2,2,2,2,2,2,2,2,2,2,2,2,2,2,2,2,2,4),(0.,
0.0151085079113022,0.0302170158226045,0.060434031645209,0.09001549176451,
0.119596951883811,0.149178412003112,0.178759872122413,0.208976887945017,
0.224085395856319,0.239193903767622,0.254302411678924,0.269410919590226,
0.299627935412831,0.329209395532132,0.358790855651432,0.388372315770734,
0.417953775890034,0.448170791712639,0.463279299623941,0.478387807535243),
 .UNSPECIFIED.);
#1533=B_SPLINE_CURVE_WITH_KNOTS('',3,(#5931,#5932,#5933,#5934,#5935,#5936,
#5937,#5938,#5939,#5940,#5941,#5942),.UNSPECIFIED.,.F.,.F.,(4,2,2,2,2,4),
(0.358790855651433,0.388372315770734,0.417953775890035,0.448170791712639,
0.463279299623941,0.478387807535244),.UNSPECIFIED.);
#1534=VERTEX_POINT('',#4598);
#1535=VERTEX_POINT('',#4641);
#1536=VERTEX_POINT('',#4686);
#1537=VERTEX_POINT('',#4687);
#1538=VERTEX_POINT('',#4710);
#1539=VERTEX_POINT('',#4723);
#1540=VERTEX_POINT('',#4780);
#1541=VERTEX_POINT('',#4823);
#1542=VERTEX_POINT('',#4868);
#1543=VERTEX_POINT('',#4869);
#1544=VERTEX_POINT('',#4892);
#1545=VERTEX_POINT('',#4905);
#1546=VERTEX_POINT('',#4962);
#1547=VERTEX_POINT('',#4964);
#1548=VERTEX_POINT('',#4969);
#1549=VERTEX_POINT('',#4971);
#1550=VERTEX_POINT('',#4976);
#1551=VERTEX_POINT('',#4978);
#1552=VERTEX_POINT('',#4983);
#1553=VERTEX_POINT('',#4985);
#1554=VERTEX_POINT('',#4990);
#1555=VERTEX_POINT('',#4992);
#1556=VERTEX_POINT('',#4997);
#1557=VERTEX_POINT('',#4999);
#1558=VERTEX_POINT('',#5004);
#1559=VERTEX_POINT('',#5006);
#1560=VERTEX_POINT('',#5011);
#1561=VERTEX_POINT('',#5013);
#1562=VERTEX_POINT('',#5018);
#1563=VERTEX_POINT('',#5019);
#1564=VERTEX_POINT('',#5021);
#1565=VERTEX_POINT('',#5023);
#1566=VERTEX_POINT('',#5027);
#1567=VERTEX_POINT('',#5029);
#1568=VERTEX_POINT('',#5033);
#1569=VERTEX_POINT('',#5035);
#1570=VERTEX_POINT('',#5044);
#1571=VERTEX_POINT('',#5045);
#1572=VERTEX_POINT('',#5047);
#1573=VERTEX_POINT('',#5049);
#1574=VERTEX_POINT('',#5053);
#1575=VERTEX_POINT('',#5055);
#1576=VERTEX_POINT('',#5059);
#1577=VERTEX_POINT('',#5061);
#1578=VERTEX_POINT('',#5068);
#1579=VERTEX_POINT('',#5069);
#1580=VERTEX_POINT('',#5071);
#1581=VERTEX_POINT('',#5073);
#1582=VERTEX_POINT('',#5077);
#1583=VERTEX_POINT('',#5079);
#1584=VERTEX_POINT('',#5083);
#1585=VERTEX_POINT('',#5085);
#1586=VERTEX_POINT('',#5094);
#1587=VERTEX_POINT('',#5095);
#1588=VERTEX_POINT('',#5097);
#1589=VERTEX_POINT('',#5099);
#1590=VERTEX_POINT('',#5103);
#1591=VERTEX_POINT('',#5105);
#1592=VERTEX_POINT('',#5109);
#1593=VERTEX_POINT('',#5111);
#1594=VERTEX_POINT('',#5118);
#1595=VERTEX_POINT('',#5119);
#1596=VERTEX_POINT('',#5121);
#1597=VERTEX_POINT('',#5123);
#1598=VERTEX_POINT('',#5127);
#1599=VERTEX_POINT('',#5129);
#1600=VERTEX_POINT('',#5133);
#1601=VERTEX_POINT('',#5135);
#1602=VERTEX_POINT('',#5144);
#1603=VERTEX_POINT('',#5145);
#1604=VERTEX_POINT('',#5147);
#1605=VERTEX_POINT('',#5149);
#1606=VERTEX_POINT('',#5153);
#1607=VERTEX_POINT('',#5155);
#1608=VERTEX_POINT('',#5159);
#1609=VERTEX_POINT('',#5161);
#1610=VERTEX_POINT('',#5170);
#1611=VERTEX_POINT('',#5171);
#1612=VERTEX_POINT('',#5173);
#1613=VERTEX_POINT('',#5175);
#1614=VERTEX_POINT('',#5179);
#1615=VERTEX_POINT('',#5181);
#1616=VERTEX_POINT('',#5185);
#1617=VERTEX_POINT('',#5187);
#1618=VERTEX_POINT('',#5196);
#1619=VERTEX_POINT('',#5198);
#1620=VERTEX_POINT('',#5202);
#1621=VERTEX_POINT('',#5203);
#1622=VERTEX_POINT('',#5205);
#1623=VERTEX_POINT('',#5207);
#1624=VERTEX_POINT('',#5211);
#1625=VERTEX_POINT('',#5213);
#1626=VERTEX_POINT('',#5217);
#1627=VERTEX_POINT('',#5219);
#1628=VERTEX_POINT('',#5230);
#1629=VERTEX_POINT('',#5232);
#1630=VERTEX_POINT('',#5237);
#1631=VERTEX_POINT('',#5239);
#1632=VERTEX_POINT('',#5244);
#1633=VERTEX_POINT('',#5246);
#1634=VERTEX_POINT('',#5251);
#1635=VERTEX_POINT('',#5253);
#1636=VERTEX_POINT('',#5258);
#1637=VERTEX_POINT('',#5260);
#1638=VERTEX_POINT('',#5265);
#1639=VERTEX_POINT('',#5267);
#1640=VERTEX_POINT('',#5272);
#1641=VERTEX_POINT('',#5274);
#1642=VERTEX_POINT('',#5279);
#1643=VERTEX_POINT('',#5281);
#1644=VERTEX_POINT('',#5286);
#1645=VERTEX_POINT('',#5287);
#1646=VERTEX_POINT('',#5289);
#1647=VERTEX_POINT('',#5291);
#1648=VERTEX_POINT('',#5295);
#1649=VERTEX_POINT('',#5297);
#1650=VERTEX_POINT('',#5301);
#1651=VERTEX_POINT('',#5303);
#1652=VERTEX_POINT('',#5307);
#1653=VERTEX_POINT('',#5309);
#1654=VERTEX_POINT('',#5313);
#1655=VERTEX_POINT('',#5315);
#1656=VERTEX_POINT('',#5317);
#1657=VERTEX_POINT('',#5321);
#1658=VERTEX_POINT('',#5323);
#1659=VERTEX_POINT('',#5327);
#1660=VERTEX_POINT('',#5329);
#1661=VERTEX_POINT('',#5337);
#1662=VERTEX_POINT('',#5338);
#1663=VERTEX_POINT('',#5340);
#1664=VERTEX_POINT('',#5342);
#1665=VERTEX_POINT('',#5346);
#1666=VERTEX_POINT('',#5348);
#1667=VERTEX_POINT('',#5352);
#1668=VERTEX_POINT('',#5354);
#1669=VERTEX_POINT('',#5363);
#1670=VERTEX_POINT('',#5364);
#1671=VERTEX_POINT('',#5366);
#1672=VERTEX_POINT('',#5368);
#1673=VERTEX_POINT('',#5372);
#1674=VERTEX_POINT('',#5374);
#1675=VERTEX_POINT('',#5378);
#1676=VERTEX_POINT('',#5380);
#1677=VERTEX_POINT('',#5389);
#1678=VERTEX_POINT('',#5390);
#1679=VERTEX_POINT('',#5392);
#1680=VERTEX_POINT('',#5394);
#1681=VERTEX_POINT('',#5398);
#1682=VERTEX_POINT('',#5400);
#1683=VERTEX_POINT('',#5404);
#1684=VERTEX_POINT('',#5406);
#1685=VERTEX_POINT('',#5413);
#1686=VERTEX_POINT('',#5414);
#1687=VERTEX_POINT('',#5416);
#1688=VERTEX_POINT('',#5418);
#1689=VERTEX_POINT('',#5422);
#1690=VERTEX_POINT('',#5424);
#1691=VERTEX_POINT('',#5428);
#1692=VERTEX_POINT('',#5430);
#1693=VERTEX_POINT('',#5439);
#1694=VERTEX_POINT('',#5440);
#1695=VERTEX_POINT('',#5442);
#1696=VERTEX_POINT('',#5444);
#1697=VERTEX_POINT('',#5448);
#1698=VERTEX_POINT('',#5450);
#1699=VERTEX_POINT('',#5454);
#1700=VERTEX_POINT('',#5456);
#1701=VERTEX_POINT('',#5465);
#1702=VERTEX_POINT('',#5466);
#1703=VERTEX_POINT('',#5468);
#1704=VERTEX_POINT('',#5470);
#1705=VERTEX_POINT('',#5474);
#1706=VERTEX_POINT('',#5476);
#1707=VERTEX_POINT('',#5480);
#1708=VERTEX_POINT('',#5482);
#1709=VERTEX_POINT('',#5491);
#1710=VERTEX_POINT('',#5493);
#1711=VERTEX_POINT('',#5497);
#1712=VERTEX_POINT('',#5499);
#1713=VERTEX_POINT('',#5503);
#1714=VERTEX_POINT('',#5506);
#1715=VERTEX_POINT('',#5508);
#1716=VERTEX_POINT('',#5512);
#1717=VERTEX_POINT('',#5515);
#1718=VERTEX_POINT('',#5517);
#1719=VERTEX_POINT('',#5521);
#1720=VERTEX_POINT('',#5524);
#1721=VERTEX_POINT('',#5526);
#1722=VERTEX_POINT('',#5530);
#1723=VERTEX_POINT('',#5533);
#1724=VERTEX_POINT('',#5538);
#1725=VERTEX_POINT('',#5543);
#1726=VERTEX_POINT('',#5548);
#1727=VERTEX_POINT('',#5553);
#1728=VERTEX_POINT('',#5554);
#1729=VERTEX_POINT('',#5556);
#1730=VERTEX_POINT('',#5558);
#1731=VERTEX_POINT('',#5562);
#1732=VERTEX_POINT('',#5564);
#1733=VERTEX_POINT('',#5568);
#1734=VERTEX_POINT('',#5570);
#1735=VERTEX_POINT('',#5580);
#1736=VERTEX_POINT('',#5623);
#1737=VERTEX_POINT('',#5668);
#1738=VERTEX_POINT('',#5669);
#1739=VERTEX_POINT('',#5692);
#1740=VERTEX_POINT('',#5705);
#1741=VERTEX_POINT('',#5762);
#1742=VERTEX_POINT('',#5805);
#1743=VERTEX_POINT('',#5850);
#1744=VERTEX_POINT('',#5851);
#1745=VERTEX_POINT('',#5874);
#1746=VERTEX_POINT('',#5887);
#1747=VERTEX_POINT('',#5944);
#1748=VERTEX_POINT('',#5946);
#1749=VERTEX_POINT('',#5951);
#1750=VERTEX_POINT('',#5953);
#1751=VERTEX_POINT('',#5958);
#1752=VERTEX_POINT('',#5960);
#1753=VERTEX_POINT('',#5965);
#1754=VERTEX_POINT('',#5967);
#1755=VERTEX_POINT('',#5972);
#1756=VERTEX_POINT('',#5974);
#1757=VERTEX_POINT('',#5979);
#1758=VERTEX_POINT('',#5981);
#1759=VERTEX_POINT('',#5986);
#1760=VERTEX_POINT('',#5988);
#1761=VERTEX_POINT('',#5993);
#1762=VERTEX_POINT('',#5995);
#1763=VERTEX_POINT('',#6000);
#1764=VERTEX_POINT('',#6001);
#1765=VERTEX_POINT('',#6003);
#1766=VERTEX_POINT('',#6005);
#1767=VERTEX_POINT('',#6009);
#1768=VERTEX_POINT('',#6011);
#1769=VERTEX_POINT('',#6015);
#1770=VERTEX_POINT('',#6017);
#1771=VERTEX_POINT('',#6026);
#1772=VERTEX_POINT('',#6027);
#1773=VERTEX_POINT('',#6029);
#1774=VERTEX_POINT('',#6031);
#1775=VERTEX_POINT('',#6035);
#1776=VERTEX_POINT('',#6037);
#1777=VERTEX_POINT('',#6041);
#1778=VERTEX_POINT('',#6043);
#1779=VERTEX_POINT('',#6050);
#1780=VERTEX_POINT('',#6051);
#1781=VERTEX_POINT('',#6053);
#1782=VERTEX_POINT('',#6055);
#1783=VERTEX_POINT('',#6059);
#1784=VERTEX_POINT('',#6061);
#1785=VERTEX_POINT('',#6065);
#1786=VERTEX_POINT('',#6067);
#1787=VERTEX_POINT('',#6076);
#1788=VERTEX_POINT('',#6077);
#1789=VERTEX_POINT('',#6079);
#1790=VERTEX_POINT('',#6081);
#1791=VERTEX_POINT('',#6085);
#1792=VERTEX_POINT('',#6087);
#1793=VERTEX_POINT('',#6091);
#1794=VERTEX_POINT('',#6093);
#1795=VERTEX_POINT('',#6102);
#1796=VERTEX_POINT('',#6103);
#1797=VERTEX_POINT('',#6105);
#1798=VERTEX_POINT('',#6107);
#1799=VERTEX_POINT('',#6111);
#1800=VERTEX_POINT('',#6113);
#1801=VERTEX_POINT('',#6117);
#1802=VERTEX_POINT('',#6119);
#1803=VERTEX_POINT('',#6128);
#1804=VERTEX_POINT('',#6129);
#1805=VERTEX_POINT('',#6131);
#1806=VERTEX_POINT('',#6133);
#1807=VERTEX_POINT('',#6137);
#1808=VERTEX_POINT('',#6139);
#1809=VERTEX_POINT('',#6143);
#1810=VERTEX_POINT('',#6145);
#1811=VERTEX_POINT('',#6154);
#1812=VERTEX_POINT('',#6156);
#1813=VERTEX_POINT('',#6160);
#1814=VERTEX_POINT('',#6161);
#1815=VERTEX_POINT('',#6163);
#1816=VERTEX_POINT('',#6165);
#1817=VERTEX_POINT('',#6169);
#1818=VERTEX_POINT('',#6171);
#1819=VERTEX_POINT('',#6175);
#1820=VERTEX_POINT('',#6177);
#1821=EDGE_CURVE('',#1534,#1534,#1510,.T.);
#1822=EDGE_CURVE('',#1534,#1535,#846,.T.);
#1823=EDGE_CURVE('',#1535,#1535,#1511,.T.);
#1824=EDGE_CURVE('',#1536,#1537,#1512,.T.);
#1825=EDGE_CURVE('',#1538,#1536,#1513,.T.);
#1826=EDGE_CURVE('',#1538,#1539,#847,.T.);
#1827=EDGE_CURVE('',#1539,#1539,#1514,.T.);
#1828=EDGE_CURVE('',#1537,#1538,#1515,.T.);
#1829=EDGE_CURVE('',#1540,#1540,#1516,.T.);
#1830=EDGE_CURVE('',#1540,#1541,#848,.T.);
#1831=EDGE_CURVE('',#1541,#1541,#1517,.T.);
#1832=EDGE_CURVE('',#1542,#1543,#1518,.T.);
#1833=EDGE_CURVE('',#1544,#1542,#1519,.T.);
#1834=EDGE_CURVE('',#1544,#1545,#849,.T.);
#1835=EDGE_CURVE('',#1545,#1545,#1520,.T.);
#1836=EDGE_CURVE('',#1543,#1544,#1521,.T.);
#1837=EDGE_CURVE('',#1546,#1546,#297,.T.);
#1838=EDGE_CURVE('',#1546,#1547,#850,.T.);
#1839=EDGE_CURVE('',#1547,#1547,#298,.T.);
#1840=EDGE_CURVE('',#1548,#1548,#299,.T.);
#1841=EDGE_CURVE('',#1548,#1549,#851,.T.);
#1842=EDGE_CURVE('',#1549,#1549,#300,.T.);
#1843=EDGE_CURVE('',#1550,#1550,#301,.T.);
#1844=EDGE_CURVE('',#1550,#1551,#852,.T.);
#1845=EDGE_CURVE('',#1551,#1551,#302,.T.);
#1846=EDGE_CURVE('',#1552,#1552,#303,.T.);
#1847=EDGE_CURVE('',#1552,#1553,#853,.T.);
#1848=EDGE_CURVE('',#1553,#1553,#304,.T.);
#1849=EDGE_CURVE('',#1554,#1554,#305,.T.);
#1850=EDGE_CURVE('',#1554,#1555,#854,.T.);
#1851=EDGE_CURVE('',#1555,#1555,#306,.T.);
#1852=EDGE_CURVE('',#1556,#1556,#307,.T.);
#1853=EDGE_CURVE('',#1556,#1557,#855,.T.);
#1854=EDGE_CURVE('',#1557,#1557,#308,.T.);
#1855=EDGE_CURVE('',#1558,#1558,#309,.T.);
#1856=EDGE_CURVE('',#1558,#1559,#856,.T.);
#1857=EDGE_CURVE('',#1559,#1559,#310,.T.);
#1858=EDGE_CURVE('',#1560,#1560,#311,.T.);
#1859=EDGE_CURVE('',#1560,#1561,#857,.T.);
#1860=EDGE_CURVE('',#1561,#1561,#312,.T.);
#1861=EDGE_CURVE('',#1562,#1563,#858,.T.);
#1862=EDGE_CURVE('',#1562,#1564,#859,.T.);
#1863=EDGE_CURVE('',#1565,#1564,#860,.T.);
#1864=EDGE_CURVE('',#1563,#1565,#861,.T.);
#1865=EDGE_CURVE('',#1563,#1566,#862,.T.);
#1866=EDGE_CURVE('',#1567,#1565,#863,.T.);
#1867=EDGE_CURVE('',#1566,#1567,#864,.T.);
#1868=EDGE_CURVE('',#1566,#1568,#865,.T.);
#1869=EDGE_CURVE('',#1569,#1567,#866,.T.);
#1870=EDGE_CURVE('',#1568,#1569,#867,.T.);
#1871=EDGE_CURVE('',#1568,#1562,#868,.T.);
#1872=EDGE_CURVE('',#1564,#1569,#869,.T.);
#1873=EDGE_CURVE('',#1570,#1571,#870,.T.);
#1874=EDGE_CURVE('',#1572,#1570,#871,.T.);
#1875=EDGE_CURVE('',#1573,#1572,#872,.T.);
#1876=EDGE_CURVE('',#1573,#1571,#873,.T.);
#1877=EDGE_CURVE('',#1571,#1574,#874,.T.);
#1878=EDGE_CURVE('',#1575,#1573,#875,.T.);
#1879=EDGE_CURVE('',#1575,#1574,#876,.T.);
#1880=EDGE_CURVE('',#1574,#1576,#877,.T.);
#1881=EDGE_CURVE('',#1577,#1575,#878,.T.);
#1882=EDGE_CURVE('',#1577,#1576,#879,.T.);
#1883=EDGE_CURVE('',#1576,#1570,#880,.T.);
#1884=EDGE_CURVE('',#1572,#1577,#881,.T.);
#1885=EDGE_CURVE('',#1578,#1579,#882,.T.);
#1886=EDGE_CURVE('',#1579,#1580,#883,.T.);
#1887=EDGE_CURVE('',#1581,#1580,#884,.T.);
#1888=EDGE_CURVE('',#1578,#1581,#885,.T.);
#1889=EDGE_CURVE('',#1582,#1578,#886,.T.);
#1890=EDGE_CURVE('',#1583,#1581,#887,.T.);
#1891=EDGE_CURVE('',#1582,#1583,#888,.T.);
#1892=EDGE_CURVE('',#1584,#1582,#889,.T.);
#1893=EDGE_CURVE('',#1585,#1583,#890,.T.);
#1894=EDGE_CURVE('',#1584,#1585,#891,.T.);
#1895=EDGE_CURVE('',#1584,#1579,#892,.T.);
#1896=EDGE_CURVE('',#1580,#1585,#893,.T.);
#1897=EDGE_CURVE('',#1586,#1587,#894,.T.);
#1898=EDGE_CURVE('',#1588,#1586,#895,.T.);
#1899=EDGE_CURVE('',#1589,#1588,#896,.T.);
#1900=EDGE_CURVE('',#1589,#1587,#897,.T.);
#1901=EDGE_CURVE('',#1587,#1590,#898,.T.);
#1902=EDGE_CURVE('',#1591,#1589,#899,.T.);
#1903=EDGE_CURVE('',#1591,#1590,#900,.T.);
#1904=EDGE_CURVE('',#1590,#1592,#901,.T.);
#1905=EDGE_CURVE('',#1593,#1591,#902,.T.);
#1906=EDGE_CURVE('',#1593,#1592,#903,.T.);
#1907=EDGE_CURVE('',#1592,#1586,#904,.T.);
#1908=EDGE_CURVE('',#1588,#1593,#905,.T.);
#1909=EDGE_CURVE('',#1594,#1595,#906,.T.);
#1910=EDGE_CURVE('',#1595,#1596,#907,.T.);
#1911=EDGE_CURVE('',#1597,#1596,#908,.T.);
#1912=EDGE_CURVE('',#1594,#1597,#909,.T.);
#1913=EDGE_CURVE('',#1598,#1594,#910,.T.);
#1914=EDGE_CURVE('',#1599,#1597,#911,.T.);
#1915=EDGE_CURVE('',#1598,#1599,#912,.T.);
#1916=EDGE_CURVE('',#1600,#1598,#913,.T.);
#1917=EDGE_CURVE('',#1601,#1599,#914,.T.);
#1918=EDGE_CURVE('',#1600,#1601,#915,.T.);
#1919=EDGE_CURVE('',#1595,#1600,#916,.T.);
#1920=EDGE_CURVE('',#1596,#1601,#917,.T.);
#1921=EDGE_CURVE('',#1602,#1603,#918,.T.);
#1922=EDGE_CURVE('',#1603,#1604,#919,.T.);
#1923=EDGE_CURVE('',#1605,#1604,#920,.T.);
#1924=EDGE_CURVE('',#1602,#1605,#921,.T.);
#1925=EDGE_CURVE('',#1606,#1602,#922,.T.);
#1926=EDGE_CURVE('',#1607,#1605,#923,.T.);
#1927=EDGE_CURVE('',#1606,#1607,#924,.T.);
#1928=EDGE_CURVE('',#1608,#1606,#925,.T.);
#1929=EDGE_CURVE('',#1609,#1607,#926,.T.);
#1930=EDGE_CURVE('',#1608,#1609,#927,.T.);
#1931=EDGE_CURVE('',#1603,#1608,#928,.T.);
#1932=EDGE_CURVE('',#1604,#1609,#929,.T.);
#1933=EDGE_CURVE('',#1610,#1611,#930,.T.);
#1934=EDGE_CURVE('',#1610,#1612,#931,.T.);
#1935=EDGE_CURVE('',#1613,#1612,#932,.T.);
#1936=EDGE_CURVE('',#1611,#1613,#933,.T.);
#1937=EDGE_CURVE('',#1611,#1614,#934,.T.);
#1938=EDGE_CURVE('',#1615,#1613,#935,.T.);
#1939=EDGE_CURVE('',#1614,#1615,#936,.T.);
#1940=EDGE_CURVE('',#1614,#1616,#937,.T.);
#1941=EDGE_CURVE('',#1617,#1615,#938,.T.);
#1942=EDGE_CURVE('',#1616,#1617,#939,.T.);
#1943=EDGE_CURVE('',#1616,#1610,#940,.T.);
#1944=EDGE_CURVE('',#1612,#1617,#941,.T.);
#1945=EDGE_CURVE('',#1618,#1618,#313,.T.);
#1946=EDGE_CURVE('',#1618,#1619,#942,.T.);
#1947=EDGE_CURVE('',#1619,#1619,#314,.T.);
#1948=EDGE_CURVE('',#1620,#1621,#943,.T.);
#1949=EDGE_CURVE('',#1620,#1622,#944,.T.);
#1950=EDGE_CURVE('',#1623,#1622,#945,.T.);
#1951=EDGE_CURVE('',#1621,#1623,#946,.T.);
#1952=EDGE_CURVE('',#1621,#1624,#947,.T.);
#1953=EDGE_CURVE('',#1625,#1623,#948,.T.);
#1954=EDGE_CURVE('',#1624,#1625,#949,.T.);
#1955=EDGE_CURVE('',#1624,#1626,#950,.T.);
#1956=EDGE_CURVE('',#1627,#1625,#951,.T.);
#1957=EDGE_CURVE('',#1626,#1627,#952,.T.);
#1958=EDGE_CURVE('',#1626,#1620,#953,.T.);
#1959=EDGE_CURVE('',#1622,#1627,#954,.T.);
#1960=EDGE_CURVE('',#1628,#1628,#315,.T.);
#1961=EDGE_CURVE('',#1628,#1629,#955,.T.);
#1962=EDGE_CURVE('',#1629,#1629,#316,.T.);
#1963=EDGE_CURVE('',#1630,#1630,#317,.T.);
#1964=EDGE_CURVE('',#1630,#1631,#956,.T.);
#1965=EDGE_CURVE('',#1631,#1631,#318,.T.);
#1966=EDGE_CURVE('',#1632,#1632,#319,.T.);
#1967=EDGE_CURVE('',#1632,#1633,#957,.T.);
#1968=EDGE_CURVE('',#1633,#1633,#320,.T.);
#1969=EDGE_CURVE('',#1634,#1634,#321,.T.);
#1970=EDGE_CURVE('',#1634,#1635,#958,.T.);
#1971=EDGE_CURVE('',#1635,#1635,#322,.T.);
#1972=EDGE_CURVE('',#1636,#1636,#323,.T.);
#1973=EDGE_CURVE('',#1636,#1637,#959,.T.);
#1974=EDGE_CURVE('',#1637,#1637,#324,.T.);
#1975=EDGE_CURVE('',#1638,#1638,#325,.T.);
#1976=EDGE_CURVE('',#1638,#1639,#960,.T.);
#1977=EDGE_CURVE('',#1639,#1639,#326,.T.);
#1978=EDGE_CURVE('',#1640,#1640,#327,.T.);
#1979=EDGE_CURVE('',#1640,#1641,#961,.T.);
#1980=EDGE_CURVE('',#1641,#1641,#328,.T.);
#1981=EDGE_CURVE('',#1642,#1642,#329,.T.);
#1982=EDGE_CURVE('',#1642,#1643,#962,.T.);
#1983=EDGE_CURVE('',#1643,#1643,#330,.T.);
#1984=EDGE_CURVE('',#1644,#1645,#963,.T.);
#1985=EDGE_CURVE('',#1644,#1646,#964,.T.);
#1986=EDGE_CURVE('',#1647,#1646,#965,.T.);
#1987=EDGE_CURVE('',#1645,#1647,#966,.T.);
#1988=EDGE_CURVE('',#1645,#1648,#967,.T.);
#1989=EDGE_CURVE('',#1649,#1647,#968,.T.);
#1990=EDGE_CURVE('',#1648,#1649,#969,.T.);
#1991=EDGE_CURVE('',#1648,#1650,#970,.T.);
#1992=EDGE_CURVE('',#1651,#1649,#971,.T.);
#1993=EDGE_CURVE('',#1650,#1651,#972,.T.);
#1994=EDGE_CURVE('',#1650,#1652,#973,.T.);
#1995=EDGE_CURVE('',#1653,#1651,#974,.T.);
#1996=EDGE_CURVE('',#1652,#1653,#975,.T.);
#1997=EDGE_CURVE('',#1652,#1654,#976,.T.);
#1998=EDGE_CURVE('',#1655,#1653,#977,.T.);
#1999=EDGE_CURVE('',#1656,#1655,#978,.T.);
#2000=EDGE_CURVE('',#1654,#1656,#979,.T.);
#2001=EDGE_CURVE('',#1654,#1657,#980,.T.);
#2002=EDGE_CURVE('',#1658,#1656,#981,.T.);
#2003=EDGE_CURVE('',#1657,#1658,#982,.T.);
#2004=EDGE_CURVE('',#1657,#1659,#983,.T.);
#2005=EDGE_CURVE('',#1660,#1658,#984,.T.);
#2006=EDGE_CURVE('',#1659,#1660,#985,.T.);
#2007=EDGE_CURVE('',#1659,#1644,#986,.T.);
#2008=EDGE_CURVE('',#1646,#1660,#987,.T.);
#2009=EDGE_CURVE('',#1661,#1662,#988,.T.);
#2010=EDGE_CURVE('',#1661,#1663,#989,.T.);
#2011=EDGE_CURVE('',#1664,#1663,#990,.T.);
#2012=EDGE_CURVE('',#1662,#1664,#991,.T.);
#2013=EDGE_CURVE('',#1662,#1665,#992,.T.);
#2014=EDGE_CURVE('',#1666,#1664,#993,.T.);
#2015=EDGE_CURVE('',#1665,#1666,#994,.T.);
#2016=EDGE_CURVE('',#1665,#1667,#995,.T.);
#2017=EDGE_CURVE('',#1668,#1666,#996,.T.);
#2018=EDGE_CURVE('',#1667,#1668,#997,.T.);
#2019=EDGE_CURVE('',#1667,#1661,#998,.T.);
#2020=EDGE_CURVE('',#1663,#1668,#999,.T.);
#2021=EDGE_CURVE('',#1669,#1670,#1000,.T.);
#2022=EDGE_CURVE('',#1669,#1671,#1001,.T.);
#2023=EDGE_CURVE('',#1672,#1671,#1002,.T.);
#2024=EDGE_CURVE('',#1670,#1672,#1003,.T.);
#2025=EDGE_CURVE('',#1670,#1673,#1004,.T.);
#2026=EDGE_CURVE('',#1674,#1672,#1005,.T.);
#2027=EDGE_CURVE('',#1673,#1674,#1006,.T.);
#2028=EDGE_CURVE('',#1673,#1675,#1007,.T.);
#2029=EDGE_CURVE('',#1676,#1674,#1008,.T.);
#2030=EDGE_CURVE('',#1675,#1676,#1009,.T.);
#2031=EDGE_CURVE('',#1669,#1675,#1010,.T.);
#2032=EDGE_CURVE('',#1671,#1676,#1011,.T.);
#2033=EDGE_CURVE('',#1677,#1678,#1012,.T.);
#2034=EDGE_CURVE('',#1679,#1677,#1013,.T.);
#2035=EDGE_CURVE('',#1680,#1679,#1014,.T.);
#2036=EDGE_CURVE('',#1680,#1678,#1015,.T.);
#2037=EDGE_CURVE('',#1678,#1681,#1016,.T.);
#2038=EDGE_CURVE('',#1682,#1680,#1017,.T.);
#2039=EDGE_CURVE('',#1682,#1681,#1018,.T.);
#2040=EDGE_CURVE('',#1681,#1683,#1019,.T.);
#2041=EDGE_CURVE('',#1684,#1682,#1020,.T.);
#2042=EDGE_CURVE('',#1684,#1683,#1021,.T.);
#2043=EDGE_CURVE('',#1683,#1677,#1022,.T.);
#2044=EDGE_CURVE('',#1679,#1684,#1023,.T.);
#2045=EDGE_CURVE('',#1685,#1686,#1024,.T.);
#2046=EDGE_CURVE('',#1685,#1687,#1025,.T.);
#2047=EDGE_CURVE('',#1688,#1687,#1026,.T.);
#2048=EDGE_CURVE('',#1686,#1688,#1027,.T.);
#2049=EDGE_CURVE('',#1686,#1689,#1028,.T.);
#2050=EDGE_CURVE('',#1690,#1688,#1029,.T.);
#2051=EDGE_CURVE('',#1689,#1690,#1030,.T.);
#2052=EDGE_CURVE('',#1689,#1691,#1031,.T.);
#2053=EDGE_CURVE('',#1692,#1690,#1032,.T.);
#2054=EDGE_CURVE('',#1691,#1692,#1033,.T.);
#2055=EDGE_CURVE('',#1691,#1685,#1034,.T.);
#2056=EDGE_CURVE('',#1687,#1692,#1035,.T.);
#2057=EDGE_CURVE('',#1693,#1694,#1036,.T.);
#2058=EDGE_CURVE('',#1693,#1695,#1037,.T.);
#2059=EDGE_CURVE('',#1696,#1695,#1038,.T.);
#2060=EDGE_CURVE('',#1694,#1696,#1039,.T.);
#2061=EDGE_CURVE('',#1694,#1697,#1040,.T.);
#2062=EDGE_CURVE('',#1698,#1696,#1041,.T.);
#2063=EDGE_CURVE('',#1697,#1698,#1042,.T.);
#2064=EDGE_CURVE('',#1697,#1699,#1043,.T.);
#2065=EDGE_CURVE('',#1700,#1698,#1044,.T.);
#2066=EDGE_CURVE('',#1699,#1700,#1045,.T.);
#2067=EDGE_CURVE('',#1699,#1693,#1046,.T.);
#2068=EDGE_CURVE('',#1695,#1700,#1047,.T.);
#2069=EDGE_CURVE('',#1701,#1702,#1048,.T.);
#2070=EDGE_CURVE('',#1702,#1703,#1049,.T.);
#2071=EDGE_CURVE('',#1704,#1703,#1050,.T.);
#2072=EDGE_CURVE('',#1701,#1704,#1051,.T.);
#2073=EDGE_CURVE('',#1705,#1701,#1052,.T.);
#2074=EDGE_CURVE('',#1706,#1704,#1053,.T.);
#2075=EDGE_CURVE('',#1705,#1706,#1054,.T.);
#2076=EDGE_CURVE('',#1707,#1705,#1055,.T.);
#2077=EDGE_CURVE('',#1708,#1706,#1056,.T.);
#2078=EDGE_CURVE('',#1707,#1708,#1057,.T.);
#2079=EDGE_CURVE('',#1702,#1707,#1058,.T.);
#2080=EDGE_CURVE('',#1703,#1708,#1059,.T.);
#2081=EDGE_CURVE('',#1709,#1709,#331,.T.);
#2082=EDGE_CURVE('',#1709,#1710,#1060,.T.);
#2083=EDGE_CURVE('',#1710,#1710,#332,.T.);
#2084=EDGE_CURVE('',#1711,#1711,#333,.T.);
#2085=EDGE_CURVE('',#1711,#1712,#1061,.T.);
#2086=EDGE_CURVE('',#1712,#1712,#334,.T.);
#2087=EDGE_CURVE('',#1713,#1713,#335,.T.);
#2088=EDGE_CURVE('',#1714,#1714,#336,.T.);
#2089=EDGE_CURVE('',#1714,#1715,#1062,.T.);
#2090=EDGE_CURVE('',#1715,#1715,#337,.T.);
#2091=EDGE_CURVE('',#1716,#1716,#338,.T.);
#2092=EDGE_CURVE('',#1717,#1717,#339,.T.);
#2093=EDGE_CURVE('',#1717,#1718,#1063,.T.);
#2094=EDGE_CURVE('',#1718,#1718,#340,.T.);
#2095=EDGE_CURVE('',#1719,#1719,#341,.T.);
#2096=EDGE_CURVE('',#1720,#1720,#342,.T.);
#2097=EDGE_CURVE('',#1720,#1721,#1064,.T.);
#2098=EDGE_CURVE('',#1721,#1721,#343,.T.);
#2099=EDGE_CURVE('',#1722,#1722,#344,.T.);
#2100=EDGE_CURVE('',#1716,#1723,#1065,.T.);
#2101=EDGE_CURVE('',#1723,#1723,#345,.T.);
#2102=EDGE_CURVE('',#1713,#1724,#1066,.T.);
#2103=EDGE_CURVE('',#1724,#1724,#346,.T.);
#2104=EDGE_CURVE('',#1722,#1725,#1067,.T.);
#2105=EDGE_CURVE('',#1725,#1725,#347,.T.);
#2106=EDGE_CURVE('',#1719,#1726,#1068,.T.);
#2107=EDGE_CURVE('',#1726,#1726,#348,.T.);
#2108=EDGE_CURVE('',#1727,#1728,#1069,.T.);
#2109=EDGE_CURVE('',#1728,#1729,#1070,.T.);
#2110=EDGE_CURVE('',#1730,#1729,#1071,.T.);
#2111=EDGE_CURVE('',#1727,#1730,#1072,.T.);
#2112=EDGE_CURVE('',#1731,#1727,#1073,.T.);
#2113=EDGE_CURVE('',#1732,#1730,#1074,.T.);
#2114=EDGE_CURVE('',#1731,#1732,#1075,.T.);
#2115=EDGE_CURVE('',#1733,#1731,#1076,.T.);
#2116=EDGE_CURVE('',#1734,#1732,#1077,.T.);
#2117=EDGE_CURVE('',#1733,#1734,#1078,.T.);
#2118=EDGE_CURVE('',#1728,#1733,#1079,.T.);
#2119=EDGE_CURVE('',#1729,#1734,#1080,.T.);
#2120=EDGE_CURVE('',#1735,#1735,#1522,.T.);
#2121=EDGE_CURVE('',#1735,#1736,#1081,.T.);
#2122=EDGE_CURVE('',#1736,#1736,#1523,.T.);
#2123=EDGE_CURVE('',#1737,#1738,#1524,.T.);
#2124=EDGE_CURVE('',#1739,#1737,#1525,.T.);
#2125=EDGE_CURVE('',#1739,#1740,#1082,.T.);
#2126=EDGE_CURVE('',#1740,#1740,#1526,.T.);
#2127=EDGE_CURVE('',#1738,#1739,#1527,.T.);
#2128=EDGE_CURVE('',#1741,#1741,#1528,.T.);
#2129=EDGE_CURVE('',#1741,#1742,#1083,.T.);
#2130=EDGE_CURVE('',#1742,#1742,#1529,.T.);
#2131=EDGE_CURVE('',#1743,#1744,#1530,.T.);
#2132=EDGE_CURVE('',#1745,#1743,#1531,.T.);
#2133=EDGE_CURVE('',#1745,#1746,#1084,.T.);
#2134=EDGE_CURVE('',#1746,#1746,#1532,.T.);
#2135=EDGE_CURVE('',#1744,#1745,#1533,.T.);
#2136=EDGE_CURVE('',#1747,#1747,#349,.T.);
#2137=EDGE_CURVE('',#1747,#1748,#1085,.T.);
#2138=EDGE_CURVE('',#1748,#1748,#350,.T.);
#2139=EDGE_CURVE('',#1749,#1749,#351,.T.);
#2140=EDGE_CURVE('',#1749,#1750,#1086,.T.);
#2141=EDGE_CURVE('',#1750,#1750,#352,.T.);
#2142=EDGE_CURVE('',#1751,#1751,#353,.T.);
#2143=EDGE_CURVE('',#1751,#1752,#1087,.T.);
#2144=EDGE_CURVE('',#1752,#1752,#354,.T.);
#2145=EDGE_CURVE('',#1753,#1753,#355,.T.);
#2146=EDGE_CURVE('',#1753,#1754,#1088,.T.);
#2147=EDGE_CURVE('',#1754,#1754,#356,.T.);
#2148=EDGE_CURVE('',#1755,#1755,#357,.T.);
#2149=EDGE_CURVE('',#1755,#1756,#1089,.T.);
#2150=EDGE_CURVE('',#1756,#1756,#358,.T.);
#2151=EDGE_CURVE('',#1757,#1757,#359,.T.);
#2152=EDGE_CURVE('',#1757,#1758,#1090,.T.);
#2153=EDGE_CURVE('',#1758,#1758,#360,.T.);
#2154=EDGE_CURVE('',#1759,#1759,#361,.T.);
#2155=EDGE_CURVE('',#1759,#1760,#1091,.T.);
#2156=EDGE_CURVE('',#1760,#1760,#362,.T.);
#2157=EDGE_CURVE('',#1761,#1761,#363,.T.);
#2158=EDGE_CURVE('',#1761,#1762,#1092,.T.);
#2159=EDGE_CURVE('',#1762,#1762,#364,.T.);
#2160=EDGE_CURVE('',#1763,#1764,#1093,.T.);
#2161=EDGE_CURVE('',#1763,#1765,#1094,.T.);
#2162=EDGE_CURVE('',#1766,#1765,#1095,.T.);
#2163=EDGE_CURVE('',#1764,#1766,#1096,.T.);
#2164=EDGE_CURVE('',#1764,#1767,#1097,.T.);
#2165=EDGE_CURVE('',#1768,#1766,#1098,.T.);
#2166=EDGE_CURVE('',#1767,#1768,#1099,.T.);
#2167=EDGE_CURVE('',#1767,#1769,#1100,.T.);
#2168=EDGE_CURVE('',#1770,#1768,#1101,.T.);
#2169=EDGE_CURVE('',#1769,#1770,#1102,.T.);
#2170=EDGE_CURVE('',#1769,#1763,#1103,.T.);
#2171=EDGE_CURVE('',#1765,#1770,#1104,.T.);
#2172=EDGE_CURVE('',#1771,#1772,#1105,.T.);
#2173=EDGE_CURVE('',#1773,#1771,#1106,.T.);
#2174=EDGE_CURVE('',#1774,#1773,#1107,.T.);
#2175=EDGE_CURVE('',#1774,#1772,#1108,.T.);
#2176=EDGE_CURVE('',#1772,#1775,#1109,.T.);
#2177=EDGE_CURVE('',#1776,#1774,#1110,.T.);
#2178=EDGE_CURVE('',#1776,#1775,#1111,.T.);
#2179=EDGE_CURVE('',#1775,#1777,#1112,.T.);
#2180=EDGE_CURVE('',#1778,#1776,#1113,.T.);
#2181=EDGE_CURVE('',#1778,#1777,#1114,.T.);
#2182=EDGE_CURVE('',#1777,#1771,#1115,.T.);
#2183=EDGE_CURVE('',#1773,#1778,#1116,.T.);
#2184=EDGE_CURVE('',#1779,#1780,#1117,.T.);
#2185=EDGE_CURVE('',#1780,#1781,#1118,.T.);
#2186=EDGE_CURVE('',#1782,#1781,#1119,.T.);
#2187=EDGE_CURVE('',#1779,#1782,#1120,.T.);
#2188=EDGE_CURVE('',#1783,#1779,#1121,.T.);
#2189=EDGE_CURVE('',#1784,#1782,#1122,.T.);
#2190=EDGE_CURVE('',#1783,#1784,#1123,.T.);
#2191=EDGE_CURVE('',#1785,#1783,#1124,.T.);
#2192=EDGE_CURVE('',#1786,#1784,#1125,.T.);
#2193=EDGE_CURVE('',#1785,#1786,#1126,.T.);
#2194=EDGE_CURVE('',#1785,#1780,#1127,.T.);
#2195=EDGE_CURVE('',#1781,#1786,#1128,.T.);
#2196=EDGE_CURVE('',#1787,#1788,#1129,.T.);
#2197=EDGE_CURVE('',#1788,#1789,#1130,.T.);
#2198=EDGE_CURVE('',#1790,#1789,#1131,.T.);
#2199=EDGE_CURVE('',#1787,#1790,#1132,.T.);
#2200=EDGE_CURVE('',#1791,#1787,#1133,.T.);
#2201=EDGE_CURVE('',#1792,#1790,#1134,.T.);
#2202=EDGE_CURVE('',#1791,#1792,#1135,.T.);
#2203=EDGE_CURVE('',#1793,#1791,#1136,.T.);
#2204=EDGE_CURVE('',#1794,#1792,#1137,.T.);
#2205=EDGE_CURVE('',#1793,#1794,#1138,.T.);
#2206=EDGE_CURVE('',#1788,#1793,#1139,.T.);
#2207=EDGE_CURVE('',#1789,#1794,#1140,.T.);
#2208=EDGE_CURVE('',#1795,#1796,#1141,.T.);
#2209=EDGE_CURVE('',#1796,#1797,#1142,.T.);
#2210=EDGE_CURVE('',#1798,#1797,#1143,.T.);
#2211=EDGE_CURVE('',#1795,#1798,#1144,.T.);
#2212=EDGE_CURVE('',#1799,#1795,#1145,.T.);
#2213=EDGE_CURVE('',#1800,#1798,#1146,.T.);
#2214=EDGE_CURVE('',#1799,#1800,#1147,.T.);
#2215=EDGE_CURVE('',#1801,#1799,#1148,.T.);
#2216=EDGE_CURVE('',#1802,#1800,#1149,.T.);
#2217=EDGE_CURVE('',#1801,#1802,#1150,.T.);
#2218=EDGE_CURVE('',#1796,#1801,#1151,.T.);
#2219=EDGE_CURVE('',#1797,#1802,#1152,.T.);
#2220=EDGE_CURVE('',#1803,#1804,#1153,.T.);
#2221=EDGE_CURVE('',#1803,#1805,#1154,.T.);
#2222=EDGE_CURVE('',#1806,#1805,#1155,.T.);
#2223=EDGE_CURVE('',#1804,#1806,#1156,.T.);
#2224=EDGE_CURVE('',#1804,#1807,#1157,.T.);
#2225=EDGE_CURVE('',#1808,#1806,#1158,.T.);
#2226=EDGE_CURVE('',#1807,#1808,#1159,.T.);
#2227=EDGE_CURVE('',#1807,#1809,#1160,.T.);
#2228=EDGE_CURVE('',#1810,#1808,#1161,.T.);
#2229=EDGE_CURVE('',#1809,#1810,#1162,.T.);
#2230=EDGE_CURVE('',#1809,#1803,#1163,.T.);
#2231=EDGE_CURVE('',#1805,#1810,#1164,.T.);
#2232=EDGE_CURVE('',#1811,#1811,#365,.T.);
#2233=EDGE_CURVE('',#1811,#1812,#1165,.T.);
#2234=EDGE_CURVE('',#1812,#1812,#366,.T.);
#2235=EDGE_CURVE('',#1813,#1814,#1166,.T.);
#2236=EDGE_CURVE('',#1813,#1815,#1167,.T.);
#2237=EDGE_CURVE('',#1816,#1815,#1168,.T.);
#2238=EDGE_CURVE('',#1814,#1816,#1169,.T.);
#2239=EDGE_CURVE('',#1814,#1817,#1170,.T.);
#2240=EDGE_CURVE('',#1818,#1816,#1171,.T.);
#2241=EDGE_CURVE('',#1817,#1818,#1172,.T.);
#2242=EDGE_CURVE('',#1817,#1819,#1173,.T.);
#2243=EDGE_CURVE('',#1820,#1818,#1174,.T.);
#2244=EDGE_CURVE('',#1819,#1820,#1175,.T.);
#2245=EDGE_CURVE('',#1819,#1813,#1176,.T.);
#2246=EDGE_CURVE('',#1815,#1820,#1177,.T.);
#2247=ORIENTED_EDGE('',*,*,#1821,.F.);
#2248=ORIENTED_EDGE('',*,*,#1822,.T.);
#2249=ORIENTED_EDGE('',*,*,#1823,.F.);
#2250=ORIENTED_EDGE('',*,*,#1822,.F.);
#2251=ORIENTED_EDGE('',*,*,#1824,.F.);
#2252=ORIENTED_EDGE('',*,*,#1825,.F.);
#2253=ORIENTED_EDGE('',*,*,#1826,.T.);
#2254=ORIENTED_EDGE('',*,*,#1827,.F.);
#2255=ORIENTED_EDGE('',*,*,#1826,.F.);
#2256=ORIENTED_EDGE('',*,*,#1828,.F.);
#2257=ORIENTED_EDGE('',*,*,#1829,.F.);
#2258=ORIENTED_EDGE('',*,*,#1830,.T.);
#2259=ORIENTED_EDGE('',*,*,#1831,.F.);
#2260=ORIENTED_EDGE('',*,*,#1830,.F.);
#2261=ORIENTED_EDGE('',*,*,#1832,.F.);
#2262=ORIENTED_EDGE('',*,*,#1833,.F.);
#2263=ORIENTED_EDGE('',*,*,#1834,.T.);
#2264=ORIENTED_EDGE('',*,*,#1835,.F.);
#2265=ORIENTED_EDGE('',*,*,#1834,.F.);
#2266=ORIENTED_EDGE('',*,*,#1836,.F.);
#2267=ORIENTED_EDGE('',*,*,#1837,.F.);
#2268=ORIENTED_EDGE('',*,*,#1838,.T.);
#2269=ORIENTED_EDGE('',*,*,#1839,.F.);
#2270=ORIENTED_EDGE('',*,*,#1838,.F.);
#2271=ORIENTED_EDGE('',*,*,#1835,.T.);
#2272=ORIENTED_EDGE('',*,*,#1832,.T.);
#2273=ORIENTED_EDGE('',*,*,#1836,.T.);
#2274=ORIENTED_EDGE('',*,*,#1833,.T.);
#2275=ORIENTED_EDGE('',*,*,#1837,.T.);
#2276=ORIENTED_EDGE('',*,*,#1840,.F.);
#2277=ORIENTED_EDGE('',*,*,#1841,.T.);
#2278=ORIENTED_EDGE('',*,*,#1842,.F.);
#2279=ORIENTED_EDGE('',*,*,#1841,.F.);
#2280=ORIENTED_EDGE('',*,*,#1831,.T.);
#2281=ORIENTED_EDGE('',*,*,#1829,.T.);
#2282=ORIENTED_EDGE('',*,*,#1840,.T.);
#2283=ORIENTED_EDGE('',*,*,#1843,.F.);
#2284=ORIENTED_EDGE('',*,*,#1844,.T.);
#2285=ORIENTED_EDGE('',*,*,#1845,.F.);
#2286=ORIENTED_EDGE('',*,*,#1844,.F.);
#2287=ORIENTED_EDGE('',*,*,#1827,.T.);
#2288=ORIENTED_EDGE('',*,*,#1824,.T.);
#2289=ORIENTED_EDGE('',*,*,#1828,.T.);
#2290=ORIENTED_EDGE('',*,*,#1825,.T.);
#2291=ORIENTED_EDGE('',*,*,#1843,.T.);
#2292=ORIENTED_EDGE('',*,*,#1846,.F.);
#2293=ORIENTED_EDGE('',*,*,#1847,.T.);
#2294=ORIENTED_EDGE('',*,*,#1848,.F.);
#2295=ORIENTED_EDGE('',*,*,#1847,.F.);
#2296=ORIENTED_EDGE('',*,*,#1823,.T.);
#2297=ORIENTED_EDGE('',*,*,#1821,.T.);
#2298=ORIENTED_EDGE('',*,*,#1846,.T.);
#2299=ORIENTED_EDGE('',*,*,#1849,.F.);
#2300=ORIENTED_EDGE('',*,*,#1850,.T.);
#2301=ORIENTED_EDGE('',*,*,#1851,.F.);
#2302=ORIENTED_EDGE('',*,*,#1850,.F.);
#2303=ORIENTED_EDGE('',*,*,#1849,.T.);
#2304=ORIENTED_EDGE('',*,*,#1845,.T.);
#2305=ORIENTED_EDGE('',*,*,#1852,.F.);
#2306=ORIENTED_EDGE('',*,*,#1853,.T.);
#2307=ORIENTED_EDGE('',*,*,#1854,.F.);
#2308=ORIENTED_EDGE('',*,*,#1853,.F.);
#2309=ORIENTED_EDGE('',*,*,#1852,.T.);
#2310=ORIENTED_EDGE('',*,*,#1848,.T.);
#2311=ORIENTED_EDGE('',*,*,#1855,.F.);
#2312=ORIENTED_EDGE('',*,*,#1856,.T.);
#2313=ORIENTED_EDGE('',*,*,#1857,.F.);
#2314=ORIENTED_EDGE('',*,*,#1856,.F.);
#2315=ORIENTED_EDGE('',*,*,#1855,.T.);
#2316=ORIENTED_EDGE('',*,*,#1839,.T.);
#2317=ORIENTED_EDGE('',*,*,#1858,.F.);
#2318=ORIENTED_EDGE('',*,*,#1859,.T.);
#2319=ORIENTED_EDGE('',*,*,#1860,.F.);
#2320=ORIENTED_EDGE('',*,*,#1859,.F.);
#2321=ORIENTED_EDGE('',*,*,#1858,.T.);
#2322=ORIENTED_EDGE('',*,*,#1842,.T.);
#2323=ORIENTED_EDGE('',*,*,#1861,.F.);
#2324=ORIENTED_EDGE('',*,*,#1862,.T.);
#2325=ORIENTED_EDGE('',*,*,#1863,.F.);
#2326=ORIENTED_EDGE('',*,*,#1864,.F.);
#2327=ORIENTED_EDGE('',*,*,#1865,.F.);
#2328=ORIENTED_EDGE('',*,*,#1864,.T.);
#2329=ORIENTED_EDGE('',*,*,#1866,.F.);
#2330=ORIENTED_EDGE('',*,*,#1867,.F.);
#2331=ORIENTED_EDGE('',*,*,#1868,.F.);
#2332=ORIENTED_EDGE('',*,*,#1867,.T.);
#2333=ORIENTED_EDGE('',*,*,#1869,.F.);
#2334=ORIENTED_EDGE('',*,*,#1870,.F.);
#2335=ORIENTED_EDGE('',*,*,#1871,.F.);
#2336=ORIENTED_EDGE('',*,*,#1870,.T.);
#2337=ORIENTED_EDGE('',*,*,#1872,.F.);
#2338=ORIENTED_EDGE('',*,*,#1862,.F.);
#2339=ORIENTED_EDGE('',*,*,#1872,.T.);
#2340=ORIENTED_EDGE('',*,*,#1869,.T.);
#2341=ORIENTED_EDGE('',*,*,#1866,.T.);
#2342=ORIENTED_EDGE('',*,*,#1863,.T.);
#2343=ORIENTED_EDGE('',*,*,#1851,.T.);
#2344=ORIENTED_EDGE('',*,*,#1854,.T.);
#2345=ORIENTED_EDGE('',*,*,#1857,.T.);
#2346=ORIENTED_EDGE('',*,*,#1860,.T.);
#2347=ORIENTED_EDGE('',*,*,#1871,.T.);
#2348=ORIENTED_EDGE('',*,*,#1861,.T.);
#2349=ORIENTED_EDGE('',*,*,#1865,.T.);
#2350=ORIENTED_EDGE('',*,*,#1868,.T.);
#2351=ORIENTED_EDGE('',*,*,#1873,.F.);
#2352=ORIENTED_EDGE('',*,*,#1874,.F.);
#2353=ORIENTED_EDGE('',*,*,#1875,.F.);
#2354=ORIENTED_EDGE('',*,*,#1876,.T.);
#2355=ORIENTED_EDGE('',*,*,#1877,.F.);
#2356=ORIENTED_EDGE('',*,*,#1876,.F.);
#2357=ORIENTED_EDGE('',*,*,#1878,.F.);
#2358=ORIENTED_EDGE('',*,*,#1879,.T.);
#2359=ORIENTED_EDGE('',*,*,#1880,.F.);
#2360=ORIENTED_EDGE('',*,*,#1879,.F.);
#2361=ORIENTED_EDGE('',*,*,#1881,.F.);
#2362=ORIENTED_EDGE('',*,*,#1882,.T.);
#2363=ORIENTED_EDGE('',*,*,#1883,.F.);
#2364=ORIENTED_EDGE('',*,*,#1882,.F.);
#2365=ORIENTED_EDGE('',*,*,#1884,.F.);
#2366=ORIENTED_EDGE('',*,*,#1874,.T.);
#2367=ORIENTED_EDGE('',*,*,#1885,.T.);
#2368=ORIENTED_EDGE('',*,*,#1886,.T.);
#2369=ORIENTED_EDGE('',*,*,#1887,.F.);
#2370=ORIENTED_EDGE('',*,*,#1888,.F.);
#2371=ORIENTED_EDGE('',*,*,#1889,.T.);
#2372=ORIENTED_EDGE('',*,*,#1888,.T.);
#2373=ORIENTED_EDGE('',*,*,#1890,.F.);
#2374=ORIENTED_EDGE('',*,*,#1891,.F.);
#2375=ORIENTED_EDGE('',*,*,#1875,.T.);
#2376=ORIENTED_EDGE('',*,*,#1884,.T.);
#2377=ORIENTED_EDGE('',*,*,#1881,.T.);
#2378=ORIENTED_EDGE('',*,*,#1878,.T.);
#2379=ORIENTED_EDGE('',*,*,#1892,.T.);
#2380=ORIENTED_EDGE('',*,*,#1891,.T.);
#2381=ORIENTED_EDGE('',*,*,#1893,.F.);
#2382=ORIENTED_EDGE('',*,*,#1894,.F.);
#2383=ORIENTED_EDGE('',*,*,#1895,.F.);
#2384=ORIENTED_EDGE('',*,*,#1894,.T.);
#2385=ORIENTED_EDGE('',*,*,#1896,.F.);
#2386=ORIENTED_EDGE('',*,*,#1886,.F.);
#2387=ORIENTED_EDGE('',*,*,#1873,.T.);
#2388=ORIENTED_EDGE('',*,*,#1877,.T.);
#2389=ORIENTED_EDGE('',*,*,#1880,.T.);
#2390=ORIENTED_EDGE('',*,*,#1883,.T.);
#2391=ORIENTED_EDGE('',*,*,#1896,.T.);
#2392=ORIENTED_EDGE('',*,*,#1893,.T.);
#2393=ORIENTED_EDGE('',*,*,#1890,.T.);
#2394=ORIENTED_EDGE('',*,*,#1887,.T.);
#2395=ORIENTED_EDGE('',*,*,#1895,.T.);
#2396=ORIENTED_EDGE('',*,*,#1885,.F.);
#2397=ORIENTED_EDGE('',*,*,#1889,.F.);
#2398=ORIENTED_EDGE('',*,*,#1892,.F.);
#2399=ORIENTED_EDGE('',*,*,#1897,.F.);
#2400=ORIENTED_EDGE('',*,*,#1898,.F.);
#2401=ORIENTED_EDGE('',*,*,#1899,.F.);
#2402=ORIENTED_EDGE('',*,*,#1900,.T.);
#2403=ORIENTED_EDGE('',*,*,#1901,.F.);
#2404=ORIENTED_EDGE('',*,*,#1900,.F.);
#2405=ORIENTED_EDGE('',*,*,#1902,.F.);
#2406=ORIENTED_EDGE('',*,*,#1903,.T.);
#2407=ORIENTED_EDGE('',*,*,#1904,.F.);
#2408=ORIENTED_EDGE('',*,*,#1903,.F.);
#2409=ORIENTED_EDGE('',*,*,#1905,.F.);
#2410=ORIENTED_EDGE('',*,*,#1906,.T.);
#2411=ORIENTED_EDGE('',*,*,#1907,.F.);
#2412=ORIENTED_EDGE('',*,*,#1906,.F.);
#2413=ORIENTED_EDGE('',*,*,#1908,.F.);
#2414=ORIENTED_EDGE('',*,*,#1898,.T.);
#2415=ORIENTED_EDGE('',*,*,#1909,.T.);
#2416=ORIENTED_EDGE('',*,*,#1910,.T.);
#2417=ORIENTED_EDGE('',*,*,#1911,.F.);
#2418=ORIENTED_EDGE('',*,*,#1912,.F.);
#2419=ORIENTED_EDGE('',*,*,#1913,.T.);
#2420=ORIENTED_EDGE('',*,*,#1912,.T.);
#2421=ORIENTED_EDGE('',*,*,#1914,.F.);
#2422=ORIENTED_EDGE('',*,*,#1915,.F.);
#2423=ORIENTED_EDGE('',*,*,#1897,.T.);
#2424=ORIENTED_EDGE('',*,*,#1901,.T.);
#2425=ORIENTED_EDGE('',*,*,#1904,.T.);
#2426=ORIENTED_EDGE('',*,*,#1907,.T.);
#2427=ORIENTED_EDGE('',*,*,#1916,.T.);
#2428=ORIENTED_EDGE('',*,*,#1915,.T.);
#2429=ORIENTED_EDGE('',*,*,#1917,.F.);
#2430=ORIENTED_EDGE('',*,*,#1918,.F.);
#2431=ORIENTED_EDGE('',*,*,#1919,.T.);
#2432=ORIENTED_EDGE('',*,*,#1918,.T.);
#2433=ORIENTED_EDGE('',*,*,#1920,.F.);
#2434=ORIENTED_EDGE('',*,*,#1910,.F.);
#2435=ORIENTED_EDGE('',*,*,#1899,.T.);
#2436=ORIENTED_EDGE('',*,*,#1908,.T.);
#2437=ORIENTED_EDGE('',*,*,#1905,.T.);
#2438=ORIENTED_EDGE('',*,*,#1902,.T.);
#2439=ORIENTED_EDGE('',*,*,#1920,.T.);
#2440=ORIENTED_EDGE('',*,*,#1917,.T.);
#2441=ORIENTED_EDGE('',*,*,#1914,.T.);
#2442=ORIENTED_EDGE('',*,*,#1911,.T.);
#2443=ORIENTED_EDGE('',*,*,#1919,.F.);
#2444=ORIENTED_EDGE('',*,*,#1909,.F.);
#2445=ORIENTED_EDGE('',*,*,#1913,.F.);
#2446=ORIENTED_EDGE('',*,*,#1916,.F.);
#2447=ORIENTED_EDGE('',*,*,#1921,.T.);
#2448=ORIENTED_EDGE('',*,*,#1922,.T.);
#2449=ORIENTED_EDGE('',*,*,#1923,.F.);
#2450=ORIENTED_EDGE('',*,*,#1924,.F.);
#2451=ORIENTED_EDGE('',*,*,#1925,.T.);
#2452=ORIENTED_EDGE('',*,*,#1924,.T.);
#2453=ORIENTED_EDGE('',*,*,#1926,.F.);
#2454=ORIENTED_EDGE('',*,*,#1927,.F.);
#2455=ORIENTED_EDGE('',*,*,#1928,.T.);
#2456=ORIENTED_EDGE('',*,*,#1927,.T.);
#2457=ORIENTED_EDGE('',*,*,#1929,.F.);
#2458=ORIENTED_EDGE('',*,*,#1930,.F.);
#2459=ORIENTED_EDGE('',*,*,#1931,.T.);
#2460=ORIENTED_EDGE('',*,*,#1930,.T.);
#2461=ORIENTED_EDGE('',*,*,#1932,.F.);
#2462=ORIENTED_EDGE('',*,*,#1922,.F.);
#2463=ORIENTED_EDGE('',*,*,#1932,.T.);
#2464=ORIENTED_EDGE('',*,*,#1929,.T.);
#2465=ORIENTED_EDGE('',*,*,#1926,.T.);
#2466=ORIENTED_EDGE('',*,*,#1923,.T.);
#2467=ORIENTED_EDGE('',*,*,#1931,.F.);
#2468=ORIENTED_EDGE('',*,*,#1921,.F.);
#2469=ORIENTED_EDGE('',*,*,#1925,.F.);
#2470=ORIENTED_EDGE('',*,*,#1928,.F.);
#2471=ORIENTED_EDGE('',*,*,#1933,.F.);
#2472=ORIENTED_EDGE('',*,*,#1934,.T.);
#2473=ORIENTED_EDGE('',*,*,#1935,.F.);
#2474=ORIENTED_EDGE('',*,*,#1936,.F.);
#2475=ORIENTED_EDGE('',*,*,#1937,.F.);
#2476=ORIENTED_EDGE('',*,*,#1936,.T.);
#2477=ORIENTED_EDGE('',*,*,#1938,.F.);
#2478=ORIENTED_EDGE('',*,*,#1939,.F.);
#2479=ORIENTED_EDGE('',*,*,#1940,.F.);
#2480=ORIENTED_EDGE('',*,*,#1939,.T.);
#2481=ORIENTED_EDGE('',*,*,#1941,.F.);
#2482=ORIENTED_EDGE('',*,*,#1942,.F.);
#2483=ORIENTED_EDGE('',*,*,#1943,.F.);
#2484=ORIENTED_EDGE('',*,*,#1942,.T.);
#2485=ORIENTED_EDGE('',*,*,#1944,.F.);
#2486=ORIENTED_EDGE('',*,*,#1934,.F.);
#2487=ORIENTED_EDGE('',*,*,#1944,.T.);
#2488=ORIENTED_EDGE('',*,*,#1941,.T.);
#2489=ORIENTED_EDGE('',*,*,#1938,.T.);
#2490=ORIENTED_EDGE('',*,*,#1935,.T.);
#2491=ORIENTED_EDGE('',*,*,#1943,.T.);
#2492=ORIENTED_EDGE('',*,*,#1933,.T.);
#2493=ORIENTED_EDGE('',*,*,#1937,.T.);
#2494=ORIENTED_EDGE('',*,*,#1940,.T.);
#2495=ORIENTED_EDGE('',*,*,#1945,.F.);
#2496=ORIENTED_EDGE('',*,*,#1946,.T.);
#2497=ORIENTED_EDGE('',*,*,#1947,.F.);
#2498=ORIENTED_EDGE('',*,*,#1946,.F.);
#2499=ORIENTED_EDGE('',*,*,#1948,.F.);
#2500=ORIENTED_EDGE('',*,*,#1949,.T.);
#2501=ORIENTED_EDGE('',*,*,#1950,.F.);
#2502=ORIENTED_EDGE('',*,*,#1951,.F.);
#2503=ORIENTED_EDGE('',*,*,#1952,.F.);
#2504=ORIENTED_EDGE('',*,*,#1951,.T.);
#2505=ORIENTED_EDGE('',*,*,#1953,.F.);
#2506=ORIENTED_EDGE('',*,*,#1954,.F.);
#2507=ORIENTED_EDGE('',*,*,#1955,.F.);
#2508=ORIENTED_EDGE('',*,*,#1954,.T.);
#2509=ORIENTED_EDGE('',*,*,#1956,.F.);
#2510=ORIENTED_EDGE('',*,*,#1957,.F.);
#2511=ORIENTED_EDGE('',*,*,#1958,.F.);
#2512=ORIENTED_EDGE('',*,*,#1957,.T.);
#2513=ORIENTED_EDGE('',*,*,#1959,.F.);
#2514=ORIENTED_EDGE('',*,*,#1949,.F.);
#2515=ORIENTED_EDGE('',*,*,#1959,.T.);
#2516=ORIENTED_EDGE('',*,*,#1956,.T.);
#2517=ORIENTED_EDGE('',*,*,#1953,.T.);
#2518=ORIENTED_EDGE('',*,*,#1950,.T.);
#2519=ORIENTED_EDGE('',*,*,#1945,.T.);
#2520=ORIENTED_EDGE('',*,*,#1958,.T.);
#2521=ORIENTED_EDGE('',*,*,#1948,.T.);
#2522=ORIENTED_EDGE('',*,*,#1952,.T.);
#2523=ORIENTED_EDGE('',*,*,#1955,.T.);
#2524=ORIENTED_EDGE('',*,*,#1947,.T.);
#2525=ORIENTED_EDGE('',*,*,#1960,.F.);
#2526=ORIENTED_EDGE('',*,*,#1961,.T.);
#2527=ORIENTED_EDGE('',*,*,#1962,.F.);
#2528=ORIENTED_EDGE('',*,*,#1961,.F.);
#2529=ORIENTED_EDGE('',*,*,#1960,.T.);
#2530=ORIENTED_EDGE('',*,*,#1963,.F.);
#2531=ORIENTED_EDGE('',*,*,#1964,.T.);
#2532=ORIENTED_EDGE('',*,*,#1965,.F.);
#2533=ORIENTED_EDGE('',*,*,#1964,.F.);
#2534=ORIENTED_EDGE('',*,*,#1963,.T.);
#2535=ORIENTED_EDGE('',*,*,#1966,.F.);
#2536=ORIENTED_EDGE('',*,*,#1967,.T.);
#2537=ORIENTED_EDGE('',*,*,#1968,.F.);
#2538=ORIENTED_EDGE('',*,*,#1967,.F.);
#2539=ORIENTED_EDGE('',*,*,#1966,.T.);
#2540=ORIENTED_EDGE('',*,*,#1969,.F.);
#2541=ORIENTED_EDGE('',*,*,#1970,.T.);
#2542=ORIENTED_EDGE('',*,*,#1971,.F.);
#2543=ORIENTED_EDGE('',*,*,#1970,.F.);
#2544=ORIENTED_EDGE('',*,*,#1969,.T.);
#2545=ORIENTED_EDGE('',*,*,#1972,.F.);
#2546=ORIENTED_EDGE('',*,*,#1973,.T.);
#2547=ORIENTED_EDGE('',*,*,#1974,.F.);
#2548=ORIENTED_EDGE('',*,*,#1973,.F.);
#2549=ORIENTED_EDGE('',*,*,#1972,.T.);
#2550=ORIENTED_EDGE('',*,*,#1965,.T.);
#2551=ORIENTED_EDGE('',*,*,#1975,.F.);
#2552=ORIENTED_EDGE('',*,*,#1976,.T.);
#2553=ORIENTED_EDGE('',*,*,#1977,.F.);
#2554=ORIENTED_EDGE('',*,*,#1976,.F.);
#2555=ORIENTED_EDGE('',*,*,#1975,.T.);
#2556=ORIENTED_EDGE('',*,*,#1971,.T.);
#2557=ORIENTED_EDGE('',*,*,#1978,.F.);
#2558=ORIENTED_EDGE('',*,*,#1979,.T.);
#2559=ORIENTED_EDGE('',*,*,#1980,.F.);
#2560=ORIENTED_EDGE('',*,*,#1979,.F.);
#2561=ORIENTED_EDGE('',*,*,#1978,.T.);
#2562=ORIENTED_EDGE('',*,*,#1962,.T.);
#2563=ORIENTED_EDGE('',*,*,#1981,.F.);
#2564=ORIENTED_EDGE('',*,*,#1982,.T.);
#2565=ORIENTED_EDGE('',*,*,#1983,.F.);
#2566=ORIENTED_EDGE('',*,*,#1982,.F.);
#2567=ORIENTED_EDGE('',*,*,#1981,.T.);
#2568=ORIENTED_EDGE('',*,*,#1968,.T.);
#2569=ORIENTED_EDGE('',*,*,#1984,.F.);
#2570=ORIENTED_EDGE('',*,*,#1985,.T.);
#2571=ORIENTED_EDGE('',*,*,#1986,.F.);
#2572=ORIENTED_EDGE('',*,*,#1987,.F.);
#2573=ORIENTED_EDGE('',*,*,#1988,.F.);
#2574=ORIENTED_EDGE('',*,*,#1987,.T.);
#2575=ORIENTED_EDGE('',*,*,#1989,.F.);
#2576=ORIENTED_EDGE('',*,*,#1990,.F.);
#2577=ORIENTED_EDGE('',*,*,#1991,.F.);
#2578=ORIENTED_EDGE('',*,*,#1990,.T.);
#2579=ORIENTED_EDGE('',*,*,#1992,.F.);
#2580=ORIENTED_EDGE('',*,*,#1993,.F.);
#2581=ORIENTED_EDGE('',*,*,#1994,.F.);
#2582=ORIENTED_EDGE('',*,*,#1993,.T.);
#2583=ORIENTED_EDGE('',*,*,#1995,.F.);
#2584=ORIENTED_EDGE('',*,*,#1996,.F.);
#2585=ORIENTED_EDGE('',*,*,#1997,.F.);
#2586=ORIENTED_EDGE('',*,*,#1996,.T.);
#2587=ORIENTED_EDGE('',*,*,#1998,.F.);
#2588=ORIENTED_EDGE('',*,*,#1999,.F.);
#2589=ORIENTED_EDGE('',*,*,#2000,.F.);
#2590=ORIENTED_EDGE('',*,*,#2001,.F.);
#2591=ORIENTED_EDGE('',*,*,#2000,.T.);
#2592=ORIENTED_EDGE('',*,*,#2002,.F.);
#2593=ORIENTED_EDGE('',*,*,#2003,.F.);
#2594=ORIENTED_EDGE('',*,*,#2004,.F.);
#2595=ORIENTED_EDGE('',*,*,#2003,.T.);
#2596=ORIENTED_EDGE('',*,*,#2005,.F.);
#2597=ORIENTED_EDGE('',*,*,#2006,.F.);
#2598=ORIENTED_EDGE('',*,*,#2007,.F.);
#2599=ORIENTED_EDGE('',*,*,#2006,.T.);
#2600=ORIENTED_EDGE('',*,*,#2008,.F.);
#2601=ORIENTED_EDGE('',*,*,#1985,.F.);
#2602=ORIENTED_EDGE('',*,*,#2008,.T.);
#2603=ORIENTED_EDGE('',*,*,#2005,.T.);
#2604=ORIENTED_EDGE('',*,*,#2002,.T.);
#2605=ORIENTED_EDGE('',*,*,#1999,.T.);
#2606=ORIENTED_EDGE('',*,*,#1998,.T.);
#2607=ORIENTED_EDGE('',*,*,#1995,.T.);
#2608=ORIENTED_EDGE('',*,*,#1992,.T.);
#2609=ORIENTED_EDGE('',*,*,#1989,.T.);
#2610=ORIENTED_EDGE('',*,*,#1986,.T.);
#2611=ORIENTED_EDGE('',*,*,#2009,.F.);
#2612=ORIENTED_EDGE('',*,*,#2010,.T.);
#2613=ORIENTED_EDGE('',*,*,#2011,.F.);
#2614=ORIENTED_EDGE('',*,*,#2012,.F.);
#2615=ORIENTED_EDGE('',*,*,#2013,.F.);
#2616=ORIENTED_EDGE('',*,*,#2012,.T.);
#2617=ORIENTED_EDGE('',*,*,#2014,.F.);
#2618=ORIENTED_EDGE('',*,*,#2015,.F.);
#2619=ORIENTED_EDGE('',*,*,#2016,.F.);
#2620=ORIENTED_EDGE('',*,*,#2015,.T.);
#2621=ORIENTED_EDGE('',*,*,#2017,.F.);
#2622=ORIENTED_EDGE('',*,*,#2018,.F.);
#2623=ORIENTED_EDGE('',*,*,#2019,.F.);
#2624=ORIENTED_EDGE('',*,*,#2018,.T.);
#2625=ORIENTED_EDGE('',*,*,#2020,.F.);
#2626=ORIENTED_EDGE('',*,*,#2010,.F.);
#2627=ORIENTED_EDGE('',*,*,#2020,.T.);
#2628=ORIENTED_EDGE('',*,*,#2017,.T.);
#2629=ORIENTED_EDGE('',*,*,#2014,.T.);
#2630=ORIENTED_EDGE('',*,*,#2011,.T.);
#2631=ORIENTED_EDGE('',*,*,#1974,.T.);
#2632=ORIENTED_EDGE('',*,*,#1977,.T.);
#2633=ORIENTED_EDGE('',*,*,#1980,.T.);
#2634=ORIENTED_EDGE('',*,*,#1983,.T.);
#2635=ORIENTED_EDGE('',*,*,#1984,.T.);
#2636=ORIENTED_EDGE('',*,*,#1988,.T.);
#2637=ORIENTED_EDGE('',*,*,#1991,.T.);
#2638=ORIENTED_EDGE('',*,*,#1994,.T.);
#2639=ORIENTED_EDGE('',*,*,#1997,.T.);
#2640=ORIENTED_EDGE('',*,*,#2001,.T.);
#2641=ORIENTED_EDGE('',*,*,#2004,.T.);
#2642=ORIENTED_EDGE('',*,*,#2007,.T.);
#2643=ORIENTED_EDGE('',*,*,#2019,.T.);
#2644=ORIENTED_EDGE('',*,*,#2009,.T.);
#2645=ORIENTED_EDGE('',*,*,#2013,.T.);
#2646=ORIENTED_EDGE('',*,*,#2016,.T.);
#2647=ORIENTED_EDGE('',*,*,#2021,.F.);
#2648=ORIENTED_EDGE('',*,*,#2022,.T.);
#2649=ORIENTED_EDGE('',*,*,#2023,.F.);
#2650=ORIENTED_EDGE('',*,*,#2024,.F.);
#2651=ORIENTED_EDGE('',*,*,#2025,.F.);
#2652=ORIENTED_EDGE('',*,*,#2024,.T.);
#2653=ORIENTED_EDGE('',*,*,#2026,.F.);
#2654=ORIENTED_EDGE('',*,*,#2027,.F.);
#2655=ORIENTED_EDGE('',*,*,#2028,.F.);
#2656=ORIENTED_EDGE('',*,*,#2027,.T.);
#2657=ORIENTED_EDGE('',*,*,#2029,.F.);
#2658=ORIENTED_EDGE('',*,*,#2030,.F.);
#2659=ORIENTED_EDGE('',*,*,#2031,.T.);
#2660=ORIENTED_EDGE('',*,*,#2030,.T.);
#2661=ORIENTED_EDGE('',*,*,#2032,.F.);
#2662=ORIENTED_EDGE('',*,*,#2022,.F.);
#2663=ORIENTED_EDGE('',*,*,#2032,.T.);
#2664=ORIENTED_EDGE('',*,*,#2029,.T.);
#2665=ORIENTED_EDGE('',*,*,#2026,.T.);
#2666=ORIENTED_EDGE('',*,*,#2023,.T.);
#2667=ORIENTED_EDGE('',*,*,#2031,.F.);
#2668=ORIENTED_EDGE('',*,*,#2021,.T.);
#2669=ORIENTED_EDGE('',*,*,#2025,.T.);
#2670=ORIENTED_EDGE('',*,*,#2028,.T.);
#2671=ORIENTED_EDGE('',*,*,#2033,.F.);
#2672=ORIENTED_EDGE('',*,*,#2034,.F.);
#2673=ORIENTED_EDGE('',*,*,#2035,.F.);
#2674=ORIENTED_EDGE('',*,*,#2036,.T.);
#2675=ORIENTED_EDGE('',*,*,#2037,.F.);
#2676=ORIENTED_EDGE('',*,*,#2036,.F.);
#2677=ORIENTED_EDGE('',*,*,#2038,.F.);
#2678=ORIENTED_EDGE('',*,*,#2039,.T.);
#2679=ORIENTED_EDGE('',*,*,#2040,.F.);
#2680=ORIENTED_EDGE('',*,*,#2039,.F.);
#2681=ORIENTED_EDGE('',*,*,#2041,.F.);
#2682=ORIENTED_EDGE('',*,*,#2042,.T.);
#2683=ORIENTED_EDGE('',*,*,#2043,.F.);
#2684=ORIENTED_EDGE('',*,*,#2042,.F.);
#2685=ORIENTED_EDGE('',*,*,#2044,.F.);
#2686=ORIENTED_EDGE('',*,*,#2034,.T.);
#2687=ORIENTED_EDGE('',*,*,#2045,.F.);
#2688=ORIENTED_EDGE('',*,*,#2046,.T.);
#2689=ORIENTED_EDGE('',*,*,#2047,.F.);
#2690=ORIENTED_EDGE('',*,*,#2048,.F.);
#2691=ORIENTED_EDGE('',*,*,#2049,.F.);
#2692=ORIENTED_EDGE('',*,*,#2048,.T.);
#2693=ORIENTED_EDGE('',*,*,#2050,.F.);
#2694=ORIENTED_EDGE('',*,*,#2051,.F.);
#2695=ORIENTED_EDGE('',*,*,#2035,.T.);
#2696=ORIENTED_EDGE('',*,*,#2044,.T.);
#2697=ORIENTED_EDGE('',*,*,#2041,.T.);
#2698=ORIENTED_EDGE('',*,*,#2038,.T.);
#2699=ORIENTED_EDGE('',*,*,#2052,.F.);
#2700=ORIENTED_EDGE('',*,*,#2051,.T.);
#2701=ORIENTED_EDGE('',*,*,#2053,.F.);
#2702=ORIENTED_EDGE('',*,*,#2054,.F.);
#2703=ORIENTED_EDGE('',*,*,#2055,.F.);
#2704=ORIENTED_EDGE('',*,*,#2054,.T.);
#2705=ORIENTED_EDGE('',*,*,#2056,.F.);
#2706=ORIENTED_EDGE('',*,*,#2046,.F.);
#2707=ORIENTED_EDGE('',*,*,#2033,.T.);
#2708=ORIENTED_EDGE('',*,*,#2037,.T.);
#2709=ORIENTED_EDGE('',*,*,#2040,.T.);
#2710=ORIENTED_EDGE('',*,*,#2043,.T.);
#2711=ORIENTED_EDGE('',*,*,#2056,.T.);
#2712=ORIENTED_EDGE('',*,*,#2053,.T.);
#2713=ORIENTED_EDGE('',*,*,#2050,.T.);
#2714=ORIENTED_EDGE('',*,*,#2047,.T.);
#2715=ORIENTED_EDGE('',*,*,#2055,.T.);
#2716=ORIENTED_EDGE('',*,*,#2045,.T.);
#2717=ORIENTED_EDGE('',*,*,#2049,.T.);
#2718=ORIENTED_EDGE('',*,*,#2052,.T.);
#2719=ORIENTED_EDGE('',*,*,#2057,.F.);
#2720=ORIENTED_EDGE('',*,*,#2058,.T.);
#2721=ORIENTED_EDGE('',*,*,#2059,.F.);
#2722=ORIENTED_EDGE('',*,*,#2060,.F.);
#2723=ORIENTED_EDGE('',*,*,#2061,.F.);
#2724=ORIENTED_EDGE('',*,*,#2060,.T.);
#2725=ORIENTED_EDGE('',*,*,#2062,.F.);
#2726=ORIENTED_EDGE('',*,*,#2063,.F.);
#2727=ORIENTED_EDGE('',*,*,#2064,.F.);
#2728=ORIENTED_EDGE('',*,*,#2063,.T.);
#2729=ORIENTED_EDGE('',*,*,#2065,.F.);
#2730=ORIENTED_EDGE('',*,*,#2066,.F.);
#2731=ORIENTED_EDGE('',*,*,#2067,.F.);
#2732=ORIENTED_EDGE('',*,*,#2066,.T.);
#2733=ORIENTED_EDGE('',*,*,#2068,.F.);
#2734=ORIENTED_EDGE('',*,*,#2058,.F.);
#2735=ORIENTED_EDGE('',*,*,#2068,.T.);
#2736=ORIENTED_EDGE('',*,*,#2065,.T.);
#2737=ORIENTED_EDGE('',*,*,#2062,.T.);
#2738=ORIENTED_EDGE('',*,*,#2059,.T.);
#2739=ORIENTED_EDGE('',*,*,#2067,.T.);
#2740=ORIENTED_EDGE('',*,*,#2057,.T.);
#2741=ORIENTED_EDGE('',*,*,#2061,.T.);
#2742=ORIENTED_EDGE('',*,*,#2064,.T.);
#2743=ORIENTED_EDGE('',*,*,#2069,.T.);
#2744=ORIENTED_EDGE('',*,*,#2070,.T.);
#2745=ORIENTED_EDGE('',*,*,#2071,.F.);
#2746=ORIENTED_EDGE('',*,*,#2072,.F.);
#2747=ORIENTED_EDGE('',*,*,#2073,.T.);
#2748=ORIENTED_EDGE('',*,*,#2072,.T.);
#2749=ORIENTED_EDGE('',*,*,#2074,.F.);
#2750=ORIENTED_EDGE('',*,*,#2075,.F.);
#2751=ORIENTED_EDGE('',*,*,#2076,.T.);
#2752=ORIENTED_EDGE('',*,*,#2075,.T.);
#2753=ORIENTED_EDGE('',*,*,#2077,.F.);
#2754=ORIENTED_EDGE('',*,*,#2078,.F.);
#2755=ORIENTED_EDGE('',*,*,#2079,.T.);
#2756=ORIENTED_EDGE('',*,*,#2078,.T.);
#2757=ORIENTED_EDGE('',*,*,#2080,.F.);
#2758=ORIENTED_EDGE('',*,*,#2070,.F.);
#2759=ORIENTED_EDGE('',*,*,#2080,.T.);
#2760=ORIENTED_EDGE('',*,*,#2077,.T.);
#2761=ORIENTED_EDGE('',*,*,#2074,.T.);
#2762=ORIENTED_EDGE('',*,*,#2071,.T.);
#2763=ORIENTED_EDGE('',*,*,#2079,.F.);
#2764=ORIENTED_EDGE('',*,*,#2069,.F.);
#2765=ORIENTED_EDGE('',*,*,#2073,.F.);
#2766=ORIENTED_EDGE('',*,*,#2076,.F.);
#2767=ORIENTED_EDGE('',*,*,#2081,.F.);
#2768=ORIENTED_EDGE('',*,*,#2082,.T.);
#2769=ORIENTED_EDGE('',*,*,#2083,.F.);
#2770=ORIENTED_EDGE('',*,*,#2082,.F.);
#2771=ORIENTED_EDGE('',*,*,#2084,.F.);
#2772=ORIENTED_EDGE('',*,*,#2085,.T.);
#2773=ORIENTED_EDGE('',*,*,#2086,.F.);
#2774=ORIENTED_EDGE('',*,*,#2085,.F.);
#2775=ORIENTED_EDGE('',*,*,#2087,.T.);
#2776=ORIENTED_EDGE('',*,*,#2084,.T.);
#2777=ORIENTED_EDGE('',*,*,#2088,.F.);
#2778=ORIENTED_EDGE('',*,*,#2089,.T.);
#2779=ORIENTED_EDGE('',*,*,#2090,.F.);
#2780=ORIENTED_EDGE('',*,*,#2089,.F.);
#2781=ORIENTED_EDGE('',*,*,#2091,.T.);
#2782=ORIENTED_EDGE('',*,*,#2088,.T.);
#2783=ORIENTED_EDGE('',*,*,#2092,.F.);
#2784=ORIENTED_EDGE('',*,*,#2093,.T.);
#2785=ORIENTED_EDGE('',*,*,#2094,.F.);
#2786=ORIENTED_EDGE('',*,*,#2093,.F.);
#2787=ORIENTED_EDGE('',*,*,#2095,.T.);
#2788=ORIENTED_EDGE('',*,*,#2092,.T.);
#2789=ORIENTED_EDGE('',*,*,#2096,.F.);
#2790=ORIENTED_EDGE('',*,*,#2097,.T.);
#2791=ORIENTED_EDGE('',*,*,#2098,.F.);
#2792=ORIENTED_EDGE('',*,*,#2097,.F.);
#2793=ORIENTED_EDGE('',*,*,#2099,.T.);
#2794=ORIENTED_EDGE('',*,*,#2096,.T.);
#2795=ORIENTED_EDGE('',*,*,#2091,.F.);
#2796=ORIENTED_EDGE('',*,*,#2100,.T.);
#2797=ORIENTED_EDGE('',*,*,#2101,.F.);
#2798=ORIENTED_EDGE('',*,*,#2100,.F.);
#2799=ORIENTED_EDGE('',*,*,#2090,.T.);
#2800=ORIENTED_EDGE('',*,*,#2087,.F.);
#2801=ORIENTED_EDGE('',*,*,#2102,.T.);
#2802=ORIENTED_EDGE('',*,*,#2103,.F.);
#2803=ORIENTED_EDGE('',*,*,#2102,.F.);
#2804=ORIENTED_EDGE('',*,*,#2086,.T.);
#2805=ORIENTED_EDGE('',*,*,#2099,.F.);
#2806=ORIENTED_EDGE('',*,*,#2104,.T.);
#2807=ORIENTED_EDGE('',*,*,#2105,.F.);
#2808=ORIENTED_EDGE('',*,*,#2104,.F.);
#2809=ORIENTED_EDGE('',*,*,#2098,.T.);
#2810=ORIENTED_EDGE('',*,*,#2095,.F.);
#2811=ORIENTED_EDGE('',*,*,#2106,.T.);
#2812=ORIENTED_EDGE('',*,*,#2107,.F.);
#2813=ORIENTED_EDGE('',*,*,#2106,.F.);
#2814=ORIENTED_EDGE('',*,*,#2094,.T.);
#2815=ORIENTED_EDGE('',*,*,#2108,.T.);
#2816=ORIENTED_EDGE('',*,*,#2109,.T.);
#2817=ORIENTED_EDGE('',*,*,#2110,.F.);
#2818=ORIENTED_EDGE('',*,*,#2111,.F.);
#2819=ORIENTED_EDGE('',*,*,#2112,.T.);
#2820=ORIENTED_EDGE('',*,*,#2111,.T.);
#2821=ORIENTED_EDGE('',*,*,#2113,.F.);
#2822=ORIENTED_EDGE('',*,*,#2114,.F.);
#2823=ORIENTED_EDGE('',*,*,#2115,.T.);
#2824=ORIENTED_EDGE('',*,*,#2114,.T.);
#2825=ORIENTED_EDGE('',*,*,#2116,.F.);
#2826=ORIENTED_EDGE('',*,*,#2117,.F.);
#2827=ORIENTED_EDGE('',*,*,#2118,.T.);
#2828=ORIENTED_EDGE('',*,*,#2117,.T.);
#2829=ORIENTED_EDGE('',*,*,#2119,.F.);
#2830=ORIENTED_EDGE('',*,*,#2109,.F.);
#2831=ORIENTED_EDGE('',*,*,#2119,.T.);
#2832=ORIENTED_EDGE('',*,*,#2116,.T.);
#2833=ORIENTED_EDGE('',*,*,#2113,.T.);
#2834=ORIENTED_EDGE('',*,*,#2110,.T.);
#2835=ORIENTED_EDGE('',*,*,#2081,.T.);
#2836=ORIENTED_EDGE('',*,*,#2118,.F.);
#2837=ORIENTED_EDGE('',*,*,#2108,.F.);
#2838=ORIENTED_EDGE('',*,*,#2112,.F.);
#2839=ORIENTED_EDGE('',*,*,#2115,.F.);
#2840=ORIENTED_EDGE('',*,*,#2083,.T.);
#2841=ORIENTED_EDGE('',*,*,#2101,.T.);
#2842=ORIENTED_EDGE('',*,*,#2103,.T.);
#2843=ORIENTED_EDGE('',*,*,#2105,.T.);
#2844=ORIENTED_EDGE('',*,*,#2107,.T.);
#2845=ORIENTED_EDGE('',*,*,#2120,.F.);
#2846=ORIENTED_EDGE('',*,*,#2121,.T.);
#2847=ORIENTED_EDGE('',*,*,#2122,.F.);
#2848=ORIENTED_EDGE('',*,*,#2121,.F.);
#2849=ORIENTED_EDGE('',*,*,#2123,.F.);
#2850=ORIENTED_EDGE('',*,*,#2124,.F.);
#2851=ORIENTED_EDGE('',*,*,#2125,.T.);
#2852=ORIENTED_EDGE('',*,*,#2126,.F.);
#2853=ORIENTED_EDGE('',*,*,#2125,.F.);
#2854=ORIENTED_EDGE('',*,*,#2127,.F.);
#2855=ORIENTED_EDGE('',*,*,#2128,.F.);
#2856=ORIENTED_EDGE('',*,*,#2129,.T.);
#2857=ORIENTED_EDGE('',*,*,#2130,.F.);
#2858=ORIENTED_EDGE('',*,*,#2129,.F.);
#2859=ORIENTED_EDGE('',*,*,#2131,.F.);
#2860=ORIENTED_EDGE('',*,*,#2132,.F.);
#2861=ORIENTED_EDGE('',*,*,#2133,.T.);
#2862=ORIENTED_EDGE('',*,*,#2134,.F.);
#2863=ORIENTED_EDGE('',*,*,#2133,.F.);
#2864=ORIENTED_EDGE('',*,*,#2135,.F.);
#2865=ORIENTED_EDGE('',*,*,#2136,.F.);
#2866=ORIENTED_EDGE('',*,*,#2137,.T.);
#2867=ORIENTED_EDGE('',*,*,#2138,.F.);
#2868=ORIENTED_EDGE('',*,*,#2137,.F.);
#2869=ORIENTED_EDGE('',*,*,#2134,.T.);
#2870=ORIENTED_EDGE('',*,*,#2131,.T.);
#2871=ORIENTED_EDGE('',*,*,#2135,.T.);
#2872=ORIENTED_EDGE('',*,*,#2132,.T.);
#2873=ORIENTED_EDGE('',*,*,#2136,.T.);
#2874=ORIENTED_EDGE('',*,*,#2139,.F.);
#2875=ORIENTED_EDGE('',*,*,#2140,.T.);
#2876=ORIENTED_EDGE('',*,*,#2141,.F.);
#2877=ORIENTED_EDGE('',*,*,#2140,.F.);
#2878=ORIENTED_EDGE('',*,*,#2130,.T.);
#2879=ORIENTED_EDGE('',*,*,#2128,.T.);
#2880=ORIENTED_EDGE('',*,*,#2139,.T.);
#2881=ORIENTED_EDGE('',*,*,#2142,.F.);
#2882=ORIENTED_EDGE('',*,*,#2143,.T.);
#2883=ORIENTED_EDGE('',*,*,#2144,.F.);
#2884=ORIENTED_EDGE('',*,*,#2143,.F.);
#2885=ORIENTED_EDGE('',*,*,#2126,.T.);
#2886=ORIENTED_EDGE('',*,*,#2123,.T.);
#2887=ORIENTED_EDGE('',*,*,#2127,.T.);
#2888=ORIENTED_EDGE('',*,*,#2124,.T.);
#2889=ORIENTED_EDGE('',*,*,#2142,.T.);
#2890=ORIENTED_EDGE('',*,*,#2145,.F.);
#2891=ORIENTED_EDGE('',*,*,#2146,.T.);
#2892=ORIENTED_EDGE('',*,*,#2147,.F.);
#2893=ORIENTED_EDGE('',*,*,#2146,.F.);
#2894=ORIENTED_EDGE('',*,*,#2122,.T.);
#2895=ORIENTED_EDGE('',*,*,#2120,.T.);
#2896=ORIENTED_EDGE('',*,*,#2145,.T.);
#2897=ORIENTED_EDGE('',*,*,#2148,.F.);
#2898=ORIENTED_EDGE('',*,*,#2149,.T.);
#2899=ORIENTED_EDGE('',*,*,#2150,.F.);
#2900=ORIENTED_EDGE('',*,*,#2149,.F.);
#2901=ORIENTED_EDGE('',*,*,#2148,.T.);
#2902=ORIENTED_EDGE('',*,*,#2144,.T.);
#2903=ORIENTED_EDGE('',*,*,#2151,.F.);
#2904=ORIENTED_EDGE('',*,*,#2152,.T.);
#2905=ORIENTED_EDGE('',*,*,#2153,.F.);
#2906=ORIENTED_EDGE('',*,*,#2152,.F.);
#2907=ORIENTED_EDGE('',*,*,#2151,.T.);
#2908=ORIENTED_EDGE('',*,*,#2147,.T.);
#2909=ORIENTED_EDGE('',*,*,#2154,.F.);
#2910=ORIENTED_EDGE('',*,*,#2155,.T.);
#2911=ORIENTED_EDGE('',*,*,#2156,.F.);
#2912=ORIENTED_EDGE('',*,*,#2155,.F.);
#2913=ORIENTED_EDGE('',*,*,#2154,.T.);
#2914=ORIENTED_EDGE('',*,*,#2138,.T.);
#2915=ORIENTED_EDGE('',*,*,#2157,.F.);
#2916=ORIENTED_EDGE('',*,*,#2158,.T.);
#2917=ORIENTED_EDGE('',*,*,#2159,.F.);
#2918=ORIENTED_EDGE('',*,*,#2158,.F.);
#2919=ORIENTED_EDGE('',*,*,#2157,.T.);
#2920=ORIENTED_EDGE('',*,*,#2141,.T.);
#2921=ORIENTED_EDGE('',*,*,#2160,.F.);
#2922=ORIENTED_EDGE('',*,*,#2161,.T.);
#2923=ORIENTED_EDGE('',*,*,#2162,.F.);
#2924=ORIENTED_EDGE('',*,*,#2163,.F.);
#2925=ORIENTED_EDGE('',*,*,#2164,.F.);
#2926=ORIENTED_EDGE('',*,*,#2163,.T.);
#2927=ORIENTED_EDGE('',*,*,#2165,.F.);
#2928=ORIENTED_EDGE('',*,*,#2166,.F.);
#2929=ORIENTED_EDGE('',*,*,#2167,.F.);
#2930=ORIENTED_EDGE('',*,*,#2166,.T.);
#2931=ORIENTED_EDGE('',*,*,#2168,.F.);
#2932=ORIENTED_EDGE('',*,*,#2169,.F.);
#2933=ORIENTED_EDGE('',*,*,#2170,.F.);
#2934=ORIENTED_EDGE('',*,*,#2169,.T.);
#2935=ORIENTED_EDGE('',*,*,#2171,.F.);
#2936=ORIENTED_EDGE('',*,*,#2161,.F.);
#2937=ORIENTED_EDGE('',*,*,#2171,.T.);
#2938=ORIENTED_EDGE('',*,*,#2168,.T.);
#2939=ORIENTED_EDGE('',*,*,#2165,.T.);
#2940=ORIENTED_EDGE('',*,*,#2162,.T.);
#2941=ORIENTED_EDGE('',*,*,#2150,.T.);
#2942=ORIENTED_EDGE('',*,*,#2153,.T.);
#2943=ORIENTED_EDGE('',*,*,#2156,.T.);
#2944=ORIENTED_EDGE('',*,*,#2159,.T.);
#2945=ORIENTED_EDGE('',*,*,#2170,.T.);
#2946=ORIENTED_EDGE('',*,*,#2160,.T.);
#2947=ORIENTED_EDGE('',*,*,#2164,.T.);
#2948=ORIENTED_EDGE('',*,*,#2167,.T.);
#2949=ORIENTED_EDGE('',*,*,#2172,.F.);
#2950=ORIENTED_EDGE('',*,*,#2173,.F.);
#2951=ORIENTED_EDGE('',*,*,#2174,.F.);
#2952=ORIENTED_EDGE('',*,*,#2175,.T.);
#2953=ORIENTED_EDGE('',*,*,#2176,.F.);
#2954=ORIENTED_EDGE('',*,*,#2175,.F.);
#2955=ORIENTED_EDGE('',*,*,#2177,.F.);
#2956=ORIENTED_EDGE('',*,*,#2178,.T.);
#2957=ORIENTED_EDGE('',*,*,#2179,.F.);
#2958=ORIENTED_EDGE('',*,*,#2178,.F.);
#2959=ORIENTED_EDGE('',*,*,#2180,.F.);
#2960=ORIENTED_EDGE('',*,*,#2181,.T.);
#2961=ORIENTED_EDGE('',*,*,#2182,.F.);
#2962=ORIENTED_EDGE('',*,*,#2181,.F.);
#2963=ORIENTED_EDGE('',*,*,#2183,.F.);
#2964=ORIENTED_EDGE('',*,*,#2173,.T.);
#2965=ORIENTED_EDGE('',*,*,#2184,.T.);
#2966=ORIENTED_EDGE('',*,*,#2185,.T.);
#2967=ORIENTED_EDGE('',*,*,#2186,.F.);
#2968=ORIENTED_EDGE('',*,*,#2187,.F.);
#2969=ORIENTED_EDGE('',*,*,#2188,.T.);
#2970=ORIENTED_EDGE('',*,*,#2187,.T.);
#2971=ORIENTED_EDGE('',*,*,#2189,.F.);
#2972=ORIENTED_EDGE('',*,*,#2190,.F.);
#2973=ORIENTED_EDGE('',*,*,#2174,.T.);
#2974=ORIENTED_EDGE('',*,*,#2183,.T.);
#2975=ORIENTED_EDGE('',*,*,#2180,.T.);
#2976=ORIENTED_EDGE('',*,*,#2177,.T.);
#2977=ORIENTED_EDGE('',*,*,#2191,.T.);
#2978=ORIENTED_EDGE('',*,*,#2190,.T.);
#2979=ORIENTED_EDGE('',*,*,#2192,.F.);
#2980=ORIENTED_EDGE('',*,*,#2193,.F.);
#2981=ORIENTED_EDGE('',*,*,#2194,.F.);
#2982=ORIENTED_EDGE('',*,*,#2193,.T.);
#2983=ORIENTED_EDGE('',*,*,#2195,.F.);
#2984=ORIENTED_EDGE('',*,*,#2185,.F.);
#2985=ORIENTED_EDGE('',*,*,#2172,.T.);
#2986=ORIENTED_EDGE('',*,*,#2176,.T.);
#2987=ORIENTED_EDGE('',*,*,#2179,.T.);
#2988=ORIENTED_EDGE('',*,*,#2182,.T.);
#2989=ORIENTED_EDGE('',*,*,#2195,.T.);
#2990=ORIENTED_EDGE('',*,*,#2192,.T.);
#2991=ORIENTED_EDGE('',*,*,#2189,.T.);
#2992=ORIENTED_EDGE('',*,*,#2186,.T.);
#2993=ORIENTED_EDGE('',*,*,#2194,.T.);
#2994=ORIENTED_EDGE('',*,*,#2184,.F.);
#2995=ORIENTED_EDGE('',*,*,#2188,.F.);
#2996=ORIENTED_EDGE('',*,*,#2191,.F.);
#2997=ORIENTED_EDGE('',*,*,#2196,.T.);
#2998=ORIENTED_EDGE('',*,*,#2197,.T.);
#2999=ORIENTED_EDGE('',*,*,#2198,.F.);
#3000=ORIENTED_EDGE('',*,*,#2199,.F.);
#3001=ORIENTED_EDGE('',*,*,#2200,.T.);
#3002=ORIENTED_EDGE('',*,*,#2199,.T.);
#3003=ORIENTED_EDGE('',*,*,#2201,.F.);
#3004=ORIENTED_EDGE('',*,*,#2202,.F.);
#3005=ORIENTED_EDGE('',*,*,#2203,.T.);
#3006=ORIENTED_EDGE('',*,*,#2202,.T.);
#3007=ORIENTED_EDGE('',*,*,#2204,.F.);
#3008=ORIENTED_EDGE('',*,*,#2205,.F.);
#3009=ORIENTED_EDGE('',*,*,#2206,.T.);
#3010=ORIENTED_EDGE('',*,*,#2205,.T.);
#3011=ORIENTED_EDGE('',*,*,#2207,.F.);
#3012=ORIENTED_EDGE('',*,*,#2197,.F.);
#3013=ORIENTED_EDGE('',*,*,#2207,.T.);
#3014=ORIENTED_EDGE('',*,*,#2204,.T.);
#3015=ORIENTED_EDGE('',*,*,#2201,.T.);
#3016=ORIENTED_EDGE('',*,*,#2198,.T.);
#3017=ORIENTED_EDGE('',*,*,#2206,.F.);
#3018=ORIENTED_EDGE('',*,*,#2196,.F.);
#3019=ORIENTED_EDGE('',*,*,#2200,.F.);
#3020=ORIENTED_EDGE('',*,*,#2203,.F.);
#3021=ORIENTED_EDGE('',*,*,#2208,.T.);
#3022=ORIENTED_EDGE('',*,*,#2209,.T.);
#3023=ORIENTED_EDGE('',*,*,#2210,.F.);
#3024=ORIENTED_EDGE('',*,*,#2211,.F.);
#3025=ORIENTED_EDGE('',*,*,#2212,.T.);
#3026=ORIENTED_EDGE('',*,*,#2211,.T.);
#3027=ORIENTED_EDGE('',*,*,#2213,.F.);
#3028=ORIENTED_EDGE('',*,*,#2214,.F.);
#3029=ORIENTED_EDGE('',*,*,#2215,.T.);
#3030=ORIENTED_EDGE('',*,*,#2214,.T.);
#3031=ORIENTED_EDGE('',*,*,#2216,.F.);
#3032=ORIENTED_EDGE('',*,*,#2217,.F.);
#3033=ORIENTED_EDGE('',*,*,#2218,.T.);
#3034=ORIENTED_EDGE('',*,*,#2217,.T.);
#3035=ORIENTED_EDGE('',*,*,#2219,.F.);
#3036=ORIENTED_EDGE('',*,*,#2209,.F.);
#3037=ORIENTED_EDGE('',*,*,#2219,.T.);
#3038=ORIENTED_EDGE('',*,*,#2216,.T.);
#3039=ORIENTED_EDGE('',*,*,#2213,.T.);
#3040=ORIENTED_EDGE('',*,*,#2210,.T.);
#3041=ORIENTED_EDGE('',*,*,#2218,.F.);
#3042=ORIENTED_EDGE('',*,*,#2208,.F.);
#3043=ORIENTED_EDGE('',*,*,#2212,.F.);
#3044=ORIENTED_EDGE('',*,*,#2215,.F.);
#3045=ORIENTED_EDGE('',*,*,#2220,.F.);
#3046=ORIENTED_EDGE('',*,*,#2221,.T.);
#3047=ORIENTED_EDGE('',*,*,#2222,.F.);
#3048=ORIENTED_EDGE('',*,*,#2223,.F.);
#3049=ORIENTED_EDGE('',*,*,#2224,.F.);
#3050=ORIENTED_EDGE('',*,*,#2223,.T.);
#3051=ORIENTED_EDGE('',*,*,#2225,.F.);
#3052=ORIENTED_EDGE('',*,*,#2226,.F.);
#3053=ORIENTED_EDGE('',*,*,#2227,.F.);
#3054=ORIENTED_EDGE('',*,*,#2226,.T.);
#3055=ORIENTED_EDGE('',*,*,#2228,.F.);
#3056=ORIENTED_EDGE('',*,*,#2229,.F.);
#3057=ORIENTED_EDGE('',*,*,#2230,.F.);
#3058=ORIENTED_EDGE('',*,*,#2229,.T.);
#3059=ORIENTED_EDGE('',*,*,#2231,.F.);
#3060=ORIENTED_EDGE('',*,*,#2221,.F.);
#3061=ORIENTED_EDGE('',*,*,#2231,.T.);
#3062=ORIENTED_EDGE('',*,*,#2228,.T.);
#3063=ORIENTED_EDGE('',*,*,#2225,.T.);
#3064=ORIENTED_EDGE('',*,*,#2222,.T.);
#3065=ORIENTED_EDGE('',*,*,#2230,.T.);
#3066=ORIENTED_EDGE('',*,*,#2220,.T.);
#3067=ORIENTED_EDGE('',*,*,#2224,.T.);
#3068=ORIENTED_EDGE('',*,*,#2227,.T.);
#3069=ORIENTED_EDGE('',*,*,#2232,.F.);
#3070=ORIENTED_EDGE('',*,*,#2233,.T.);
#3071=ORIENTED_EDGE('',*,*,#2234,.F.);
#3072=ORIENTED_EDGE('',*,*,#2233,.F.);
#3073=ORIENTED_EDGE('',*,*,#2235,.F.);
#3074=ORIENTED_EDGE('',*,*,#2236,.T.);
#3075=ORIENTED_EDGE('',*,*,#2237,.F.);
#3076=ORIENTED_EDGE('',*,*,#2238,.F.);
#3077=ORIENTED_EDGE('',*,*,#2239,.F.);
#3078=ORIENTED_EDGE('',*,*,#2238,.T.);
#3079=ORIENTED_EDGE('',*,*,#2240,.F.);
#3080=ORIENTED_EDGE('',*,*,#2241,.F.);
#3081=ORIENTED_EDGE('',*,*,#2242,.F.);
#3082=ORIENTED_EDGE('',*,*,#2241,.T.);
#3083=ORIENTED_EDGE('',*,*,#2243,.F.);
#3084=ORIENTED_EDGE('',*,*,#2244,.F.);
#3085=ORIENTED_EDGE('',*,*,#2245,.F.);
#3086=ORIENTED_EDGE('',*,*,#2244,.T.);
#3087=ORIENTED_EDGE('',*,*,#2246,.F.);
#3088=ORIENTED_EDGE('',*,*,#2236,.F.);
#3089=ORIENTED_EDGE('',*,*,#2246,.T.);
#3090=ORIENTED_EDGE('',*,*,#2243,.T.);
#3091=ORIENTED_EDGE('',*,*,#2240,.T.);
#3092=ORIENTED_EDGE('',*,*,#2237,.T.);
#3093=ORIENTED_EDGE('',*,*,#2232,.T.);
#3094=ORIENTED_EDGE('',*,*,#2245,.T.);
#3095=ORIENTED_EDGE('',*,*,#2235,.T.);
#3096=ORIENTED_EDGE('',*,*,#2239,.T.);
#3097=ORIENTED_EDGE('',*,*,#2242,.T.);
#3098=ORIENTED_EDGE('',*,*,#2234,.T.);
#3099=CYLINDRICAL_SURFACE('',#3404,0.75);
#3100=CYLINDRICAL_SURFACE('',#3405,0.75);
#3101=CYLINDRICAL_SURFACE('',#3406,0.75);
#3102=CYLINDRICAL_SURFACE('',#3407,0.75);
#3103=CYLINDRICAL_SURFACE('',#3408,0.999999999999979);
#3104=CYLINDRICAL_SURFACE('',#3412,1.00000000000001);
#3105=CYLINDRICAL_SURFACE('',#3416,1.00000000000001);
#3106=CYLINDRICAL_SURFACE('',#3420,1.00000000000001);
#3107=CYLINDRICAL_SURFACE('',#3424,1.20000000000001);
#3108=CYLINDRICAL_SURFACE('',#3428,1.20000000000001);
#3109=CYLINDRICAL_SURFACE('',#3432,1.20000000000001);
#3110=CYLINDRICAL_SURFACE('',#3436,1.20000000000001);
#3111=CYLINDRICAL_SURFACE('',#3478,3.59999999999999);
#3112=CYLINDRICAL_SURFACE('',#3489,0.999999999999996);
#3113=CYLINDRICAL_SURFACE('',#3493,1.00000000000001);
#3114=CYLINDRICAL_SURFACE('',#3497,0.999999999999996);
#3115=CYLINDRICAL_SURFACE('',#3501,0.999999999999996);
#3116=CYLINDRICAL_SURFACE('',#3505,1.2);
#3117=CYLINDRICAL_SURFACE('',#3509,1.2);
#3118=CYLINDRICAL_SURFACE('',#3513,1.19999999999999);
#3119=CYLINDRICAL_SURFACE('',#3517,1.19999999999999);
#3120=CYLINDRICAL_SURFACE('',#3564,3.59999999999999);
#3121=CYLINDRICAL_SURFACE('',#3567,1.1);
#3122=CYLINDRICAL_SURFACE('',#3572,1.1);
#3123=CYLINDRICAL_SURFACE('',#3577,1.09999999999999);
#3124=CYLINDRICAL_SURFACE('',#3582,1.09999999999999);
#3125=CYLINDRICAL_SURFACE('',#3587,1.2);
#3126=CYLINDRICAL_SURFACE('',#3590,1.19999999999999);
#3127=CYLINDRICAL_SURFACE('',#3593,1.20000000000001);
#3128=CYLINDRICAL_SURFACE('',#3596,1.20000000000001);
#3129=CYLINDRICAL_SURFACE('',#3606,0.75);
#3130=CYLINDRICAL_SURFACE('',#3607,0.75);
#3131=CYLINDRICAL_SURFACE('',#3608,0.75);
#3132=CYLINDRICAL_SURFACE('',#3609,0.75);
#3133=CYLINDRICAL_SURFACE('',#3610,0.999999999999979);
#3134=CYLINDRICAL_SURFACE('',#3614,1.00000000000001);
#3135=CYLINDRICAL_SURFACE('',#3618,1.00000000000001);
#3136=CYLINDRICAL_SURFACE('',#3622,1.00000000000001);
#3137=CYLINDRICAL_SURFACE('',#3626,1.20000000000001);
#3138=CYLINDRICAL_SURFACE('',#3630,1.20000000000001);
#3139=CYLINDRICAL_SURFACE('',#3634,1.20000000000001);
#3140=CYLINDRICAL_SURFACE('',#3638,1.20000000000001);
#3141=CYLINDRICAL_SURFACE('',#3676,3.59999999999999);
#3142=ADVANCED_FACE('',(#367),#3099,.F.);
#3143=ADVANCED_FACE('',(#368),#3100,.F.);
#3144=ADVANCED_FACE('',(#369),#3101,.F.);
#3145=ADVANCED_FACE('',(#370),#3102,.F.);
#3146=ADVANCED_FACE('',(#371,#234,#235),#3103,.T.);
#3147=ADVANCED_FACE('',(#372),#69,.T.);
#3148=ADVANCED_FACE('',(#373,#236,#237),#3104,.T.);
#3149=ADVANCED_FACE('',(#374),#70,.T.);
#3150=ADVANCED_FACE('',(#375,#238,#239),#3105,.T.);
#3151=ADVANCED_FACE('',(#376),#71,.T.);
#3152=ADVANCED_FACE('',(#377,#240,#241),#3106,.T.);
#3153=ADVANCED_FACE('',(#378),#72,.T.);
#3154=ADVANCED_FACE('',(#379),#3107,.T.);
#3155=ADVANCED_FACE('',(#380,#242),#73,.T.);
#3156=ADVANCED_FACE('',(#381),#3108,.T.);
#3157=ADVANCED_FACE('',(#382,#243),#74,.T.);
#3158=ADVANCED_FACE('',(#383),#3109,.T.);
#3159=ADVANCED_FACE('',(#384,#244),#75,.T.);
#3160=ADVANCED_FACE('',(#385),#3110,.T.);
#3161=ADVANCED_FACE('',(#386,#245),#76,.T.);
#3162=ADVANCED_FACE('',(#387),#77,.T.);
#3163=ADVANCED_FACE('',(#388),#78,.T.);
#3164=ADVANCED_FACE('',(#389),#79,.T.);
#3165=ADVANCED_FACE('',(#390),#80,.T.);
#3166=ADVANCED_FACE('',(#391,#246,#247,#248,#249),#81,.T.);
#3167=ADVANCED_FACE('',(#392),#82,.F.);
#3168=ADVANCED_FACE('',(#393),#83,.F.);
#3169=ADVANCED_FACE('',(#394),#84,.F.);
#3170=ADVANCED_FACE('',(#395),#85,.F.);
#3171=ADVANCED_FACE('',(#396),#86,.F.);
#3172=ADVANCED_FACE('',(#397),#87,.T.);
#3173=ADVANCED_FACE('',(#398,#250),#88,.T.);
#3174=ADVANCED_FACE('',(#399),#89,.T.);
#3175=ADVANCED_FACE('',(#400,#251),#90,.T.);
#3176=ADVANCED_FACE('',(#401),#91,.T.);
#3177=ADVANCED_FACE('',(#402),#92,.F.);
#3178=ADVANCED_FACE('',(#403),#93,.F.);
#3179=ADVANCED_FACE('',(#404),#94,.F.);
#3180=ADVANCED_FACE('',(#405),#95,.F.);
#3181=ADVANCED_FACE('',(#406),#96,.F.);
#3182=ADVANCED_FACE('',(#407),#97,.T.);
#3183=ADVANCED_FACE('',(#408,#252),#98,.T.);
#3184=ADVANCED_FACE('',(#409),#99,.T.);
#3185=ADVANCED_FACE('',(#410,#253),#100,.T.);
#3186=ADVANCED_FACE('',(#411),#101,.T.);
#3187=ADVANCED_FACE('',(#412),#102,.F.);
#3188=ADVANCED_FACE('',(#413),#103,.T.);
#3189=ADVANCED_FACE('',(#414),#104,.T.);
#3190=ADVANCED_FACE('',(#415),#105,.T.);
#3191=ADVANCED_FACE('',(#416),#106,.T.);
#3192=ADVANCED_FACE('',(#417),#107,.T.);
#3193=ADVANCED_FACE('',(#418),#108,.F.);
#3194=ADVANCED_FACE('',(#419),#109,.T.);
#3195=ADVANCED_FACE('',(#420),#110,.T.);
#3196=ADVANCED_FACE('',(#421),#111,.T.);
#3197=ADVANCED_FACE('',(#422),#112,.T.);
#3198=ADVANCED_FACE('',(#423),#113,.T.);
#3199=ADVANCED_FACE('',(#424),#114,.F.);
#3200=ADVANCED_FACE('',(#425),#3111,.F.);
#3201=ADVANCED_FACE('',(#426),#115,.T.);
#3202=ADVANCED_FACE('',(#427),#116,.T.);
#3203=ADVANCED_FACE('',(#428),#117,.T.);
#3204=ADVANCED_FACE('',(#429),#118,.T.);
#3205=ADVANCED_FACE('',(#430,#254),#119,.T.);
#3206=ADVANCED_FACE('',(#431,#255),#120,.F.);
#3207=ADVANCED_FACE('',(#432),#3112,.T.);
#3208=ADVANCED_FACE('',(#433),#121,.T.);
#3209=ADVANCED_FACE('',(#434),#3113,.T.);
#3210=ADVANCED_FACE('',(#435),#122,.T.);
#3211=ADVANCED_FACE('',(#436),#3114,.T.);
#3212=ADVANCED_FACE('',(#437),#123,.T.);
#3213=ADVANCED_FACE('',(#438),#3115,.T.);
#3214=ADVANCED_FACE('',(#439),#124,.T.);
#3215=ADVANCED_FACE('',(#440),#3116,.T.);
#3216=ADVANCED_FACE('',(#441,#256),#125,.T.);
#3217=ADVANCED_FACE('',(#442),#3117,.T.);
#3218=ADVANCED_FACE('',(#443,#257),#126,.T.);
#3219=ADVANCED_FACE('',(#444),#3118,.T.);
#3220=ADVANCED_FACE('',(#445,#258),#127,.T.);
#3221=ADVANCED_FACE('',(#446),#3119,.T.);
#3222=ADVANCED_FACE('',(#447,#259),#128,.T.);
#3223=ADVANCED_FACE('',(#448),#129,.T.);
#3224=ADVANCED_FACE('',(#449),#130,.T.);
#3225=ADVANCED_FACE('',(#450),#131,.T.);
#3226=ADVANCED_FACE('',(#451),#132,.T.);
#3227=ADVANCED_FACE('',(#452),#133,.T.);
#3228=ADVANCED_FACE('',(#453),#134,.T.);
#3229=ADVANCED_FACE('',(#454),#135,.T.);
#3230=ADVANCED_FACE('',(#455),#136,.T.);
#3231=ADVANCED_FACE('',(#456),#137,.T.);
#3232=ADVANCED_FACE('',(#457),#138,.T.);
#3233=ADVANCED_FACE('',(#458),#139,.T.);
#3234=ADVANCED_FACE('',(#459),#140,.T.);
#3235=ADVANCED_FACE('',(#460),#141,.T.);
#3236=ADVANCED_FACE('',(#461,#260,#261,#262,#263,#264),#142,.T.);
#3237=ADVANCED_FACE('',(#462),#143,.F.);
#3238=ADVANCED_FACE('',(#463),#144,.T.);
#3239=ADVANCED_FACE('',(#464),#145,.T.);
#3240=ADVANCED_FACE('',(#465),#146,.T.);
#3241=ADVANCED_FACE('',(#466),#147,.T.);
#3242=ADVANCED_FACE('',(#467),#148,.T.);
#3243=ADVANCED_FACE('',(#468),#149,.F.);
#3244=ADVANCED_FACE('',(#469),#150,.F.);
#3245=ADVANCED_FACE('',(#470),#151,.F.);
#3246=ADVANCED_FACE('',(#471),#152,.F.);
#3247=ADVANCED_FACE('',(#472),#153,.F.);
#3248=ADVANCED_FACE('',(#473),#154,.T.);
#3249=ADVANCED_FACE('',(#474,#265),#155,.T.);
#3250=ADVANCED_FACE('',(#475),#156,.T.);
#3251=ADVANCED_FACE('',(#476,#266),#157,.T.);
#3252=ADVANCED_FACE('',(#477),#158,.T.);
#3253=ADVANCED_FACE('',(#478),#159,.F.);
#3254=ADVANCED_FACE('',(#479),#160,.T.);
#3255=ADVANCED_FACE('',(#480),#161,.T.);
#3256=ADVANCED_FACE('',(#481),#162,.T.);
#3257=ADVANCED_FACE('',(#482),#163,.T.);
#3258=ADVANCED_FACE('',(#483),#164,.T.);
#3259=ADVANCED_FACE('',(#484),#165,.F.);
#3260=ADVANCED_FACE('',(#485),#166,.T.);
#3261=ADVANCED_FACE('',(#486),#167,.T.);
#3262=ADVANCED_FACE('',(#487),#168,.T.);
#3263=ADVANCED_FACE('',(#488),#169,.T.);
#3264=ADVANCED_FACE('',(#489),#170,.T.);
#3265=ADVANCED_FACE('',(#490),#171,.F.);
#3266=ADVANCED_FACE('',(#491),#3120,.F.);
#3267=ADVANCED_FACE('',(#492),#3121,.F.);
#3268=ADVANCED_FACE('',(#493,#267),#172,.T.);
#3269=ADVANCED_FACE('',(#494),#3122,.F.);
#3270=ADVANCED_FACE('',(#495,#268),#173,.T.);
#3271=ADVANCED_FACE('',(#496),#3123,.F.);
#3272=ADVANCED_FACE('',(#497,#269),#174,.T.);
#3273=ADVANCED_FACE('',(#498),#3124,.F.);
#3274=ADVANCED_FACE('',(#499,#270),#175,.T.);
#3275=ADVANCED_FACE('',(#500),#3125,.T.);
#3276=ADVANCED_FACE('',(#501),#176,.T.);
#3277=ADVANCED_FACE('',(#502),#3126,.T.);
#3278=ADVANCED_FACE('',(#503),#177,.T.);
#3279=ADVANCED_FACE('',(#504),#3127,.T.);
#3280=ADVANCED_FACE('',(#505),#178,.T.);
#3281=ADVANCED_FACE('',(#506),#3128,.T.);
#3282=ADVANCED_FACE('',(#507),#179,.T.);
#3283=ADVANCED_FACE('',(#508),#180,.T.);
#3284=ADVANCED_FACE('',(#509),#181,.T.);
#3285=ADVANCED_FACE('',(#510),#182,.T.);
#3286=ADVANCED_FACE('',(#511),#183,.T.);
#3287=ADVANCED_FACE('',(#512,#271),#184,.T.);
#3288=ADVANCED_FACE('',(#513,#272,#273,#274,#275,#276),#185,.F.);
#3289=ADVANCED_FACE('',(#514),#3129,.F.);
#3290=ADVANCED_FACE('',(#515),#3130,.F.);
#3291=ADVANCED_FACE('',(#516),#3131,.F.);
#3292=ADVANCED_FACE('',(#517),#3132,.F.);
#3293=ADVANCED_FACE('',(#518,#277,#278),#3133,.T.);
#3294=ADVANCED_FACE('',(#519),#186,.T.);
#3295=ADVANCED_FACE('',(#520,#279,#280),#3134,.T.);
#3296=ADVANCED_FACE('',(#521),#187,.T.);
#3297=ADVANCED_FACE('',(#522,#281,#282),#3135,.T.);
#3298=ADVANCED_FACE('',(#523),#188,.T.);
#3299=ADVANCED_FACE('',(#524,#283,#284),#3136,.T.);
#3300=ADVANCED_FACE('',(#525),#189,.T.);
#3301=ADVANCED_FACE('',(#526),#3137,.T.);
#3302=ADVANCED_FACE('',(#527,#285),#190,.T.);
#3303=ADVANCED_FACE('',(#528),#3138,.T.);
#3304=ADVANCED_FACE('',(#529,#286),#191,.T.);
#3305=ADVANCED_FACE('',(#530),#3139,.T.);
#3306=ADVANCED_FACE('',(#531,#287),#192,.T.);
#3307=ADVANCED_FACE('',(#532),#3140,.T.);
#3308=ADVANCED_FACE('',(#533,#288),#193,.T.);
#3309=ADVANCED_FACE('',(#534),#194,.T.);
#3310=ADVANCED_FACE('',(#535),#195,.T.);
#3311=ADVANCED_FACE('',(#536),#196,.T.);
#3312=ADVANCED_FACE('',(#537),#197,.T.);
#3313=ADVANCED_FACE('',(#538,#289,#290,#291,#292),#198,.T.);
#3314=ADVANCED_FACE('',(#539),#199,.F.);
#3315=ADVANCED_FACE('',(#540),#200,.F.);
#3316=ADVANCED_FACE('',(#541),#201,.F.);
#3317=ADVANCED_FACE('',(#542),#202,.F.);
#3318=ADVANCED_FACE('',(#543),#203,.F.);
#3319=ADVANCED_FACE('',(#544),#204,.T.);
#3320=ADVANCED_FACE('',(#545,#293),#205,.T.);
#3321=ADVANCED_FACE('',(#546),#206,.T.);
#3322=ADVANCED_FACE('',(#547,#294),#207,.T.);
#3323=ADVANCED_FACE('',(#548),#208,.T.);
#3324=ADVANCED_FACE('',(#549),#209,.F.);
#3325=ADVANCED_FACE('',(#550),#210,.T.);
#3326=ADVANCED_FACE('',(#551),#211,.T.);
#3327=ADVANCED_FACE('',(#552),#212,.T.);
#3328=ADVANCED_FACE('',(#553),#213,.T.);
#3329=ADVANCED_FACE('',(#554),#214,.T.);
#3330=ADVANCED_FACE('',(#555),#215,.F.);
#3331=ADVANCED_FACE('',(#556),#216,.T.);
#3332=ADVANCED_FACE('',(#557),#217,.T.);
#3333=ADVANCED_FACE('',(#558),#218,.T.);
#3334=ADVANCED_FACE('',(#559),#219,.T.);
#3335=ADVANCED_FACE('',(#560),#220,.T.);
#3336=ADVANCED_FACE('',(#561),#221,.F.);
#3337=ADVANCED_FACE('',(#562),#222,.T.);
#3338=ADVANCED_FACE('',(#563),#223,.T.);
#3339=ADVANCED_FACE('',(#564),#224,.T.);
#3340=ADVANCED_FACE('',(#565),#225,.T.);
#3341=ADVANCED_FACE('',(#566),#226,.T.);
#3342=ADVANCED_FACE('',(#567),#227,.F.);
#3343=ADVANCED_FACE('',(#568),#3141,.F.);
#3344=ADVANCED_FACE('',(#569),#228,.T.);
#3345=ADVANCED_FACE('',(#570),#229,.T.);
#3346=ADVANCED_FACE('',(#571),#230,.T.);
#3347=ADVANCED_FACE('',(#572),#231,.T.);
#3348=ADVANCED_FACE('',(#573,#295),#232,.T.);
#3349=ADVANCED_FACE('',(#574,#296),#233,.F.);
#3350=CLOSED_SHELL('',(#3142,#3143,#3144,#3145,#3146,#3147,#3148,#3149,
#3150,#3151,#3152,#3153,#3154,#3155,#3156,#3157,#3158,#3159,#3160,#3161,
#3162,#3163,#3164,#3165,#3166,#3167));
#3351=CLOSED_SHELL('',(#3168,#3169,#3170,#3171,#3172,#3173,#3174,#3175,
#3176,#3177));
#3352=CLOSED_SHELL('',(#3178,#3179,#3180,#3181,#3182,#3183,#3184,#3185,
#3186,#3187));
#3353=CLOSED_SHELL('',(#3188,#3189,#3190,#3191,#3192,#3193));
#3354=CLOSED_SHELL('',(#3194,#3195,#3196,#3197,#3198,#3199));
#3355=CLOSED_SHELL('',(#3200,#3201,#3202,#3203,#3204,#3205,#3206));
#3356=CLOSED_SHELL('',(#3207,#3208,#3209,#3210,#3211,#3212,#3213,#3214,
#3215,#3216,#3217,#3218,#3219,#3220,#3221,#3222,#3223,#3224,#3225,#3226,
#3227,#3228,#3229,#3230,#3231,#3232,#3233,#3234,#3235,#3236,#3237));
#3357=CLOSED_SHELL('',(#3238,#3239,#3240,#3241,#3242,#3243));
#3358=CLOSED_SHELL('',(#3244,#3245,#3246,#3247,#3248,#3249,#3250,#3251,
#3252,#3253));
#3359=CLOSED_SHELL('',(#3254,#3255,#3256,#3257,#3258,#3259));
#3360=CLOSED_SHELL('',(#3260,#3261,#3262,#3263,#3264,#3265));
#3361=CLOSED_SHELL('',(#3266,#3267,#3268,#3269,#3270,#3271,#3272,#3273,
#3274,#3275,#3276,#3277,#3278,#3279,#3280,#3281,#3282,#3283,#3284,#3285,
#3286,#3287,#3288));
#3362=CLOSED_SHELL('',(#3289,#3290,#3291,#3292,#3293,#3294,#3295,#3296,
#3297,#3298,#3299,#3300,#3301,#3302,#3303,#3304,#3305,#3306,#3307,#3308,
#3309,#3310,#3311,#3312,#3313,#3314));
#3363=CLOSED_SHELL('',(#3315,#3316,#3317,#3318,#3319,#3320,#3321,#3322,
#3323,#3324));
#3364=CLOSED_SHELL('',(#3325,#3326,#3327,#3328,#3329,#3330));
#3365=CLOSED_SHELL('',(#3331,#3332,#3333,#3334,#3335,#3336));
#3366=CLOSED_SHELL('',(#3337,#3338,#3339,#3340,#3341,#3342));
#3367=CLOSED_SHELL('',(#3343,#3344,#3345,#3346,#3347,#3348,#3349));
#3368=DERIVED_UNIT_ELEMENT(#3374,1.);
#3369=DERIVED_UNIT_ELEMENT(#6202,-3.);
#3370=DERIVED_UNIT_ELEMENT(#3374,1.);
#3371=DERIVED_UNIT_ELEMENT(#6202,-3.);
#3372=DERIVED_UNIT_ELEMENT(#3374,1.);
#3373=DERIVED_UNIT_ELEMENT(#6202,-3.);
#3374=(
MASS_UNIT()
NAMED_UNIT(*)
SI_UNIT(.KILO.,.GRAM.)
);
#3375=DERIVED_UNIT((#3368,#3369));
#3376=DERIVED_UNIT((#3370,#3371));
#3377=DERIVED_UNIT((#3372,#3373));
#3378=MEASURE_REPRESENTATION_ITEM('density measure',
POSITIVE_RATIO_MEASURE(7850.),#3375);
#3379=MEASURE_REPRESENTATION_ITEM('density measure',
POSITIVE_RATIO_MEASURE(7850.),#3376);
#3380=MEASURE_REPRESENTATION_ITEM('density measure',
POSITIVE_RATIO_MEASURE(7850.),#3377);
#3381=PROPERTY_DEFINITION_REPRESENTATION(#3396,#3387);
#3382=PROPERTY_DEFINITION_REPRESENTATION(#3397,#3388);
#3383=PROPERTY_DEFINITION_REPRESENTATION(#3398,#3389);
#3384=PROPERTY_DEFINITION_REPRESENTATION(#3399,#3390);
#3385=PROPERTY_DEFINITION_REPRESENTATION(#3400,#3391);
#3386=PROPERTY_DEFINITION_REPRESENTATION(#3401,#3392);
#3387=REPRESENTATION('material name',(#3393),#6196);
#3388=REPRESENTATION('density',(#3378),#6196);
#3389=REPRESENTATION('material name',(#3394),#6198);
#3390=REPRESENTATION('density',(#3379),#6198);
#3391=REPRESENTATION('material name',(#3395),#6199);
#3392=REPRESENTATION('density',(#3380),#6199);
#3393=DESCRIPTIVE_REPRESENTATION_ITEM('Steel','Steel');
#3394=DESCRIPTIVE_REPRESENTATION_ITEM('Steel','Steel');
#3395=DESCRIPTIVE_REPRESENTATION_ITEM('Steel','Steel');
#3396=PROPERTY_DEFINITION('material property','material name',#6226);
#3397=PROPERTY_DEFINITION('material property','density of part',#6226);
#3398=PROPERTY_DEFINITION('material property','material name',#6228);
#3399=PROPERTY_DEFINITION('material property','density of part',#6228);
#3400=PROPERTY_DEFINITION('material property','material name',#6229);
#3401=PROPERTY_DEFINITION('material property','density of part',#6229);
#3402=AXIS2_PLACEMENT_3D('',#4595,#3689,#3690);
#3403=AXIS2_PLACEMENT_3D('',#4596,#3691,#3692);
#3404=AXIS2_PLACEMENT_3D('',#4597,#3693,#3694);
#3405=AXIS2_PLACEMENT_3D('',#4685,#3696,#3697);
#3406=AXIS2_PLACEMENT_3D('',#4779,#3699,#3700);
#3407=AXIS2_PLACEMENT_3D('',#4867,#3702,#3703);
#3408=AXIS2_PLACEMENT_3D('',#4961,#3705,#3706);
#3409=AXIS2_PLACEMENT_3D('',#4963,#3707,#3708);
#3410=AXIS2_PLACEMENT_3D('',#4966,#3710,#3711);
#3411=AXIS2_PLACEMENT_3D('',#4967,#3712,#3713);
#3412=AXIS2_PLACEMENT_3D('',#4968,#3714,#3715);
#3413=AXIS2_PLACEMENT_3D('',#4970,#3716,#3717);
#3414=AXIS2_PLACEMENT_3D('',#4973,#3719,#3720);
#3415=AXIS2_PLACEMENT_3D('',#4974,#3721,#3722);
#3416=AXIS2_PLACEMENT_3D('',#4975,#3723,#3724);
#3417=AXIS2_PLACEMENT_3D('',#4977,#3725,#3726);
#3418=AXIS2_PLACEMENT_3D('',#4980,#3728,#3729);
#3419=AXIS2_PLACEMENT_3D('',#4981,#3730,#3731);
#3420=AXIS2_PLACEMENT_3D('',#4982,#3732,#3733);
#3421=AXIS2_PLACEMENT_3D('',#4984,#3734,#3735);
#3422=AXIS2_PLACEMENT_3D('',#4987,#3737,#3738);
#3423=AXIS2_PLACEMENT_3D('',#4988,#3739,#3740);
#3424=AXIS2_PLACEMENT_3D('',#4989,#3741,#3742);
#3425=AXIS2_PLACEMENT_3D('',#4991,#3743,#3744);
#3426=AXIS2_PLACEMENT_3D('',#4994,#3746,#3747);
#3427=AXIS2_PLACEMENT_3D('',#4995,#3748,#3749);
#3428=AXIS2_PLACEMENT_3D('',#4996,#3750,#3751);
#3429=AXIS2_PLACEMENT_3D('',#4998,#3752,#3753);
#3430=AXIS2_PLACEMENT_3D('',#5001,#3755,#3756);
#3431=AXIS2_PLACEMENT_3D('',#5002,#3757,#3758);
#3432=AXIS2_PLACEMENT_3D('',#5003,#3759,#3760);
#3433=AXIS2_PLACEMENT_3D('',#5005,#3761,#3762);
#3434=AXIS2_PLACEMENT_3D('',#5008,#3764,#3765);
#3435=AXIS2_PLACEMENT_3D('',#5009,#3766,#3767);
#3436=AXIS2_PLACEMENT_3D('',#5010,#3768,#3769);
#3437=AXIS2_PLACEMENT_3D('',#5012,#3770,#3771);
#3438=AXIS2_PLACEMENT_3D('',#5015,#3773,#3774);
#3439=AXIS2_PLACEMENT_3D('',#5016,#3775,#3776);
#3440=AXIS2_PLACEMENT_3D('',#5017,#3777,#3778);
#3441=AXIS2_PLACEMENT_3D('',#5026,#3783,#3784);
#3442=AXIS2_PLACEMENT_3D('',#5032,#3788,#3789);
#3443=AXIS2_PLACEMENT_3D('',#5038,#3793,#3794);
#3444=AXIS2_PLACEMENT_3D('',#5041,#3797,#3798);
#3445=AXIS2_PLACEMENT_3D('',#5042,#3799,#3800);
#3446=AXIS2_PLACEMENT_3D('',#5043,#3801,#3802);
#3447=AXIS2_PLACEMENT_3D('',#5052,#3807,#3808);
#3448=AXIS2_PLACEMENT_3D('',#5058,#3812,#3813);
#3449=AXIS2_PLACEMENT_3D('',#5064,#3817,#3818);
#3450=AXIS2_PLACEMENT_3D('',#5067,#3821,#3822);
#3451=AXIS2_PLACEMENT_3D('',#5076,#3827,#3828);
#3452=AXIS2_PLACEMENT_3D('',#5082,#3832,#3833);
#3453=AXIS2_PLACEMENT_3D('',#5088,#3837,#3838);
#3454=AXIS2_PLACEMENT_3D('',#5091,#3841,#3842);
#3455=AXIS2_PLACEMENT_3D('',#5092,#3843,#3844);
#3456=AXIS2_PLACEMENT_3D('',#5093,#3845,#3846);
#3457=AXIS2_PLACEMENT_3D('',#5102,#3851,#3852);
#3458=AXIS2_PLACEMENT_3D('',#5108,#3856,#3857);
#3459=AXIS2_PLACEMENT_3D('',#5114,#3861,#3862);
#3460=AXIS2_PLACEMENT_3D('',#5117,#3865,#3866);
#3461=AXIS2_PLACEMENT_3D('',#5126,#3871,#3872);
#3462=AXIS2_PLACEMENT_3D('',#5132,#3876,#3877);
#3463=AXIS2_PLACEMENT_3D('',#5138,#3881,#3882);
#3464=AXIS2_PLACEMENT_3D('',#5141,#3885,#3886);
#3465=AXIS2_PLACEMENT_3D('',#5142,#3887,#3888);
#3466=AXIS2_PLACEMENT_3D('',#5143,#3889,#3890);
#3467=AXIS2_PLACEMENT_3D('',#5152,#3895,#3896);
#3468=AXIS2_PLACEMENT_3D('',#5158,#3900,#3901);
#3469=AXIS2_PLACEMENT_3D('',#5164,#3905,#3906);
#3470=AXIS2_PLACEMENT_3D('',#5167,#3909,#3910);
#3471=AXIS2_PLACEMENT_3D('',#5168,#3911,#3912);
#3472=AXIS2_PLACEMENT_3D('',#5169,#3913,#3914);
#3473=AXIS2_PLACEMENT_3D('',#5178,#3919,#3920);
#3474=AXIS2_PLACEMENT_3D('',#5184,#3924,#3925);
#3475=AXIS2_PLACEMENT_3D('',#5190,#3929,#3930);
#3476=AXIS2_PLACEMENT_3D('',#5193,#3933,#3934);
#3477=AXIS2_PLACEMENT_3D('',#5194,#3935,#3936);
#3478=AXIS2_PLACEMENT_3D('',#5195,#3937,#3938);
#3479=AXIS2_PLACEMENT_3D('',#5197,#3939,#3940);
#3480=AXIS2_PLACEMENT_3D('',#5200,#3942,#3943);
#3481=AXIS2_PLACEMENT_3D('',#5201,#3944,#3945);
#3482=AXIS2_PLACEMENT_3D('',#5210,#3950,#3951);
#3483=AXIS2_PLACEMENT_3D('',#5216,#3955,#3956);
#3484=AXIS2_PLACEMENT_3D('',#5222,#3960,#3961);
#3485=AXIS2_PLACEMENT_3D('',#5225,#3964,#3965);
#3486=AXIS2_PLACEMENT_3D('',#5226,#3966,#3967);
#3487=AXIS2_PLACEMENT_3D('',#5227,#3968,#3969);
#3488=AXIS2_PLACEMENT_3D('',#5228,#3970,#3971);
#3489=AXIS2_PLACEMENT_3D('',#5229,#3972,#3973);
#3490=AXIS2_PLACEMENT_3D('',#5231,#3974,#3975);
#3491=AXIS2_PLACEMENT_3D('',#5234,#3977,#3978);
#3492=AXIS2_PLACEMENT_3D('',#5235,#3979,#3980);
#3493=AXIS2_PLACEMENT_3D('',#5236,#3981,#3982);
#3494=AXIS2_PLACEMENT_3D('',#5238,#3983,#3984);
#3495=AXIS2_PLACEMENT_3D('',#5241,#3986,#3987);
#3496=AXIS2_PLACEMENT_3D('',#5242,#3988,#3989);
#3497=AXIS2_PLACEMENT_3D('',#5243,#3990,#3991);
#3498=AXIS2_PLACEMENT_3D('',#5245,#3992,#3993);
#3499=AXIS2_PLACEMENT_3D('',#5248,#3995,#3996);
#3500=AXIS2_PLACEMENT_3D('',#5249,#3997,#3998);
#3501=AXIS2_PLACEMENT_3D('',#5250,#3999,#4000);
#3502=AXIS2_PLACEMENT_3D('',#5252,#4001,#4002);
#3503=AXIS2_PLACEMENT_3D('',#5255,#4004,#4005);
#3504=AXIS2_PLACEMENT_3D('',#5256,#4006,#4007);
#3505=AXIS2_PLACEMENT_3D('',#5257,#4008,#4009);
#3506=AXIS2_PLACEMENT_3D('',#5259,#4010,#4011);
#3507=AXIS2_PLACEMENT_3D('',#5262,#4013,#4014);
#3508=AXIS2_PLACEMENT_3D('',#5263,#4015,#4016);
#3509=AXIS2_PLACEMENT_3D('',#5264,#4017,#4018);
#3510=AXIS2_PLACEMENT_3D('',#5266,#4019,#4020);
#3511=AXIS2_PLACEMENT_3D('',#5269,#4022,#4023);
#3512=AXIS2_PLACEMENT_3D('',#5270,#4024,#4025);
#3513=AXIS2_PLACEMENT_3D('',#5271,#4026,#4027);
#3514=AXIS2_PLACEMENT_3D('',#5273,#4028,#4029);
#3515=AXIS2_PLACEMENT_3D('',#5276,#4031,#4032);
#3516=AXIS2_PLACEMENT_3D('',#5277,#4033,#4034);
#3517=AXIS2_PLACEMENT_3D('',#5278,#4035,#4036);
#3518=AXIS2_PLACEMENT_3D('',#5280,#4037,#4038);
#3519=AXIS2_PLACEMENT_3D('',#5283,#4040,#4041);
#3520=AXIS2_PLACEMENT_3D('',#5284,#4042,#4043);
#3521=AXIS2_PLACEMENT_3D('',#5285,#4044,#4045);
#3522=AXIS2_PLACEMENT_3D('',#5294,#4050,#4051);
#3523=AXIS2_PLACEMENT_3D('',#5300,#4055,#4056);
#3524=AXIS2_PLACEMENT_3D('',#5306,#4060,#4061);
#3525=AXIS2_PLACEMENT_3D('',#5312,#4065,#4066);
#3526=AXIS2_PLACEMENT_3D('',#5320,#4071,#4072);
#3527=AXIS2_PLACEMENT_3D('',#5326,#4076,#4077);
#3528=AXIS2_PLACEMENT_3D('',#5332,#4081,#4082);
#3529=AXIS2_PLACEMENT_3D('',#5335,#4085,#4086);
#3530=AXIS2_PLACEMENT_3D('',#5336,#4087,#4088);
#3531=AXIS2_PLACEMENT_3D('',#5345,#4093,#4094);
#3532=AXIS2_PLACEMENT_3D('',#5351,#4098,#4099);
#3533=AXIS2_PLACEMENT_3D('',#5357,#4103,#4104);
#3534=AXIS2_PLACEMENT_3D('',#5360,#4107,#4108);
#3535=AXIS2_PLACEMENT_3D('',#5361,#4109,#4110);
#3536=AXIS2_PLACEMENT_3D('',#5362,#4111,#4112);
#3537=AXIS2_PLACEMENT_3D('',#5371,#4117,#4118);
#3538=AXIS2_PLACEMENT_3D('',#5377,#4122,#4123);
#3539=AXIS2_PLACEMENT_3D('',#5383,#4127,#4128);
#3540=AXIS2_PLACEMENT_3D('',#5386,#4131,#4132);
#3541=AXIS2_PLACEMENT_3D('',#5387,#4133,#4134);
#3542=AXIS2_PLACEMENT_3D('',#5388,#4135,#4136);
#3543=AXIS2_PLACEMENT_3D('',#5397,#4141,#4142);
#3544=AXIS2_PLACEMENT_3D('',#5403,#4146,#4147);
#3545=AXIS2_PLACEMENT_3D('',#5409,#4151,#4152);
#3546=AXIS2_PLACEMENT_3D('',#5412,#4155,#4156);
#3547=AXIS2_PLACEMENT_3D('',#5421,#4161,#4162);
#3548=AXIS2_PLACEMENT_3D('',#5427,#4166,#4167);
#3549=AXIS2_PLACEMENT_3D('',#5433,#4171,#4172);
#3550=AXIS2_PLACEMENT_3D('',#5436,#4175,#4176);
#3551=AXIS2_PLACEMENT_3D('',#5437,#4177,#4178);
#3552=AXIS2_PLACEMENT_3D('',#5438,#4179,#4180);
#3553=AXIS2_PLACEMENT_3D('',#5447,#4185,#4186);
#3554=AXIS2_PLACEMENT_3D('',#5453,#4190,#4191);
#3555=AXIS2_PLACEMENT_3D('',#5459,#4195,#4196);
#3556=AXIS2_PLACEMENT_3D('',#5462,#4199,#4200);
#3557=AXIS2_PLACEMENT_3D('',#5463,#4201,#4202);
#3558=AXIS2_PLACEMENT_3D('',#5464,#4203,#4204);
#3559=AXIS2_PLACEMENT_3D('',#5473,#4209,#4210);
#3560=AXIS2_PLACEMENT_3D('',#5479,#4214,#4215);
#3561=AXIS2_PLACEMENT_3D('',#5485,#4219,#4220);
#3562=AXIS2_PLACEMENT_3D('',#5488,#4223,#4224);
#3563=AXIS2_PLACEMENT_3D('',#5489,#4225,#4226);
#3564=AXIS2_PLACEMENT_3D('',#5490,#4227,#4228);
#3565=AXIS2_PLACEMENT_3D('',#5492,#4229,#4230);
#3566=AXIS2_PLACEMENT_3D('',#5495,#4232,#4233);
#3567=AXIS2_PLACEMENT_3D('',#5496,#4234,#4235);
#3568=AXIS2_PLACEMENT_3D('',#5498,#4236,#4237);
#3569=AXIS2_PLACEMENT_3D('',#5501,#4239,#4240);
#3570=AXIS2_PLACEMENT_3D('',#5502,#4241,#4242);
#3571=AXIS2_PLACEMENT_3D('',#5504,#4243,#4244);
#3572=AXIS2_PLACEMENT_3D('',#5505,#4245,#4246);
#3573=AXIS2_PLACEMENT_3D('',#5507,#4247,#4248);
#3574=AXIS2_PLACEMENT_3D('',#5510,#4250,#4251);
#3575=AXIS2_PLACEMENT_3D('',#5511,#4252,#4253);
#3576=AXIS2_PLACEMENT_3D('',#5513,#4254,#4255);
#3577=AXIS2_PLACEMENT_3D('',#5514,#4256,#4257);
#3578=AXIS2_PLACEMENT_3D('',#5516,#4258,#4259);
#3579=AXIS2_PLACEMENT_3D('',#5519,#4261,#4262);
#3580=AXIS2_PLACEMENT_3D('',#5520,#4263,#4264);
#3581=AXIS2_PLACEMENT_3D('',#5522,#4265,#4266);
#3582=AXIS2_PLACEMENT_3D('',#5523,#4267,#4268);
#3583=AXIS2_PLACEMENT_3D('',#5525,#4269,#4270);
#3584=AXIS2_PLACEMENT_3D('',#5528,#4272,#4273);
#3585=AXIS2_PLACEMENT_3D('',#5529,#4274,#4275);
#3586=AXIS2_PLACEMENT_3D('',#5531,#4276,#4277);
#3587=AXIS2_PLACEMENT_3D('',#5532,#4278,#4279);
#3588=AXIS2_PLACEMENT_3D('',#5535,#4281,#4282);
#3589=AXIS2_PLACEMENT_3D('',#5536,#4283,#4284);
#3590=AXIS2_PLACEMENT_3D('',#5537,#4285,#4286);
#3591=AXIS2_PLACEMENT_3D('',#5540,#4288,#4289);
#3592=AXIS2_PLACEMENT_3D('',#5541,#4290,#4291);
#3593=AXIS2_PLACEMENT_3D('',#5542,#4292,#4293);
#3594=AXIS2_PLACEMENT_3D('',#5545,#4295,#4296);
#3595=AXIS2_PLACEMENT_3D('',#5546,#4297,#4298);
#3596=AXIS2_PLACEMENT_3D('',#5547,#4299,#4300);
#3597=AXIS2_PLACEMENT_3D('',#5550,#4302,#4303);
#3598=AXIS2_PLACEMENT_3D('',#5551,#4304,#4305);
#3599=AXIS2_PLACEMENT_3D('',#5552,#4306,#4307);
#3600=AXIS2_PLACEMENT_3D('',#5561,#4312,#4313);
#3601=AXIS2_PLACEMENT_3D('',#5567,#4317,#4318);
#3602=AXIS2_PLACEMENT_3D('',#5573,#4322,#4323);
#3603=AXIS2_PLACEMENT_3D('',#5576,#4326,#4327);
#3604=AXIS2_PLACEMENT_3D('',#5577,#4328,#4329);
#3605=AXIS2_PLACEMENT_3D('',#5578,#4330,#4331);
#3606=AXIS2_PLACEMENT_3D('',#5579,#4332,#4333);
#3607=AXIS2_PLACEMENT_3D('',#5667,#4335,#4336);
#3608=AXIS2_PLACEMENT_3D('',#5761,#4338,#4339);
#3609=AXIS2_PLACEMENT_3D('',#5849,#4341,#4342);
#3610=AXIS2_PLACEMENT_3D('',#5943,#4344,#4345);
#3611=AXIS2_PLACEMENT_3D('',#5945,#4346,#4347);
#3612=AXIS2_PLACEMENT_3D('',#5948,#4349,#4350);
#3613=AXIS2_PLACEMENT_3D('',#5949,#4351,#4352);
#3614=AXIS2_PLACEMENT_3D('',#5950,#4353,#4354);
#3615=AXIS2_PLACEMENT_3D('',#5952,#4355,#4356);
#3616=AXIS2_PLACEMENT_3D('',#5955,#4358,#4359);
#3617=AXIS2_PLACEMENT_3D('',#5956,#4360,#4361);
#3618=AXIS2_PLACEMENT_3D('',#5957,#4362,#4363);
#3619=AXIS2_PLACEMENT_3D('',#5959,#4364,#4365);
#3620=AXIS2_PLACEMENT_3D('',#5962,#4367,#4368);
#3621=AXIS2_PLACEMENT_3D('',#5963,#4369,#4370);
#3622=AXIS2_PLACEMENT_3D('',#5964,#4371,#4372);
#3623=AXIS2_PLACEMENT_3D('',#5966,#4373,#4374);
#3624=AXIS2_PLACEMENT_3D('',#5969,#4376,#4377);
#3625=AXIS2_PLACEMENT_3D('',#5970,#4378,#4379);
#3626=AXIS2_PLACEMENT_3D('',#5971,#4380,#4381);
#3627=AXIS2_PLACEMENT_3D('',#5973,#4382,#4383);
#3628=AXIS2_PLACEMENT_3D('',#5976,#4385,#4386);
#3629=AXIS2_PLACEMENT_3D('',#5977,#4387,#4388);
#3630=AXIS2_PLACEMENT_3D('',#5978,#4389,#4390);
#3631=AXIS2_PLACEMENT_3D('',#5980,#4391,#4392);
#3632=AXIS2_PLACEMENT_3D('',#5983,#4394,#4395);
#3633=AXIS2_PLACEMENT_3D('',#5984,#4396,#4397);
#3634=AXIS2_PLACEMENT_3D('',#5985,#4398,#4399);
#3635=AXIS2_PLACEMENT_3D('',#5987,#4400,#4401);
#3636=AXIS2_PLACEMENT_3D('',#5990,#4403,#4404);
#3637=AXIS2_PLACEMENT_3D('',#5991,#4405,#4406);
#3638=AXIS2_PLACEMENT_3D('',#5992,#4407,#4408);
#3639=AXIS2_PLACEMENT_3D('',#5994,#4409,#4410);
#3640=AXIS2_PLACEMENT_3D('',#5997,#4412,#4413);
#3641=AXIS2_PLACEMENT_3D('',#5998,#4414,#4415);
#3642=AXIS2_PLACEMENT_3D('',#5999,#4416,#4417);
#3643=AXIS2_PLACEMENT_3D('',#6008,#4422,#4423);
#3644=AXIS2_PLACEMENT_3D('',#6014,#4427,#4428);
#3645=AXIS2_PLACEMENT_3D('',#6020,#4432,#4433);
#3646=AXIS2_PLACEMENT_3D('',#6023,#4436,#4437);
#3647=AXIS2_PLACEMENT_3D('',#6024,#4438,#4439);
#3648=AXIS2_PLACEMENT_3D('',#6025,#4440,#4441);
#3649=AXIS2_PLACEMENT_3D('',#6034,#4446,#4447);
#3650=AXIS2_PLACEMENT_3D('',#6040,#4451,#4452);
#3651=AXIS2_PLACEMENT_3D('',#6046,#4456,#4457);
#3652=AXIS2_PLACEMENT_3D('',#6049,#4460,#4461);
#3653=AXIS2_PLACEMENT_3D('',#6058,#4466,#4467);
#3654=AXIS2_PLACEMENT_3D('',#6064,#4471,#4472);
#3655=AXIS2_PLACEMENT_3D('',#6070,#4476,#4477);
#3656=AXIS2_PLACEMENT_3D('',#6073,#4480,#4481);
#3657=AXIS2_PLACEMENT_3D('',#6074,#4482,#4483);
#3658=AXIS2_PLACEMENT_3D('',#6075,#4484,#4485);
#3659=AXIS2_PLACEMENT_3D('',#6084,#4490,#4491);
#3660=AXIS2_PLACEMENT_3D('',#6090,#4495,#4496);
#3661=AXIS2_PLACEMENT_3D('',#6096,#4500,#4501);
#3662=AXIS2_PLACEMENT_3D('',#6099,#4504,#4505);
#3663=AXIS2_PLACEMENT_3D('',#6100,#4506,#4507);
#3664=AXIS2_PLACEMENT_3D('',#6101,#4508,#4509);
#3665=AXIS2_PLACEMENT_3D('',#6110,#4514,#4515);
#3666=AXIS2_PLACEMENT_3D('',#6116,#4519,#4520);
#3667=AXIS2_PLACEMENT_3D('',#6122,#4524,#4525);
#3668=AXIS2_PLACEMENT_3D('',#6125,#4528,#4529);
#3669=AXIS2_PLACEMENT_3D('',#6126,#4530,#4531);
#3670=AXIS2_PLACEMENT_3D('',#6127,#4532,#4533);
#3671=AXIS2_PLACEMENT_3D('',#6136,#4538,#4539);
#3672=AXIS2_PLACEMENT_3D('',#6142,#4543,#4544);
#3673=AXIS2_PLACEMENT_3D('',#6148,#4548,#4549);
#3674=AXIS2_PLACEMENT_3D('',#6151,#4552,#4553);
#3675=AXIS2_PLACEMENT_3D('',#6152,#4554,#4555);
#3676=AXIS2_PLACEMENT_3D('',#6153,#4556,#4557);
#3677=AXIS2_PLACEMENT_3D('',#6155,#4558,#4559);
#3678=AXIS2_PLACEMENT_3D('',#6158,#4561,#4562);
#3679=AXIS2_PLACEMENT_3D('',#6159,#4563,#4564);
#3680=AXIS2_PLACEMENT_3D('',#6168,#4569,#4570);
#3681=AXIS2_PLACEMENT_3D('',#6174,#4574,#4575);
#3682=AXIS2_PLACEMENT_3D('',#6180,#4579,#4580);
#3683=AXIS2_PLACEMENT_3D('',#6183,#4583,#4584);
#3684=AXIS2_PLACEMENT_3D('',#6184,#4585,#4586);
#3685=AXIS2_PLACEMENT_3D('',#6185,#4587,#4588);
#3686=AXIS2_PLACEMENT_3D('',#6186,#4589,#4590);
#3687=AXIS2_PLACEMENT_3D('',#6187,#4591,#4592);
#3688=AXIS2_PLACEMENT_3D('',#6188,#4593,#4594);
#3689=DIRECTION('axis',(0.,0.,1.));
#3690=DIRECTION('refdir',(1.,0.,0.));
#3691=DIRECTION('axis',(0.,0.,1.));
#3692=DIRECTION('refdir',(1.,0.,0.));
#3693=DIRECTION('center_axis',(6.12323399573677E-17,0.,-1.));
#3694=DIRECTION('ref_axis',(1.,0.,6.12323399573677E-17));
#3695=DIRECTION('',(6.12323399573677E-17,0.,-1.));
#3696=DIRECTION('center_axis',(6.12323399573677E-17,0.,-1.));
#3697=DIRECTION('ref_axis',(1.,0.,6.12323399573677E-17));
#3698=DIRECTION('',(6.12323399573677E-17,0.,-1.));
#3699=DIRECTION('center_axis',(6.12323399573677E-17,0.,-1.));
#3700=DIRECTION('ref_axis',(1.,0.,6.12323399573677E-17));
#3701=DIRECTION('',(6.12323399573677E-17,0.,-1.));
#3702=DIRECTION('center_axis',(6.12323399573677E-17,0.,-1.));
#3703=DIRECTION('ref_axis',(1.,0.,6.12323399573677E-17));
#3704=DIRECTION('',(6.12323399573677E-17,0.,-1.));
#3705=DIRECTION('center_axis',(0.,1.,0.));
#3706=DIRECTION('ref_axis',(-1.,0.,0.));
#3707=DIRECTION('center_axis',(0.,1.,0.));
#3708=DIRECTION('ref_axis',(-1.,0.,0.));
#3709=DIRECTION('',(0.,-1.,0.));
#3710=DIRECTION('center_axis',(0.,-1.,0.));
#3711=DIRECTION('ref_axis',(-1.,0.,0.));
#3712=DIRECTION('center_axis',(0.,1.,0.));
#3713=DIRECTION('ref_axis',(-1.,0.,0.));
#3714=DIRECTION('center_axis',(0.,1.,0.));
#3715=DIRECTION('ref_axis',(-1.,0.,0.));
#3716=DIRECTION('center_axis',(0.,1.,0.));
#3717=DIRECTION('ref_axis',(-1.,0.,0.));
#3718=DIRECTION('',(0.,-1.,0.));
#3719=DIRECTION('center_axis',(0.,-1.,0.));
#3720=DIRECTION('ref_axis',(-1.,0.,0.));
#3721=DIRECTION('center_axis',(0.,1.,0.));
#3722=DIRECTION('ref_axis',(-1.,0.,0.));
#3723=DIRECTION('center_axis',(0.,1.,0.));
#3724=DIRECTION('ref_axis',(-1.,0.,0.));
#3725=DIRECTION('center_axis',(0.,1.,0.));
#3726=DIRECTION('ref_axis',(-1.,0.,0.));
#3727=DIRECTION('',(0.,-1.,0.));
#3728=DIRECTION('center_axis',(0.,-1.,0.));
#3729=DIRECTION('ref_axis',(-1.,0.,0.));
#3730=DIRECTION('center_axis',(0.,1.,0.));
#3731=DIRECTION('ref_axis',(-1.,0.,0.));
#3732=DIRECTION('center_axis',(0.,1.,0.));
#3733=DIRECTION('ref_axis',(-1.,0.,0.));
#3734=DIRECTION('center_axis',(0.,1.,0.));
#3735=DIRECTION('ref_axis',(-1.,0.,0.));
#3736=DIRECTION('',(0.,-1.,0.));
#3737=DIRECTION('center_axis',(0.,-1.,0.));
#3738=DIRECTION('ref_axis',(-1.,0.,0.));
#3739=DIRECTION('center_axis',(0.,1.,0.));
#3740=DIRECTION('ref_axis',(-1.,0.,0.));
#3741=DIRECTION('center_axis',(0.,1.,0.));
#3742=DIRECTION('ref_axis',(-1.,0.,0.));
#3743=DIRECTION('center_axis',(0.,1.,0.));
#3744=DIRECTION('ref_axis',(-1.,0.,0.));
#3745=DIRECTION('',(0.,-1.,0.));
#3746=DIRECTION('center_axis',(0.,-1.,0.));
#3747=DIRECTION('ref_axis',(-1.,0.,0.));
#3748=DIRECTION('center_axis',(0.,1.,0.));
#3749=DIRECTION('ref_axis',(-1.,0.,0.));
#3750=DIRECTION('center_axis',(0.,1.,0.));
#3751=DIRECTION('ref_axis',(-1.,0.,0.));
#3752=DIRECTION('center_axis',(0.,1.,0.));
#3753=DIRECTION('ref_axis',(-1.,0.,0.));
#3754=DIRECTION('',(0.,-1.,0.));
#3755=DIRECTION('center_axis',(0.,-1.,0.));
#3756=DIRECTION('ref_axis',(-1.,0.,0.));
#3757=DIRECTION('center_axis',(0.,1.,0.));
#3758=DIRECTION('ref_axis',(-1.,0.,0.));
#3759=DIRECTION('center_axis',(0.,1.,0.));
#3760=DIRECTION('ref_axis',(-1.,0.,0.));
#3761=DIRECTION('center_axis',(0.,1.,0.));
#3762=DIRECTION('ref_axis',(-1.,0.,0.));
#3763=DIRECTION('',(0.,-1.,0.));
#3764=DIRECTION('center_axis',(0.,-1.,0.));
#3765=DIRECTION('ref_axis',(-1.,0.,0.));
#3766=DIRECTION('center_axis',(0.,1.,0.));
#3767=DIRECTION('ref_axis',(-1.,0.,0.));
#3768=DIRECTION('center_axis',(0.,1.,0.));
#3769=DIRECTION('ref_axis',(-1.,0.,0.));
#3770=DIRECTION('center_axis',(0.,1.,0.));
#3771=DIRECTION('ref_axis',(-1.,0.,0.));
#3772=DIRECTION('',(0.,-1.,0.));
#3773=DIRECTION('center_axis',(0.,-1.,0.));
#3774=DIRECTION('ref_axis',(-1.,0.,0.));
#3775=DIRECTION('center_axis',(0.,1.,0.));
#3776=DIRECTION('ref_axis',(-1.,0.,0.));
#3777=DIRECTION('center_axis',(-1.,0.,0.));
#3778=DIRECTION('ref_axis',(0.,0.,1.));
#3779=DIRECTION('',(0.,0.,-1.));
#3780=DIRECTION('',(0.,1.,0.));
#3781=DIRECTION('',(0.,0.,1.));
#3782=DIRECTION('',(0.,1.,0.));
#3783=DIRECTION('center_axis',(0.,0.,-1.));
#3784=DIRECTION('ref_axis',(-1.,0.,0.));
#3785=DIRECTION('',(1.,0.,0.));
#3786=DIRECTION('',(-1.,0.,0.));
#3787=DIRECTION('',(0.,1.,0.));
#3788=DIRECTION('center_axis',(1.,0.,0.));
#3789=DIRECTION('ref_axis',(0.,0.,-1.));
#3790=DIRECTION('',(0.,0.,1.));
#3791=DIRECTION('',(0.,0.,-1.));
#3792=DIRECTION('',(0.,1.,0.));
#3793=DIRECTION('center_axis',(0.,0.,1.));
#3794=DIRECTION('ref_axis',(1.,0.,0.));
#3795=DIRECTION('',(-1.,0.,0.));
#3796=DIRECTION('',(1.,0.,0.));
#3797=DIRECTION('center_axis',(0.,1.,0.));
#3798=DIRECTION('ref_axis',(0.,0.,1.));
#3799=DIRECTION('center_axis',(0.,1.,0.));
#3800=DIRECTION('ref_axis',(1.,0.,0.));
#3801=DIRECTION('center_axis',(0.,0.,-1.));
#3802=DIRECTION('ref_axis',(0.,1.,0.));
#3803=DIRECTION('',(0.,-1.,0.));
#3804=DIRECTION('',(1.,0.,0.));
#3805=DIRECTION('',(0.,1.,0.));
#3806=DIRECTION('',(1.,0.,0.));
#3807=DIRECTION('center_axis',(0.,-1.,0.));
#3808=DIRECTION('ref_axis',(0.,0.,-1.));
#3809=DIRECTION('',(0.,0.,1.));
#3810=DIRECTION('',(0.,0.,-1.));
#3811=DIRECTION('',(1.,0.,0.));
#3812=DIRECTION('center_axis',(0.,0.,1.));
#3813=DIRECTION('ref_axis',(0.,-1.,0.));
#3814=DIRECTION('',(0.,1.,0.));
#3815=DIRECTION('',(0.,-1.,0.));
#3816=DIRECTION('',(1.,0.,0.));
#3817=DIRECTION('center_axis',(0.,1.,0.));
#3818=DIRECTION('ref_axis',(0.,0.,1.));
#3819=DIRECTION('',(0.,0.,-1.));
#3820=DIRECTION('',(0.,0.,1.));
#3821=DIRECTION('center_axis',(0.,0.,1.));
#3822=DIRECTION('ref_axis',(1.,0.,0.));
#3823=DIRECTION('',(1.,0.,0.));
#3824=DIRECTION('',(0.,1.,0.));
#3825=DIRECTION('',(1.,0.,0.));
#3826=DIRECTION('',(0.,1.,0.));
#3827=DIRECTION('center_axis',(-1.,0.,0.));
#3828=DIRECTION('ref_axis',(0.,0.,1.));
#3829=DIRECTION('',(0.,0.,1.));
#3830=DIRECTION('',(0.,0.,1.));
#3831=DIRECTION('',(0.,1.,0.));
#3832=DIRECTION('center_axis',(0.,0.,-1.));
#3833=DIRECTION('ref_axis',(-1.,0.,0.));
#3834=DIRECTION('',(-1.,0.,0.));
#3835=DIRECTION('',(-1.,0.,0.));
#3836=DIRECTION('',(0.,1.,0.));
#3837=DIRECTION('center_axis',(1.,0.,0.));
#3838=DIRECTION('ref_axis',(0.,0.,-1.));
#3839=DIRECTION('',(0.,0.,1.));
#3840=DIRECTION('',(0.,0.,-1.));
#3841=DIRECTION('center_axis',(0.,1.,0.));
#3842=DIRECTION('ref_axis',(0.,0.,1.));
#3843=DIRECTION('center_axis',(0.,1.,0.));
#3844=DIRECTION('ref_axis',(-1.,0.,0.));
#3845=DIRECTION('center_axis',(0.,0.,1.));
#3846=DIRECTION('ref_axis',(0.,1.,0.));
#3847=DIRECTION('',(0.,-1.,0.));
#3848=DIRECTION('',(-1.,0.,0.));
#3849=DIRECTION('',(0.,1.,0.));
#3850=DIRECTION('',(-1.,0.,0.));
#3851=DIRECTION('center_axis',(0.,-1.,0.));
#3852=DIRECTION('ref_axis',(0.,0.,1.));
#3853=DIRECTION('',(0.,0.,-1.));
#3854=DIRECTION('',(1.66177198223588E-15,0.,1.));
#3855=DIRECTION('',(-1.,0.,0.));
#3856=DIRECTION('center_axis',(0.,0.,-1.));
#3857=DIRECTION('ref_axis',(0.,-1.,0.));
#3858=DIRECTION('',(0.,1.,0.));
#3859=DIRECTION('',(0.,-1.,0.));
#3860=DIRECTION('',(-1.,0.,0.));
#3861=DIRECTION('center_axis',(0.,1.,0.));
#3862=DIRECTION('ref_axis',(0.,0.,-1.));
#3863=DIRECTION('',(0.,0.,1.));
#3864=DIRECTION('',(-1.66177198223588E-15,0.,-1.));
#3865=DIRECTION('center_axis',(0.,0.,1.));
#3866=DIRECTION('ref_axis',(1.,0.,0.));
#3867=DIRECTION('',(1.,0.,0.));
#3868=DIRECTION('',(0.,1.,0.));
#3869=DIRECTION('',(1.,0.,0.));
#3870=DIRECTION('',(0.,1.,0.));
#3871=DIRECTION('center_axis',(-1.,0.,0.));
#3872=DIRECTION('ref_axis',(0.,0.,1.));
#3873=DIRECTION('',(0.,0.,1.));
#3874=DIRECTION('',(0.,0.,1.));
#3875=DIRECTION('',(0.,1.,0.));
#3876=DIRECTION('center_axis',(0.,0.,-1.));
#3877=DIRECTION('ref_axis',(-1.,0.,0.));
#3878=DIRECTION('',(-1.,0.,0.));
#3879=DIRECTION('',(-1.,0.,0.));
#3880=DIRECTION('',(0.,1.,0.));
#3881=DIRECTION('center_axis',(1.,0.,-1.66177198223588E-15));
#3882=DIRECTION('ref_axis',(-1.66177198223588E-15,0.,-1.));
#3883=DIRECTION('',(-1.66177198223588E-15,0.,-1.));
#3884=DIRECTION('',(-1.66177198223588E-15,0.,-1.));
#3885=DIRECTION('center_axis',(0.,1.,0.));
#3886=DIRECTION('ref_axis',(0.,0.,1.));
#3887=DIRECTION('center_axis',(0.,1.,0.));
#3888=DIRECTION('ref_axis',(-1.,0.,0.));
#3889=DIRECTION('center_axis',(-2.27738056333365E-16,0.,-1.));
#3890=DIRECTION('ref_axis',(-1.,0.,2.27738056333365E-16));
#3891=DIRECTION('',(-1.,0.,2.27738056333365E-16));
#3892=DIRECTION('',(0.,1.,0.));
#3893=DIRECTION('',(-1.,0.,2.27738056333365E-16));
#3894=DIRECTION('',(0.,1.,0.));
#3895=DIRECTION('center_axis',(1.,0.,0.));
#3896=DIRECTION('ref_axis',(0.,0.,-1.));
#3897=DIRECTION('',(0.,0.,-1.));
#3898=DIRECTION('',(0.,0.,-1.));
#3899=DIRECTION('',(0.,1.,0.));
#3900=DIRECTION('center_axis',(1.13869028166683E-16,0.,1.));
#3901=DIRECTION('ref_axis',(1.,0.,-1.13869028166683E-16));
#3902=DIRECTION('',(1.,0.,-1.13869028166683E-16));
#3903=DIRECTION('',(1.,0.,-1.13869028166683E-16));
#3904=DIRECTION('',(0.,1.,0.));
#3905=DIRECTION('center_axis',(-1.,0.,0.));
#3906=DIRECTION('ref_axis',(0.,0.,1.));
#3907=DIRECTION('',(0.,0.,1.));
#3908=DIRECTION('',(0.,0.,1.));
#3909=DIRECTION('center_axis',(0.,1.,0.));
#3910=DIRECTION('ref_axis',(0.,0.,1.));
#3911=DIRECTION('center_axis',(0.,1.,0.));
#3912=DIRECTION('ref_axis',(-1.,0.,0.));
#3913=DIRECTION('center_axis',(-1.,0.,0.));
#3914=DIRECTION('ref_axis',(0.,0.,1.));
#3915=DIRECTION('',(0.,0.,-1.));
#3916=DIRECTION('',(0.,1.,0.));
#3917=DIRECTION('',(0.,0.,1.));
#3918=DIRECTION('',(0.,1.,0.));
#3919=DIRECTION('center_axis',(-1.13869028166683E-16,0.,-1.));
#3920=DIRECTION('ref_axis',(-1.,0.,1.13869028166683E-16));
#3921=DIRECTION('',(1.,0.,-1.13869028166683E-16));
#3922=DIRECTION('',(-1.,0.,1.13869028166683E-16));
#3923=DIRECTION('',(0.,1.,0.));
#3924=DIRECTION('center_axis',(1.,0.,0.));
#3925=DIRECTION('ref_axis',(0.,0.,-1.));
#3926=DIRECTION('',(0.,0.,1.));
#3927=DIRECTION('',(0.,0.,-1.));
#3928=DIRECTION('',(0.,1.,0.));
#3929=DIRECTION('center_axis',(2.27738056333365E-16,0.,1.));
#3930=DIRECTION('ref_axis',(1.,0.,-2.27738056333365E-16));
#3931=DIRECTION('',(-1.,0.,2.27738056333365E-16));
#3932=DIRECTION('',(1.,0.,-2.27738056333365E-16));
#3933=DIRECTION('center_axis',(0.,1.,0.));
#3934=DIRECTION('ref_axis',(0.,0.,1.));
#3935=DIRECTION('center_axis',(0.,1.,0.));
#3936=DIRECTION('ref_axis',(-1.,0.,0.));
#3937=DIRECTION('center_axis',(0.,-1.,0.));
#3938=DIRECTION('ref_axis',(-1.,0.,0.));
#3939=DIRECTION('center_axis',(0.,-1.,0.));
#3940=DIRECTION('ref_axis',(-1.,0.,0.));
#3941=DIRECTION('',(0.,-1.,0.));
#3942=DIRECTION('center_axis',(0.,1.,0.));
#3943=DIRECTION('ref_axis',(-1.,0.,0.));
#3944=DIRECTION('center_axis',(-1.,0.,0.));
#3945=DIRECTION('ref_axis',(0.,0.,1.));
#3946=DIRECTION('',(0.,0.,-1.));
#3947=DIRECTION('',(0.,1.,0.));
#3948=DIRECTION('',(0.,0.,1.));
#3949=DIRECTION('',(0.,1.,0.));
#3950=DIRECTION('center_axis',(-1.05735526154777E-16,0.,-1.));
#3951=DIRECTION('ref_axis',(-1.,0.,1.05735526154777E-16));
#3952=DIRECTION('',(1.,0.,-1.05735526154777E-16));
#3953=DIRECTION('',(-1.,0.,1.05735526154777E-16));
#3954=DIRECTION('',(0.,1.,0.));
#3955=DIRECTION('center_axis',(1.,0.,0.));
#3956=DIRECTION('ref_axis',(0.,0.,-1.));
#3957=DIRECTION('',(0.,0.,1.));
#3958=DIRECTION('',(0.,0.,-1.));
#3959=DIRECTION('',(0.,1.,0.));
#3960=DIRECTION('center_axis',(0.,0.,1.));
#3961=DIRECTION('ref_axis',(1.,0.,0.));
#3962=DIRECTION('',(-1.,0.,0.));
#3963=DIRECTION('',(1.,0.,0.));
#3964=DIRECTION('center_axis',(0.,1.,0.));
#3965=DIRECTION('ref_axis',(0.,0.,1.));
#3966=DIRECTION('center_axis',(0.,1.,0.));
#3967=DIRECTION('ref_axis',(-1.,0.,0.));
#3968=DIRECTION('axis',(0.,0.,1.));
#3969=DIRECTION('refdir',(1.,0.,0.));
#3970=DIRECTION('axis',(0.,0.,1.));
#3971=DIRECTION('refdir',(1.,0.,0.));
#3972=DIRECTION('center_axis',(0.,1.,0.));
#3973=DIRECTION('ref_axis',(-1.,0.,0.));
#3974=DIRECTION('center_axis',(0.,1.,0.));
#3975=DIRECTION('ref_axis',(-1.,0.,0.));
#3976=DIRECTION('',(0.,-1.,0.));
#3977=DIRECTION('center_axis',(0.,-1.,0.));
#3978=DIRECTION('ref_axis',(-1.,0.,0.));
#3979=DIRECTION('center_axis',(0.,1.,0.));
#3980=DIRECTION('ref_axis',(-1.,0.,0.));
#3981=DIRECTION('center_axis',(0.,1.,0.));
#3982=DIRECTION('ref_axis',(-1.,0.,0.));
#3983=DIRECTION('center_axis',(0.,1.,0.));
#3984=DIRECTION('ref_axis',(-1.,0.,0.));
#3985=DIRECTION('',(0.,-1.,0.));
#3986=DIRECTION('center_axis',(0.,-1.,0.));
#3987=DIRECTION('ref_axis',(-1.,0.,0.));
#3988=DIRECTION('center_axis',(0.,1.,0.));
#3989=DIRECTION('ref_axis',(-1.,0.,0.));
#3990=DIRECTION('center_axis',(0.,1.,0.));
#3991=DIRECTION('ref_axis',(-1.,0.,0.));
#3992=DIRECTION('center_axis',(0.,1.,0.));
#3993=DIRECTION('ref_axis',(-1.,0.,0.));
#3994=DIRECTION('',(0.,-1.,0.));
#3995=DIRECTION('center_axis',(0.,-1.,0.));
#3996=DIRECTION('ref_axis',(-1.,0.,0.));
#3997=DIRECTION('center_axis',(0.,1.,0.));
#3998=DIRECTION('ref_axis',(-1.,0.,0.));
#3999=DIRECTION('center_axis',(0.,1.,0.));
#4000=DIRECTION('ref_axis',(-1.,0.,0.));
#4001=DIRECTION('center_axis',(0.,1.,0.));
#4002=DIRECTION('ref_axis',(-1.,0.,0.));
#4003=DIRECTION('',(0.,-1.,0.));
#4004=DIRECTION('center_axis',(0.,-1.,0.));
#4005=DIRECTION('ref_axis',(-1.,0.,0.));
#4006=DIRECTION('center_axis',(0.,1.,0.));
#4007=DIRECTION('ref_axis',(-1.,0.,0.));
#4008=DIRECTION('center_axis',(0.,1.,0.));
#4009=DIRECTION('ref_axis',(1.,0.,0.));
#4010=DIRECTION('center_axis',(0.,1.,0.));
#4011=DIRECTION('ref_axis',(1.,0.,0.));
#4012=DIRECTION('',(0.,-1.,0.));
#4013=DIRECTION('center_axis',(0.,-1.,0.));
#4014=DIRECTION('ref_axis',(1.,0.,0.));
#4015=DIRECTION('center_axis',(0.,1.,0.));
#4016=DIRECTION('ref_axis',(1.,0.,0.));
#4017=DIRECTION('center_axis',(0.,1.,0.));
#4018=DIRECTION('ref_axis',(1.,0.,0.));
#4019=DIRECTION('center_axis',(0.,1.,0.));
#4020=DIRECTION('ref_axis',(1.,0.,0.));
#4021=DIRECTION('',(0.,-1.,0.));
#4022=DIRECTION('center_axis',(0.,-1.,0.));
#4023=DIRECTION('ref_axis',(1.,0.,0.));
#4024=DIRECTION('center_axis',(0.,1.,0.));
#4025=DIRECTION('ref_axis',(1.,0.,0.));
#4026=DIRECTION('center_axis',(0.,1.,0.));
#4027=DIRECTION('ref_axis',(1.,0.,0.));
#4028=DIRECTION('center_axis',(0.,1.,0.));
#4029=DIRECTION('ref_axis',(1.,0.,0.));
#4030=DIRECTION('',(0.,-1.,0.));
#4031=DIRECTION('center_axis',(0.,-1.,0.));
#4032=DIRECTION('ref_axis',(1.,0.,0.));
#4033=DIRECTION('center_axis',(0.,1.,0.));
#4034=DIRECTION('ref_axis',(1.,0.,0.));
#4035=DIRECTION('center_axis',(0.,1.,0.));
#4036=DIRECTION('ref_axis',(1.,0.,0.));
#4037=DIRECTION('center_axis',(0.,1.,0.));
#4038=DIRECTION('ref_axis',(1.,0.,0.));
#4039=DIRECTION('',(0.,-1.,0.));
#4040=DIRECTION('center_axis',(0.,-1.,0.));
#4041=DIRECTION('ref_axis',(1.,0.,0.));
#4042=DIRECTION('center_axis',(0.,1.,0.));
#4043=DIRECTION('ref_axis',(1.,0.,0.));
#4044=DIRECTION('center_axis',(-1.,0.,0.));
#4045=DIRECTION('ref_axis',(0.,0.,1.));
#4046=DIRECTION('',(0.,0.,-1.));
#4047=DIRECTION('',(0.,1.,0.));
#4048=DIRECTION('',(0.,0.,1.));
#4049=DIRECTION('',(0.,1.,0.));
#4050=DIRECTION('center_axis',(0.,0.,1.));
#4051=DIRECTION('ref_axis',(1.,0.,0.));
#4052=DIRECTION('',(-1.,0.,0.));
#4053=DIRECTION('',(1.,0.,0.));
#4054=DIRECTION('',(0.,1.,0.));
#4055=DIRECTION('center_axis',(-1.,0.,0.));
#4056=DIRECTION('ref_axis',(0.,0.,1.));
#4057=DIRECTION('',(0.,0.,-1.));
#4058=DIRECTION('',(0.,0.,1.));
#4059=DIRECTION('',(0.,1.,0.));
#4060=DIRECTION('center_axis',(0.,0.,-1.));
#4061=DIRECTION('ref_axis',(-1.,0.,0.));
#4062=DIRECTION('',(1.,0.,0.));
#4063=DIRECTION('',(-1.,0.,0.));
#4064=DIRECTION('',(0.,1.,0.));
#4065=DIRECTION('center_axis',(1.,0.,0.));
#4066=DIRECTION('ref_axis',(0.,0.,-1.));
#4067=DIRECTION('',(0.,0.,1.));
#4068=DIRECTION('',(0.,0.,-1.));
#4069=DIRECTION('',(0.,0.,-1.));
#4070=DIRECTION('',(0.,1.,0.));
#4071=DIRECTION('center_axis',(0.,0.,1.));
#4072=DIRECTION('ref_axis',(1.,0.,0.));
#4073=DIRECTION('',(-1.,0.,0.));
#4074=DIRECTION('',(1.,0.,0.));
#4075=DIRECTION('',(0.,1.,0.));
#4076=DIRECTION('center_axis',(-1.,0.,0.));
#4077=DIRECTION('ref_axis',(0.,0.,1.));
#4078=DIRECTION('',(0.,0.,-1.));
#4079=DIRECTION('',(0.,0.,1.));
#4080=DIRECTION('',(0.,1.,0.));
#4081=DIRECTION('center_axis',(0.,0.,-1.));
#4082=DIRECTION('ref_axis',(-1.,0.,0.));
#4083=DIRECTION('',(1.,0.,0.));
#4084=DIRECTION('',(-1.,0.,0.));
#4085=DIRECTION('center_axis',(0.,1.,0.));
#4086=DIRECTION('ref_axis',(0.,0.,1.));
#4087=DIRECTION('center_axis',(-1.,0.,0.));
#4088=DIRECTION('ref_axis',(0.,0.,1.));
#4089=DIRECTION('',(0.,0.,-1.));
#4090=DIRECTION('',(0.,1.,0.));
#4091=DIRECTION('',(0.,0.,1.));
#4092=DIRECTION('',(0.,1.,0.));
#4093=DIRECTION('center_axis',(0.,0.,-1.));
#4094=DIRECTION('ref_axis',(-1.,0.,0.));
#4095=DIRECTION('',(1.,0.,0.));
#4096=DIRECTION('',(-1.,0.,0.));
#4097=DIRECTION('',(0.,1.,0.));
#4098=DIRECTION('center_axis',(1.,0.,0.));
#4099=DIRECTION('ref_axis',(0.,0.,-1.));
#4100=DIRECTION('',(0.,0.,1.));
#4101=DIRECTION('',(0.,0.,-1.));
#4102=DIRECTION('',(0.,1.,0.));
#4103=DIRECTION('center_axis',(0.,0.,1.));
#4104=DIRECTION('ref_axis',(1.,0.,0.));
#4105=DIRECTION('',(-1.,0.,0.));
#4106=DIRECTION('',(1.,0.,0.));
#4107=DIRECTION('center_axis',(0.,1.,0.));
#4108=DIRECTION('ref_axis',(0.,0.,1.));
#4109=DIRECTION('center_axis',(0.,1.,0.));
#4110=DIRECTION('ref_axis',(1.,0.,0.));
#4111=DIRECTION('center_axis',(0.,0.,1.));
#4112=DIRECTION('ref_axis',(1.,0.,0.));
#4113=DIRECTION('',(-1.,0.,0.));
#4114=DIRECTION('',(0.,1.,0.));
#4115=DIRECTION('',(1.,0.,0.));
#4116=DIRECTION('',(0.,1.,0.));
#4117=DIRECTION('center_axis',(-1.,0.,0.));
#4118=DIRECTION('ref_axis',(0.,0.,1.));
#4119=DIRECTION('',(0.,0.,-1.));
#4120=DIRECTION('',(0.,0.,1.));
#4121=DIRECTION('',(0.,1.,0.));
#4122=DIRECTION('center_axis',(0.,0.,-1.));
#4123=DIRECTION('ref_axis',(-1.,0.,0.));
#4124=DIRECTION('',(1.,0.,0.));
#4125=DIRECTION('',(-1.,0.,0.));
#4126=DIRECTION('',(0.,1.,0.));
#4127=DIRECTION('center_axis',(1.,0.,0.));
#4128=DIRECTION('ref_axis',(0.,0.,-1.));
#4129=DIRECTION('',(0.,0.,-1.));
#4130=DIRECTION('',(0.,0.,-1.));
#4131=DIRECTION('center_axis',(0.,1.,0.));
#4132=DIRECTION('ref_axis',(0.,0.,1.));
#4133=DIRECTION('center_axis',(0.,1.,0.));
#4134=DIRECTION('ref_axis',(-1.,0.,0.));
#4135=DIRECTION('center_axis',(0.,0.,1.));
#4136=DIRECTION('ref_axis',(0.,1.,0.));
#4137=DIRECTION('',(0.,-1.,0.));
#4138=DIRECTION('',(-1.,0.,0.));
#4139=DIRECTION('',(0.,1.,0.));
#4140=DIRECTION('',(-1.,0.,0.));
#4141=DIRECTION('center_axis',(0.,-1.,0.));
#4142=DIRECTION('ref_axis',(0.,0.,1.));
#4143=DIRECTION('',(0.,0.,-1.));
#4144=DIRECTION('',(0.,0.,1.));
#4145=DIRECTION('',(-1.,0.,0.));
#4146=DIRECTION('center_axis',(0.,0.,-1.));
#4147=DIRECTION('ref_axis',(0.,-1.,0.));
#4148=DIRECTION('',(0.,1.,0.));
#4149=DIRECTION('',(0.,-1.,0.));
#4150=DIRECTION('',(-1.,0.,0.));
#4151=DIRECTION('center_axis',(0.,1.,0.));
#4152=DIRECTION('ref_axis',(0.,0.,-1.));
#4153=DIRECTION('',(0.,0.,1.));
#4154=DIRECTION('',(0.,0.,-1.));
#4155=DIRECTION('center_axis',(0.,0.,-1.));
#4156=DIRECTION('ref_axis',(-1.,0.,0.));
#4157=DIRECTION('',(1.,0.,0.));
#4158=DIRECTION('',(0.,1.,0.));
#4159=DIRECTION('',(-1.,0.,0.));
#4160=DIRECTION('',(0.,1.,0.));
#4161=DIRECTION('center_axis',(1.,0.,0.));
#4162=DIRECTION('ref_axis',(0.,0.,-1.));
#4163=DIRECTION('',(0.,0.,1.));
#4164=DIRECTION('',(0.,0.,-1.));
#4165=DIRECTION('',(0.,1.,0.));
#4166=DIRECTION('center_axis',(0.,0.,1.));
#4167=DIRECTION('ref_axis',(1.,0.,0.));
#4168=DIRECTION('',(-1.,0.,0.));
#4169=DIRECTION('',(1.,0.,0.));
#4170=DIRECTION('',(0.,1.,0.));
#4171=DIRECTION('center_axis',(-1.,0.,0.));
#4172=DIRECTION('ref_axis',(0.,0.,1.));
#4173=DIRECTION('',(0.,0.,-1.));
#4174=DIRECTION('',(0.,0.,1.));
#4175=DIRECTION('center_axis',(0.,1.,0.));
#4176=DIRECTION('ref_axis',(0.,0.,1.));
#4177=DIRECTION('center_axis',(0.,1.,0.));
#4178=DIRECTION('ref_axis',(-1.,0.,0.));
#4179=DIRECTION('center_axis',(1.,0.,0.));
#4180=DIRECTION('ref_axis',(0.,0.,-1.));
#4181=DIRECTION('',(0.,0.,1.));
#4182=DIRECTION('',(0.,1.,0.));
#4183=DIRECTION('',(0.,0.,-1.));
#4184=DIRECTION('',(0.,1.,0.));
#4185=DIRECTION('center_axis',(0.,0.,1.));
#4186=DIRECTION('ref_axis',(1.,0.,0.));
#4187=DIRECTION('',(-1.,0.,0.));
#4188=DIRECTION('',(1.,0.,0.));
#4189=DIRECTION('',(0.,1.,0.));
#4190=DIRECTION('center_axis',(-1.,0.,0.));
#4191=DIRECTION('ref_axis',(0.,0.,1.));
#4192=DIRECTION('',(0.,0.,-1.));
#4193=DIRECTION('',(0.,0.,1.));
#4194=DIRECTION('',(0.,1.,0.));
#4195=DIRECTION('center_axis',(0.,0.,-1.));
#4196=DIRECTION('ref_axis',(-1.,0.,0.));
#4197=DIRECTION('',(1.,0.,0.));
#4198=DIRECTION('',(-1.,0.,0.));
#4199=DIRECTION('center_axis',(0.,1.,0.));
#4200=DIRECTION('ref_axis',(0.,0.,1.));
#4201=DIRECTION('center_axis',(0.,1.,0.));
#4202=DIRECTION('ref_axis',(-1.,0.,0.));
#4203=DIRECTION('center_axis',(0.,0.,1.));
#4204=DIRECTION('ref_axis',(1.,0.,0.));
#4205=DIRECTION('',(1.,0.,0.));
#4206=DIRECTION('',(0.,1.,0.));
#4207=DIRECTION('',(1.,0.,0.));
#4208=DIRECTION('',(0.,1.,0.));
#4209=DIRECTION('center_axis',(-1.,0.,0.));
#4210=DIRECTION('ref_axis',(0.,0.,1.));
#4211=DIRECTION('',(0.,0.,1.));
#4212=DIRECTION('',(0.,0.,1.));
#4213=DIRECTION('',(0.,1.,0.));
#4214=DIRECTION('center_axis',(0.,0.,-1.));
#4215=DIRECTION('ref_axis',(-1.,0.,0.));
#4216=DIRECTION('',(-1.,0.,0.));
#4217=DIRECTION('',(-1.,0.,0.));
#4218=DIRECTION('',(0.,1.,0.));
#4219=DIRECTION('center_axis',(1.,0.,0.));
#4220=DIRECTION('ref_axis',(0.,0.,-1.));
#4221=DIRECTION('',(0.,0.,-1.));
#4222=DIRECTION('',(0.,0.,-1.));
#4223=DIRECTION('center_axis',(0.,1.,0.));
#4224=DIRECTION('ref_axis',(0.,0.,1.));
#4225=DIRECTION('center_axis',(0.,1.,0.));
#4226=DIRECTION('ref_axis',(-1.,0.,0.));
#4227=DIRECTION('center_axis',(0.,-1.,0.));
#4228=DIRECTION('ref_axis',(-1.,0.,0.));
#4229=DIRECTION('center_axis',(0.,-1.,0.));
#4230=DIRECTION('ref_axis',(-1.,0.,0.));
#4231=DIRECTION('',(0.,-1.,0.));
#4232=DIRECTION('center_axis',(0.,1.,0.));
#4233=DIRECTION('ref_axis',(-1.,0.,0.));
#4234=DIRECTION('center_axis',(0.,-1.,0.));
#4235=DIRECTION('ref_axis',(1.,0.,0.));
#4236=DIRECTION('center_axis',(0.,1.,0.));
#4237=DIRECTION('ref_axis',(1.,0.,0.));
#4238=DIRECTION('',(0.,1.,0.));
#4239=DIRECTION('center_axis',(0.,-1.,0.));
#4240=DIRECTION('ref_axis',(1.,0.,0.));
#4241=DIRECTION('center_axis',(0.,-1.,0.));
#4242=DIRECTION('ref_axis',(1.,0.,0.));
#4243=DIRECTION('center_axis',(0.,-1.,0.));
#4244=DIRECTION('ref_axis',(1.,0.,0.));
#4245=DIRECTION('center_axis',(0.,-1.,0.));
#4246=DIRECTION('ref_axis',(1.,0.,0.));
#4247=DIRECTION('center_axis',(0.,1.,0.));
#4248=DIRECTION('ref_axis',(1.,0.,0.));
#4249=DIRECTION('',(0.,1.,0.));
#4250=DIRECTION('center_axis',(0.,-1.,0.));
#4251=DIRECTION('ref_axis',(1.,0.,0.));
#4252=DIRECTION('center_axis',(0.,-1.,0.));
#4253=DIRECTION('ref_axis',(1.,0.,0.));
#4254=DIRECTION('center_axis',(0.,-1.,0.));
#4255=DIRECTION('ref_axis',(1.,0.,0.));
#4256=DIRECTION('center_axis',(0.,-1.,0.));
#4257=DIRECTION('ref_axis',(1.,0.,0.));
#4258=DIRECTION('center_axis',(0.,1.,0.));
#4259=DIRECTION('ref_axis',(1.,0.,0.));
#4260=DIRECTION('',(0.,1.,0.));
#4261=DIRECTION('center_axis',(0.,-1.,0.));
#4262=DIRECTION('ref_axis',(1.,0.,0.));
#4263=DIRECTION('center_axis',(0.,-1.,0.));
#4264=DIRECTION('ref_axis',(1.,0.,0.));
#4265=DIRECTION('center_axis',(0.,-1.,0.));
#4266=DIRECTION('ref_axis',(1.,0.,0.));
#4267=DIRECTION('center_axis',(0.,-1.,0.));
#4268=DIRECTION('ref_axis',(1.,0.,0.));
#4269=DIRECTION('center_axis',(0.,1.,0.));
#4270=DIRECTION('ref_axis',(1.,0.,0.));
#4271=DIRECTION('',(0.,1.,0.));
#4272=DIRECTION('center_axis',(0.,-1.,0.));
#4273=DIRECTION('ref_axis',(1.,0.,0.));
#4274=DIRECTION('center_axis',(0.,-1.,0.));
#4275=DIRECTION('ref_axis',(1.,0.,0.));
#4276=DIRECTION('center_axis',(0.,-1.,0.));
#4277=DIRECTION('ref_axis',(1.,0.,0.));
#4278=DIRECTION('center_axis',(0.,-1.,0.));
#4279=DIRECTION('ref_axis',(1.,0.,0.));
#4280=DIRECTION('',(0.,1.,0.));
#4281=DIRECTION('center_axis',(0.,1.,0.));
#4282=DIRECTION('ref_axis',(1.,0.,0.));
#4283=DIRECTION('center_axis',(0.,-1.,0.));
#4284=DIRECTION('ref_axis',(1.,0.,0.));
#4285=DIRECTION('center_axis',(0.,-1.,0.));
#4286=DIRECTION('ref_axis',(1.,0.,0.));
#4287=DIRECTION('',(0.,1.,0.));
#4288=DIRECTION('center_axis',(0.,1.,0.));
#4289=DIRECTION('ref_axis',(1.,0.,0.));
#4290=DIRECTION('center_axis',(0.,-1.,0.));
#4291=DIRECTION('ref_axis',(1.,0.,0.));
#4292=DIRECTION('center_axis',(0.,-1.,0.));
#4293=DIRECTION('ref_axis',(1.,0.,0.));
#4294=DIRECTION('',(0.,1.,0.));
#4295=DIRECTION('center_axis',(0.,1.,0.));
#4296=DIRECTION('ref_axis',(1.,0.,0.));
#4297=DIRECTION('center_axis',(0.,-1.,0.));
#4298=DIRECTION('ref_axis',(1.,0.,0.));
#4299=DIRECTION('center_axis',(0.,-1.,0.));
#4300=DIRECTION('ref_axis',(1.,0.,0.));
#4301=DIRECTION('',(0.,1.,0.));
#4302=DIRECTION('center_axis',(0.,1.,0.));
#4303=DIRECTION('ref_axis',(1.,0.,0.));
#4304=DIRECTION('center_axis',(0.,-1.,0.));
#4305=DIRECTION('ref_axis',(1.,0.,0.));
#4306=DIRECTION('center_axis',(0.,0.,1.));
#4307=DIRECTION('ref_axis',(1.,0.,0.));
#4308=DIRECTION('',(1.,0.,0.));
#4309=DIRECTION('',(0.,1.,0.));
#4310=DIRECTION('',(1.,0.,0.));
#4311=DIRECTION('',(0.,1.,0.));
#4312=DIRECTION('center_axis',(-1.,0.,0.));
#4313=DIRECTION('ref_axis',(0.,0.,1.));
#4314=DIRECTION('',(0.,0.,1.));
#4315=DIRECTION('',(0.,0.,1.));
#4316=DIRECTION('',(0.,1.,0.));
#4317=DIRECTION('center_axis',(0.,0.,-1.));
#4318=DIRECTION('ref_axis',(-1.,0.,0.));
#4319=DIRECTION('',(-1.,0.,0.));
#4320=DIRECTION('',(-1.,0.,0.));
#4321=DIRECTION('',(0.,1.,0.));
#4322=DIRECTION('center_axis',(1.,0.,0.));
#4323=DIRECTION('ref_axis',(0.,0.,-1.));
#4324=DIRECTION('',(0.,0.,-1.));
#4325=DIRECTION('',(0.,0.,-1.));
#4326=DIRECTION('center_axis',(0.,1.,0.));
#4327=DIRECTION('ref_axis',(0.,0.,1.));
#4328=DIRECTION('center_axis',(0.,1.,0.));
#4329=DIRECTION('ref_axis',(-1.,0.,0.));
#4330=DIRECTION('axis',(0.,0.,1.));
#4331=DIRECTION('refdir',(1.,0.,0.));
#4332=DIRECTION('center_axis',(6.12323399573677E-17,0.,-1.));
#4333=DIRECTION('ref_axis',(1.,0.,6.12323399573677E-17));
#4334=DIRECTION('',(6.12323399573677E-17,0.,-1.));
#4335=DIRECTION('center_axis',(6.12323399573677E-17,0.,-1.));
#4336=DIRECTION('ref_axis',(1.,0.,6.12323399573677E-17));
#4337=DIRECTION('',(6.12323399573677E-17,0.,-1.));
#4338=DIRECTION('center_axis',(6.12323399573677E-17,0.,-1.));
#4339=DIRECTION('ref_axis',(1.,0.,6.12323399573677E-17));
#4340=DIRECTION('',(6.12323399573677E-17,0.,-1.));
#4341=DIRECTION('center_axis',(6.12323399573677E-17,0.,-1.));
#4342=DIRECTION('ref_axis',(1.,0.,6.12323399573677E-17));
#4343=DIRECTION('',(6.12323399573677E-17,0.,-1.));
#4344=DIRECTION('center_axis',(0.,1.,0.));
#4345=DIRECTION('ref_axis',(-1.,0.,0.));
#4346=DIRECTION('center_axis',(0.,1.,0.));
#4347=DIRECTION('ref_axis',(-1.,0.,0.));
#4348=DIRECTION('',(0.,-1.,0.));
#4349=DIRECTION('center_axis',(0.,-1.,0.));
#4350=DIRECTION('ref_axis',(-1.,0.,0.));
#4351=DIRECTION('center_axis',(0.,1.,0.));
#4352=DIRECTION('ref_axis',(-1.,0.,0.));
#4353=DIRECTION('center_axis',(0.,1.,0.));
#4354=DIRECTION('ref_axis',(-1.,0.,0.));
#4355=DIRECTION('center_axis',(0.,1.,0.));
#4356=DIRECTION('ref_axis',(-1.,0.,0.));
#4357=DIRECTION('',(0.,-1.,0.));
#4358=DIRECTION('center_axis',(0.,-1.,0.));
#4359=DIRECTION('ref_axis',(-1.,0.,0.));
#4360=DIRECTION('center_axis',(0.,1.,0.));
#4361=DIRECTION('ref_axis',(-1.,0.,0.));
#4362=DIRECTION('center_axis',(0.,1.,0.));
#4363=DIRECTION('ref_axis',(-1.,0.,0.));
#4364=DIRECTION('center_axis',(0.,1.,0.));
#4365=DIRECTION('ref_axis',(-1.,0.,0.));
#4366=DIRECTION('',(0.,-1.,0.));
#4367=DIRECTION('center_axis',(0.,-1.,0.));
#4368=DIRECTION('ref_axis',(-1.,0.,0.));
#4369=DIRECTION('center_axis',(0.,1.,0.));
#4370=DIRECTION('ref_axis',(-1.,0.,0.));
#4371=DIRECTION('center_axis',(0.,1.,0.));
#4372=DIRECTION('ref_axis',(-1.,0.,0.));
#4373=DIRECTION('center_axis',(0.,1.,0.));
#4374=DIRECTION('ref_axis',(-1.,0.,0.));
#4375=DIRECTION('',(0.,-1.,0.));
#4376=DIRECTION('center_axis',(0.,-1.,0.));
#4377=DIRECTION('ref_axis',(-1.,0.,0.));
#4378=DIRECTION('center_axis',(0.,1.,0.));
#4379=DIRECTION('ref_axis',(-1.,0.,0.));
#4380=DIRECTION('center_axis',(0.,1.,0.));
#4381=DIRECTION('ref_axis',(-1.,0.,0.));
#4382=DIRECTION('center_axis',(0.,1.,0.));
#4383=DIRECTION('ref_axis',(-1.,0.,0.));
#4384=DIRECTION('',(0.,-1.,0.));
#4385=DIRECTION('center_axis',(0.,-1.,0.));
#4386=DIRECTION('ref_axis',(-1.,0.,0.));
#4387=DIRECTION('center_axis',(0.,1.,0.));
#4388=DIRECTION('ref_axis',(-1.,0.,0.));
#4389=DIRECTION('center_axis',(0.,1.,0.));
#4390=DIRECTION('ref_axis',(-1.,0.,0.));
#4391=DIRECTION('center_axis',(0.,1.,0.));
#4392=DIRECTION('ref_axis',(-1.,0.,0.));
#4393=DIRECTION('',(0.,-1.,0.));
#4394=DIRECTION('center_axis',(0.,-1.,0.));
#4395=DIRECTION('ref_axis',(-1.,0.,0.));
#4396=DIRECTION('center_axis',(0.,1.,0.));
#4397=DIRECTION('ref_axis',(-1.,0.,0.));
#4398=DIRECTION('center_axis',(0.,1.,0.));
#4399=DIRECTION('ref_axis',(-1.,0.,0.));
#4400=DIRECTION('center_axis',(0.,1.,0.));
#4401=DIRECTION('ref_axis',(-1.,0.,0.));
#4402=DIRECTION('',(0.,-1.,0.));
#4403=DIRECTION('center_axis',(0.,-1.,0.));
#4404=DIRECTION('ref_axis',(-1.,0.,0.));
#4405=DIRECTION('center_axis',(0.,1.,0.));
#4406=DIRECTION('ref_axis',(-1.,0.,0.));
#4407=DIRECTION('center_axis',(0.,1.,0.));
#4408=DIRECTION('ref_axis',(-1.,0.,0.));
#4409=DIRECTION('center_axis',(0.,1.,0.));
#4410=DIRECTION('ref_axis',(-1.,0.,0.));
#4411=DIRECTION('',(0.,-1.,0.));
#4412=DIRECTION('center_axis',(0.,-1.,0.));
#4413=DIRECTION('ref_axis',(-1.,0.,0.));
#4414=DIRECTION('center_axis',(0.,1.,0.));
#4415=DIRECTION('ref_axis',(-1.,0.,0.));
#4416=DIRECTION('center_axis',(-1.,0.,0.));
#4417=DIRECTION('ref_axis',(0.,0.,1.));
#4418=DIRECTION('',(0.,0.,-1.));
#4419=DIRECTION('',(0.,1.,0.));
#4420=DIRECTION('',(0.,0.,1.));
#4421=DIRECTION('',(0.,1.,0.));
#4422=DIRECTION('center_axis',(0.,0.,-1.));
#4423=DIRECTION('ref_axis',(-1.,0.,0.));
#4424=DIRECTION('',(1.,0.,0.));
#4425=DIRECTION('',(-1.,0.,0.));
#4426=DIRECTION('',(0.,1.,0.));
#4427=DIRECTION('center_axis',(1.,0.,0.));
#4428=DIRECTION('ref_axis',(0.,0.,-1.));
#4429=DIRECTION('',(0.,0.,1.));
#4430=DIRECTION('',(0.,0.,-1.));
#4431=DIRECTION('',(0.,1.,0.));
#4432=DIRECTION('center_axis',(0.,0.,1.));
#4433=DIRECTION('ref_axis',(1.,0.,0.));
#4434=DIRECTION('',(-1.,0.,0.));
#4435=DIRECTION('',(1.,0.,0.));
#4436=DIRECTION('center_axis',(0.,1.,0.));
#4437=DIRECTION('ref_axis',(0.,0.,1.));
#4438=DIRECTION('center_axis',(0.,1.,0.));
#4439=DIRECTION('ref_axis',(1.,0.,0.));
#4440=DIRECTION('center_axis',(0.,0.,-1.));
#4441=DIRECTION('ref_axis',(0.,1.,0.));
#4442=DIRECTION('',(0.,-1.,0.));
#4443=DIRECTION('',(1.,0.,0.));
#4444=DIRECTION('',(0.,1.,0.));
#4445=DIRECTION('',(1.,0.,0.));
#4446=DIRECTION('center_axis',(0.,-1.,0.));
#4447=DIRECTION('ref_axis',(0.,0.,-1.));
#4448=DIRECTION('',(0.,0.,1.));
#4449=DIRECTION('',(0.,0.,-1.));
#4450=DIRECTION('',(1.,0.,0.));
#4451=DIRECTION('center_axis',(0.,0.,1.));
#4452=DIRECTION('ref_axis',(0.,-1.,0.));
#4453=DIRECTION('',(0.,1.,0.));
#4454=DIRECTION('',(0.,-1.,0.));
#4455=DIRECTION('',(1.,0.,0.));
#4456=DIRECTION('center_axis',(0.,1.,0.));
#4457=DIRECTION('ref_axis',(0.,0.,1.));
#4458=DIRECTION('',(0.,0.,-1.));
#4459=DIRECTION('',(0.,0.,1.));
#4460=DIRECTION('center_axis',(0.,0.,1.));
#4461=DIRECTION('ref_axis',(1.,0.,0.));
#4462=DIRECTION('',(1.,0.,0.));
#4463=DIRECTION('',(0.,1.,0.));
#4464=DIRECTION('',(1.,0.,0.));
#4465=DIRECTION('',(0.,1.,0.));
#4466=DIRECTION('center_axis',(-1.,0.,0.));
#4467=DIRECTION('ref_axis',(0.,0.,1.));
#4468=DIRECTION('',(0.,0.,1.));
#4469=DIRECTION('',(0.,0.,1.));
#4470=DIRECTION('',(0.,1.,0.));
#4471=DIRECTION('center_axis',(0.,0.,-1.));
#4472=DIRECTION('ref_axis',(-1.,0.,0.));
#4473=DIRECTION('',(-1.,0.,0.));
#4474=DIRECTION('',(-1.,0.,0.));
#4475=DIRECTION('',(0.,1.,0.));
#4476=DIRECTION('center_axis',(1.,0.,0.));
#4477=DIRECTION('ref_axis',(0.,0.,-1.));
#4478=DIRECTION('',(0.,0.,1.));
#4479=DIRECTION('',(0.,0.,-1.));
#4480=DIRECTION('center_axis',(0.,1.,0.));
#4481=DIRECTION('ref_axis',(0.,0.,1.));
#4482=DIRECTION('center_axis',(0.,1.,0.));
#4483=DIRECTION('ref_axis',(-1.,0.,0.));
#4484=DIRECTION('center_axis',(0.,0.,1.));
#4485=DIRECTION('ref_axis',(1.,0.,0.));
#4486=DIRECTION('',(1.,0.,0.));
#4487=DIRECTION('',(0.,1.,0.));
#4488=DIRECTION('',(1.,0.,0.));
#4489=DIRECTION('',(0.,1.,0.));
#4490=DIRECTION('center_axis',(-1.,0.,0.));
#4491=DIRECTION('ref_axis',(0.,0.,1.));
#4492=DIRECTION('',(0.,0.,1.));
#4493=DIRECTION('',(0.,0.,1.));
#4494=DIRECTION('',(0.,1.,0.));
#4495=DIRECTION('center_axis',(0.,0.,-1.));
#4496=DIRECTION('ref_axis',(-1.,0.,0.));
#4497=DIRECTION('',(-1.,0.,0.));
#4498=DIRECTION('',(-1.,0.,0.));
#4499=DIRECTION('',(0.,1.,0.));
#4500=DIRECTION('center_axis',(1.,0.,-1.66177198223588E-15));
#4501=DIRECTION('ref_axis',(-1.66177198223588E-15,0.,-1.));
#4502=DIRECTION('',(-1.66177198223588E-15,0.,-1.));
#4503=DIRECTION('',(-1.66177198223588E-15,0.,-1.));
#4504=DIRECTION('center_axis',(0.,1.,0.));
#4505=DIRECTION('ref_axis',(0.,0.,1.));
#4506=DIRECTION('center_axis',(0.,1.,0.));
#4507=DIRECTION('ref_axis',(-1.,0.,0.));
#4508=DIRECTION('center_axis',(-2.27738056333365E-16,0.,-1.));
#4509=DIRECTION('ref_axis',(-1.,0.,2.27738056333365E-16));
#4510=DIRECTION('',(-1.,0.,2.27738056333365E-16));
#4511=DIRECTION('',(0.,1.,0.));
#4512=DIRECTION('',(-1.,0.,2.27738056333365E-16));
#4513=DIRECTION('',(0.,1.,0.));
#4514=DIRECTION('center_axis',(1.,0.,0.));
#4515=DIRECTION('ref_axis',(0.,0.,-1.));
#4516=DIRECTION('',(0.,0.,-1.));
#4517=DIRECTION('',(0.,0.,-1.));
#4518=DIRECTION('',(0.,1.,0.));
#4519=DIRECTION('center_axis',(1.13869028166683E-16,0.,1.));
#4520=DIRECTION('ref_axis',(1.,0.,-1.13869028166683E-16));
#4521=DIRECTION('',(1.,0.,-1.13869028166683E-16));
#4522=DIRECTION('',(1.,0.,-1.13869028166683E-16));
#4523=DIRECTION('',(0.,1.,0.));
#4524=DIRECTION('center_axis',(-1.,0.,0.));
#4525=DIRECTION('ref_axis',(0.,0.,1.));
#4526=DIRECTION('',(0.,0.,1.));
#4527=DIRECTION('',(0.,0.,1.));
#4528=DIRECTION('center_axis',(0.,1.,0.));
#4529=DIRECTION('ref_axis',(0.,0.,1.));
#4530=DIRECTION('center_axis',(0.,1.,0.));
#4531=DIRECTION('ref_axis',(-1.,0.,0.));
#4532=DIRECTION('center_axis',(-1.,0.,0.));
#4533=DIRECTION('ref_axis',(0.,0.,1.));
#4534=DIRECTION('',(0.,0.,-1.));
#4535=DIRECTION('',(0.,1.,0.));
#4536=DIRECTION('',(0.,0.,1.));
#4537=DIRECTION('',(0.,1.,0.));
#4538=DIRECTION('center_axis',(-1.13869028166683E-16,0.,-1.));
#4539=DIRECTION('ref_axis',(-1.,0.,1.13869028166683E-16));
#4540=DIRECTION('',(1.,0.,-1.13869028166683E-16));
#4541=DIRECTION('',(-1.,0.,1.13869028166683E-16));
#4542=DIRECTION('',(0.,1.,0.));
#4543=DIRECTION('center_axis',(1.,0.,0.));
#4544=DIRECTION('ref_axis',(0.,0.,-1.));
#4545=DIRECTION('',(0.,0.,1.));
#4546=DIRECTION('',(0.,0.,-1.));
#4547=DIRECTION('',(0.,1.,0.));
#4548=DIRECTION('center_axis',(2.27738056333365E-16,0.,1.));
#4549=DIRECTION('ref_axis',(1.,0.,-2.27738056333365E-16));
#4550=DIRECTION('',(-1.,0.,2.27738056333365E-16));
#4551=DIRECTION('',(1.,0.,-2.27738056333365E-16));
#4552=DIRECTION('center_axis',(0.,1.,0.));
#4553=DIRECTION('ref_axis',(0.,0.,1.));
#4554=DIRECTION('center_axis',(0.,1.,0.));
#4555=DIRECTION('ref_axis',(-1.,0.,0.));
#4556=DIRECTION('center_axis',(0.,-1.,0.));
#4557=DIRECTION('ref_axis',(-1.,0.,0.));
#4558=DIRECTION('center_axis',(0.,-1.,0.));
#4559=DIRECTION('ref_axis',(-1.,0.,0.));
#4560=DIRECTION('',(0.,-1.,0.));
#4561=DIRECTION('center_axis',(0.,1.,0.));
#4562=DIRECTION('ref_axis',(-1.,0.,0.));
#4563=DIRECTION('center_axis',(-1.,0.,0.));
#4564=DIRECTION('ref_axis',(0.,0.,1.));
#4565=DIRECTION('',(0.,0.,-1.));
#4566=DIRECTION('',(0.,1.,0.));
#4567=DIRECTION('',(0.,0.,1.));
#4568=DIRECTION('',(0.,1.,0.));
#4569=DIRECTION('center_axis',(-1.05735526154777E-16,0.,-1.));
#4570=DIRECTION('ref_axis',(-1.,0.,1.05735526154777E-16));
#4571=DIRECTION('',(1.,0.,-1.05735526154777E-16));
#4572=DIRECTION('',(-1.,0.,1.05735526154777E-16));
#4573=DIRECTION('',(0.,1.,0.));
#4574=DIRECTION('center_axis',(1.,0.,0.));
#4575=DIRECTION('ref_axis',(0.,0.,-1.));
#4576=DIRECTION('',(0.,0.,1.));
#4577=DIRECTION('',(0.,0.,-1.));
#4578=DIRECTION('',(0.,1.,0.));
#4579=DIRECTION('center_axis',(0.,0.,1.));
#4580=DIRECTION('ref_axis',(1.,0.,0.));
#4581=DIRECTION('',(-1.,0.,0.));
#4582=DIRECTION('',(1.,0.,0.));
#4583=DIRECTION('center_axis',(0.,1.,0.));
#4584=DIRECTION('ref_axis',(0.,0.,1.));
#4585=DIRECTION('center_axis',(0.,1.,0.));
#4586=DIRECTION('ref_axis',(-1.,0.,0.));
#4587=DIRECTION('',(0.,0.,1.));
#4588=DIRECTION('',(1.,0.,0.));
#4589=DIRECTION('',(0.,0.,1.));
#4590=DIRECTION('',(1.,0.,0.));
#4591=DIRECTION('',(0.,0.,1.));
#4592=DIRECTION('',(1.,0.,0.));
#4593=DIRECTION('',(0.,0.,1.));
#4594=DIRECTION('',(1.,0.,0.));
#4595=CARTESIAN_POINT('',(0.,0.,0.));
#4596=CARTESIAN_POINT('',(0.,0.,0.));
#4597=CARTESIAN_POINT('Origin',(199.,6.92786684036255,1.98335891962061));
#4598=CARTESIAN_POINT('',(198.25,6.92786684036255,-8.10520325261327));
#4599=CARTESIAN_POINT('Ctrl Pts',(198.25,6.92786684036255,-8.10520325261327));
#4600=CARTESIAN_POINT('Ctrl Pts',(198.25,6.97822853340022,-8.10520325261327));
#4601=CARTESIAN_POINT('Ctrl Pts',(198.255127083249,7.02877253089528,-8.09926336448212));
#4602=CARTESIAN_POINT('Ctrl Pts',(198.275233812783,7.12722923482301,-8.07749335397946));
#4603=CARTESIAN_POINT('Ctrl Pts',(198.290217791866,7.17515258523068,-8.06171540441763));
#4604=CARTESIAN_POINT('Ctrl Pts',(198.348078138207,7.31161454078901,-8.00648215587303));
#4605=CARTESIAN_POINT('Ctrl Pts',(198.40453514312,7.39306215526225,-7.95959444831206));
#4606=CARTESIAN_POINT('Ctrl Pts',(198.533434702855,7.52196171499727,-7.87896219980098));
#4607=CARTESIAN_POINT('Ctrl Pts',(198.615044111118,7.5792383425697,-7.83870999327579));
#4608=CARTESIAN_POINT('Ctrl Pts',(198.79892686735,7.65728134109824,-7.78235617917976));
#4609=CARTESIAN_POINT('Ctrl Pts',(198.901395132936,7.67786684036255,-7.76664108037943));
#4610=CARTESIAN_POINT('Ctrl Pts',(199.098604867064,7.67786684036255,-7.76664108037943));
#4611=CARTESIAN_POINT('Ctrl Pts',(199.20107313265,7.65728134109824,-7.78235617917976));
#4612=CARTESIAN_POINT('Ctrl Pts',(199.384955888882,7.5792383425697,-7.83870999327579));
#4613=CARTESIAN_POINT('Ctrl Pts',(199.466565297145,7.52196171499727,-7.87896219980098));
#4614=CARTESIAN_POINT('Ctrl Pts',(199.59546485688,7.39306215526225,-7.95959444831206));
#4615=CARTESIAN_POINT('Ctrl Pts',(199.651921861793,7.31161454078902,-8.00648215587303));
#4616=CARTESIAN_POINT('Ctrl Pts',(199.709782208134,7.17515258523068,-8.06171540441764));
#4617=CARTESIAN_POINT('Ctrl Pts',(199.724766187217,7.12722923482301,-8.07749335397946));
#4618=CARTESIAN_POINT('Ctrl Pts',(199.744872916751,7.02877253089528,-8.09926336448212));
#4619=CARTESIAN_POINT('Ctrl Pts',(199.75,6.97822853340022,-8.10520325261327));
#4620=CARTESIAN_POINT('Ctrl Pts',(199.75,6.87750514732487,-8.10520325261327));
#4621=CARTESIAN_POINT('Ctrl Pts',(199.744872916751,6.82696114982982,-8.0992633644821));
#4622=CARTESIAN_POINT('Ctrl Pts',(199.724766187217,6.72850444590209,-8.07749335397944));
#4623=CARTESIAN_POINT('Ctrl Pts',(199.709782208134,6.68058109549441,-8.06171540441764));
#4624=CARTESIAN_POINT('Ctrl Pts',(199.651921861793,6.54411913993608,-8.00648215587303));
#4625=CARTESIAN_POINT('Ctrl Pts',(199.59546485688,6.46267152546285,-7.95959444831206));
#4626=CARTESIAN_POINT('Ctrl Pts',(199.466565297145,6.33377196572783,-7.87896219980098));
#4627=CARTESIAN_POINT('Ctrl Pts',(199.384955888882,6.2764953381554,-7.83870999327579));
#4628=CARTESIAN_POINT('Ctrl Pts',(199.20107313265,6.19845233962686,-7.78235617917976));
#4629=CARTESIAN_POINT('Ctrl Pts',(199.098604867064,6.17786684036255,-7.76664108037943));
#4630=CARTESIAN_POINT('Ctrl Pts',(198.901395132936,6.17786684036255,-7.76664108037943));
#4631=CARTESIAN_POINT('Ctrl Pts',(198.79892686735,6.19845233962686,-7.78235617917976));
#4632=CARTESIAN_POINT('Ctrl Pts',(198.615044111118,6.2764953381554,-7.83870999327579));
#4633=CARTESIAN_POINT('Ctrl Pts',(198.533434702855,6.33377196572783,-7.87896219980098));
#4634=CARTESIAN_POINT('Ctrl Pts',(198.40453514312,6.46267152546285,-7.95959444831206));
#4635=CARTESIAN_POINT('Ctrl Pts',(198.348078138207,6.54411913993608,-8.00648215587303));
#4636=CARTESIAN_POINT('Ctrl Pts',(198.290217791866,6.68058109549441,-8.06171540441763));
#4637=CARTESIAN_POINT('Ctrl Pts',(198.275233812783,6.72850444590209,-8.07749335397946));
#4638=CARTESIAN_POINT('Ctrl Pts',(198.255127083249,6.82696114982981,-8.09926336448212));
#4639=CARTESIAN_POINT('Ctrl Pts',(198.25,6.87750514732488,-8.10520325261327));
#4640=CARTESIAN_POINT('Ctrl Pts',(198.25,6.92786684036255,-8.10520325261327));
#4641=CARTESIAN_POINT('',(198.25,6.92786684036255,-9.42807890814563));
#4642=CARTESIAN_POINT('',(198.25,6.92786684036255,1.98335891962061));
#4643=CARTESIAN_POINT('Ctrl Pts',(198.25,6.92786684036255,-9.42807890814563));
#4644=CARTESIAN_POINT('Ctrl Pts',(198.25,6.87750514732488,-9.42807890814563));
#4645=CARTESIAN_POINT('Ctrl Pts',(198.255127083249,6.82696114982981,-9.43401879627677));
#4646=CARTESIAN_POINT('Ctrl Pts',(198.275233812783,6.72850444590209,-9.45578880677944));
#4647=CARTESIAN_POINT('Ctrl Pts',(198.290217791866,6.68058109549441,-9.47156675634126));
#4648=CARTESIAN_POINT('Ctrl Pts',(198.348078138207,6.54411913993608,-9.52680000488586));
#4649=CARTESIAN_POINT('Ctrl Pts',(198.40453514312,6.46267152546285,-9.57368771244683));
#4650=CARTESIAN_POINT('Ctrl Pts',(198.533434702855,6.33377196572783,-9.65431996095792));
#4651=CARTESIAN_POINT('Ctrl Pts',(198.615044111118,6.2764953381554,-9.69457216748311));
#4652=CARTESIAN_POINT('Ctrl Pts',(198.79892686735,6.19845233962686,-9.75092598157913));
#4653=CARTESIAN_POINT('Ctrl Pts',(198.901395132936,6.17786684036255,-9.76664108037946));
#4654=CARTESIAN_POINT('Ctrl Pts',(199.098604867064,6.17786684036255,-9.76664108037946));
#4655=CARTESIAN_POINT('Ctrl Pts',(199.20107313265,6.19845233962686,-9.75092598157913));
#4656=CARTESIAN_POINT('Ctrl Pts',(199.384955888882,6.2764953381554,-9.69457216748311));
#4657=CARTESIAN_POINT('Ctrl Pts',(199.466565297145,6.33377196572783,-9.65431996095792));
#4658=CARTESIAN_POINT('Ctrl Pts',(199.59546485688,6.46267152546285,-9.57368771244683));
#4659=CARTESIAN_POINT('Ctrl Pts',(199.651921861793,6.54411913993608,-9.52680000488586));
#4660=CARTESIAN_POINT('Ctrl Pts',(199.709782208134,6.68058109549441,-9.47156675634126));
#4661=CARTESIAN_POINT('Ctrl Pts',(199.724766187217,6.72850444590209,-9.45578880677944));
#4662=CARTESIAN_POINT('Ctrl Pts',(199.744872916751,6.82696114982981,-9.43401879627677));
#4663=CARTESIAN_POINT('Ctrl Pts',(199.75,6.87750514732488,-9.42807890814562));
#4664=CARTESIAN_POINT('Ctrl Pts',(199.75,6.97822853340022,-9.42807890814562));
#4665=CARTESIAN_POINT('Ctrl Pts',(199.744872916751,7.02877253089528,-9.43401879627679));
#4666=CARTESIAN_POINT('Ctrl Pts',(199.724766187217,7.12722923482301,-9.45578880677945));
#4667=CARTESIAN_POINT('Ctrl Pts',(199.709782208134,7.17515258523068,-9.47156675634126));
#4668=CARTESIAN_POINT('Ctrl Pts',(199.651921861793,7.31161454078902,-9.52680000488586));
#4669=CARTESIAN_POINT('Ctrl Pts',(199.59546485688,7.39306215526225,-9.57368771244683));
#4670=CARTESIAN_POINT('Ctrl Pts',(199.466565297145,7.52196171499727,-9.65431996095792));
#4671=CARTESIAN_POINT('Ctrl Pts',(199.384955888882,7.5792383425697,-9.69457216748311));
#4672=CARTESIAN_POINT('Ctrl Pts',(199.20107313265,7.65728134109824,-9.75092598157913));
#4673=CARTESIAN_POINT('Ctrl Pts',(199.098604867064,7.67786684036255,-9.76664108037946));
#4674=CARTESIAN_POINT('Ctrl Pts',(198.901395132936,7.67786684036255,-9.76664108037946));
#4675=CARTESIAN_POINT('Ctrl Pts',(198.79892686735,7.65728134109824,-9.75092598157913));
#4676=CARTESIAN_POINT('Ctrl Pts',(198.615044111118,7.5792383425697,-9.69457216748311));
#4677=CARTESIAN_POINT('Ctrl Pts',(198.533434702855,7.52196171499727,-9.65431996095792));
#4678=CARTESIAN_POINT('Ctrl Pts',(198.40453514312,7.39306215526225,-9.57368771244683));
#4679=CARTESIAN_POINT('Ctrl Pts',(198.348078138207,7.31161454078901,-9.52680000488586));
#4680=CARTESIAN_POINT('Ctrl Pts',(198.290217791866,7.17515258523068,-9.47156675634126));
#4681=CARTESIAN_POINT('Ctrl Pts',(198.275233812783,7.12722923482301,-9.45578880677944));
#4682=CARTESIAN_POINT('Ctrl Pts',(198.255127083249,7.02877253089528,-9.43401879627677));
#4683=CARTESIAN_POINT('Ctrl Pts',(198.25,6.97822853340022,-9.42807890814563));
#4684=CARTESIAN_POINT('Ctrl Pts',(198.25,6.92786684036255,-9.42807890814563));
#4685=CARTESIAN_POINT('Origin',(199.,6.92786684036255,1.98335891962061));
#4686=CARTESIAN_POINT('',(199.,7.67786684036255,21.2333589196206));
#4687=CARTESIAN_POINT('',(199.,6.17786684036255,21.2333589196206));
#4688=CARTESIAN_POINT('Ctrl Pts',(199.,7.67786684036255,21.2333589196206));
#4689=CARTESIAN_POINT('Ctrl Pts',(199.098604867064,7.67786684036255,21.2333589196206));
#4690=CARTESIAN_POINT('Ctrl Pts',(199.20107313265,7.65728134109824,21.2176438208203));
#4691=CARTESIAN_POINT('Ctrl Pts',(199.384955888882,7.5792383425697,21.1612900067243));
#4692=CARTESIAN_POINT('Ctrl Pts',(199.466565297145,7.52196171499727,21.1210378001991));
#4693=CARTESIAN_POINT('Ctrl Pts',(199.59546485688,7.39306215526225,21.040405551688));
#4694=CARTESIAN_POINT('Ctrl Pts',(199.651921861793,7.31161454078901,20.993517844127));
#4695=CARTESIAN_POINT('Ctrl Pts',(199.709782208134,7.17515258523068,20.9382845955824));
#4696=CARTESIAN_POINT('Ctrl Pts',(199.724766187217,7.12722923482301,20.9225066460206));
#4697=CARTESIAN_POINT('Ctrl Pts',(199.744872916751,7.02877253089528,20.9007366355179));
#4698=CARTESIAN_POINT('Ctrl Pts',(199.75,6.97822853340022,20.8947967473868));
#4699=CARTESIAN_POINT('Ctrl Pts',(199.75,6.87750514732488,20.8947967473868));
#4700=CARTESIAN_POINT('Ctrl Pts',(199.744872916751,6.82696114982981,20.9007366355179));
#4701=CARTESIAN_POINT('Ctrl Pts',(199.724766187217,6.72850444590209,20.9225066460206));
#4702=CARTESIAN_POINT('Ctrl Pts',(199.709782208134,6.68058109549441,20.9382845955824));
#4703=CARTESIAN_POINT('Ctrl Pts',(199.651921861793,6.54411913993608,20.993517844127));
#4704=CARTESIAN_POINT('Ctrl Pts',(199.59546485688,6.46267152546285,21.040405551688));
#4705=CARTESIAN_POINT('Ctrl Pts',(199.466565297145,6.33377196572783,21.1210378001991));
#4706=CARTESIAN_POINT('Ctrl Pts',(199.384955888882,6.2764953381554,21.1612900067243));
#4707=CARTESIAN_POINT('Ctrl Pts',(199.20107313265,6.19845233962686,21.2176438208203));
#4708=CARTESIAN_POINT('Ctrl Pts',(199.098604867064,6.17786684036255,21.2333589196206));
#4709=CARTESIAN_POINT('Ctrl Pts',(199.,6.17786684036255,21.2333589196206));
#4710=CARTESIAN_POINT('',(198.25,6.92786684036255,20.8947967473868));
#4711=CARTESIAN_POINT('Ctrl Pts',(198.25,6.92786684036255,20.8947967473868));
#4712=CARTESIAN_POINT('Ctrl Pts',(198.25,6.97822853340022,20.8947967473868));
#4713=CARTESIAN_POINT('Ctrl Pts',(198.255127083249,7.02877253089528,20.9007366355179));
#4714=CARTESIAN_POINT('Ctrl Pts',(198.275233812783,7.12722923482301,20.9225066460206));
#4715=CARTESIAN_POINT('Ctrl Pts',(198.290217791866,7.17515258523068,20.9382845955824));
#4716=CARTESIAN_POINT('Ctrl Pts',(198.348078138207,7.31161454078901,20.993517844127));
#4717=CARTESIAN_POINT('Ctrl Pts',(198.40453514312,7.39306215526225,21.040405551688));
#4718=CARTESIAN_POINT('Ctrl Pts',(198.533434702855,7.52196171499727,21.1210378001991));
#4719=CARTESIAN_POINT('Ctrl Pts',(198.615044111118,7.5792383425697,21.1612900067243));
#4720=CARTESIAN_POINT('Ctrl Pts',(198.79892686735,7.65728134109824,21.2176438208203));
#4721=CARTESIAN_POINT('Ctrl Pts',(198.901395132936,7.67786684036255,21.2333589196206));
#4722=CARTESIAN_POINT('Ctrl Pts',(199.,7.67786684036255,21.2333589196206));
#4723=CARTESIAN_POINT('',(198.25,6.92786684036255,19.5719210918544));
#4724=CARTESIAN_POINT('',(198.25,6.92786684036255,1.98335891962061));
#4725=CARTESIAN_POINT('Ctrl Pts',(198.25,6.92786684036255,19.5719210918544));
#4726=CARTESIAN_POINT('Ctrl Pts',(198.25,6.87750514732488,19.5719210918544));
#4727=CARTESIAN_POINT('Ctrl Pts',(198.255127083249,6.82696114982981,19.5659812037233));
#4728=CARTESIAN_POINT('Ctrl Pts',(198.275233812783,6.72850444590209,19.5442111932206));
#4729=CARTESIAN_POINT('Ctrl Pts',(198.290217791866,6.68058109549441,19.5284332436588));
#4730=CARTESIAN_POINT('Ctrl Pts',(198.348078138207,6.54411913993608,19.4731999951142));
#4731=CARTESIAN_POINT('Ctrl Pts',(198.40453514312,6.46267152546285,19.4263122875532));
#4732=CARTESIAN_POINT('Ctrl Pts',(198.533434702855,6.33377196572783,19.3456800390421));
#4733=CARTESIAN_POINT('Ctrl Pts',(198.615044111118,6.2764953381554,19.3054278325169));
#4734=CARTESIAN_POINT('Ctrl Pts',(198.79892686735,6.19845233962686,19.2490740184209));
#4735=CARTESIAN_POINT('Ctrl Pts',(198.901395132936,6.17786684036255,19.2333589196206));
#4736=CARTESIAN_POINT('Ctrl Pts',(199.098604867064,6.17786684036255,19.2333589196206));
#4737=CARTESIAN_POINT('Ctrl Pts',(199.20107313265,6.19845233962686,19.2490740184209));
#4738=CARTESIAN_POINT('Ctrl Pts',(199.384955888882,6.2764953381554,19.3054278325169));
#4739=CARTESIAN_POINT('Ctrl Pts',(199.466565297145,6.33377196572783,19.3456800390421));
#4740=CARTESIAN_POINT('Ctrl Pts',(199.59546485688,6.46267152546285,19.4263122875532));
#4741=CARTESIAN_POINT('Ctrl Pts',(199.651921861793,6.54411913993608,19.4731999951142));
#4742=CARTESIAN_POINT('Ctrl Pts',(199.709782208134,6.68058109549441,19.5284332436588));
#4743=CARTESIAN_POINT('Ctrl Pts',(199.724766187217,6.72850444590209,19.5442111932206));
#4744=CARTESIAN_POINT('Ctrl Pts',(199.744872916751,6.82696114982981,19.5659812037233));
#4745=CARTESIAN_POINT('Ctrl Pts',(199.75,6.87750514732488,19.5719210918544));
#4746=CARTESIAN_POINT('Ctrl Pts',(199.75,6.97822853340022,19.5719210918544));
#4747=CARTESIAN_POINT('Ctrl Pts',(199.744872916751,7.02877253089528,19.5659812037233));
#4748=CARTESIAN_POINT('Ctrl Pts',(199.724766187217,7.12722923482301,19.5442111932206));
#4749=CARTESIAN_POINT('Ctrl Pts',(199.709782208134,7.17515258523068,19.5284332436588));
#4750=CARTESIAN_POINT('Ctrl Pts',(199.651921861793,7.31161454078901,19.4731999951142));
#4751=CARTESIAN_POINT('Ctrl Pts',(199.59546485688,7.39306215526225,19.4263122875532));
#4752=CARTESIAN_POINT('Ctrl Pts',(199.466565297145,7.52196171499727,19.3456800390421));
#4753=CARTESIAN_POINT('Ctrl Pts',(199.384955888882,7.5792383425697,19.3054278325169));
#4754=CARTESIAN_POINT('Ctrl Pts',(199.20107313265,7.65728134109824,19.2490740184209));
#4755=CARTESIAN_POINT('Ctrl Pts',(199.098604867064,7.67786684036255,19.2333589196206));
#4756=CARTESIAN_POINT('Ctrl Pts',(198.901395132936,7.67786684036255,19.2333589196206));
#4757=CARTESIAN_POINT('Ctrl Pts',(198.79892686735,7.65728134109824,19.2490740184209));
#4758=CARTESIAN_POINT('Ctrl Pts',(198.615044111118,7.5792383425697,19.3054278325169));
#4759=CARTESIAN_POINT('Ctrl Pts',(198.533434702855,7.52196171499727,19.3456800390421));
#4760=CARTESIAN_POINT('Ctrl Pts',(198.40453514312,7.39306215526225,19.4263122875532));
#4761=CARTESIAN_POINT('Ctrl Pts',(198.348078138207,7.31161454078902,19.4731999951142));
#4762=CARTESIAN_POINT('Ctrl Pts',(198.290217791866,7.17515258523069,19.5284332436588));
#4763=CARTESIAN_POINT('Ctrl Pts',(198.275233812783,7.12722923482301,19.5442111932206));
#4764=CARTESIAN_POINT('Ctrl Pts',(198.255127083249,7.02877253089528,19.5659812037233));
#4765=CARTESIAN_POINT('Ctrl Pts',(198.25,6.97822853340022,19.5719210918544));
#4766=CARTESIAN_POINT('Ctrl Pts',(198.25,6.92786684036255,19.5719210918544));
#4767=CARTESIAN_POINT('Ctrl Pts',(199.,6.17786684036255,21.2333589196206));
#4768=CARTESIAN_POINT('Ctrl Pts',(198.901395132936,6.17786684036255,21.2333589196206));
#4769=CARTESIAN_POINT('Ctrl Pts',(198.79892686735,6.19845233962686,21.2176438208203));
#4770=CARTESIAN_POINT('Ctrl Pts',(198.615044111118,6.2764953381554,21.1612900067243));
#4771=CARTESIAN_POINT('Ctrl Pts',(198.533434702855,6.33377196572783,21.1210378001991));
#4772=CARTESIAN_POINT('Ctrl Pts',(198.40453514312,6.46267152546285,21.040405551688));
#4773=CARTESIAN_POINT('Ctrl Pts',(198.348078138207,6.54411913993608,20.993517844127));
#4774=CARTESIAN_POINT('Ctrl Pts',(198.290217791866,6.68058109549441,20.9382845955824));
#4775=CARTESIAN_POINT('Ctrl Pts',(198.275233812783,6.72850444590209,20.9225066460206));
#4776=CARTESIAN_POINT('Ctrl Pts',(198.255127083249,6.82696114982981,20.9007366355179));
#4777=CARTESIAN_POINT('Ctrl Pts',(198.25,6.87750514732488,20.8947967473868));
#4778=CARTESIAN_POINT('Ctrl Pts',(198.25,6.92786684036255,20.8947967473868));
#4779=CARTESIAN_POINT('Origin',(181.,6.92718281745911,2.73335891962057));
#4780=CARTESIAN_POINT('',(180.25,6.92718281745911,-8.10520325261327));
#4781=CARTESIAN_POINT('Ctrl Pts',(180.25,6.92718281745911,-8.10520325261327));
#4782=CARTESIAN_POINT('Ctrl Pts',(180.25,6.97754451049678,-8.10520325261327));
#4783=CARTESIAN_POINT('Ctrl Pts',(180.255127083249,7.02808850799184,-8.09926336448212));
#4784=CARTESIAN_POINT('Ctrl Pts',(180.275233812783,7.12654521191957,-8.07749335397946));
#4785=CARTESIAN_POINT('Ctrl Pts',(180.290217791866,7.17446856232724,-8.06171540441764));
#4786=CARTESIAN_POINT('Ctrl Pts',(180.348078138207,7.31093051788557,-8.00648215587303));
#4787=CARTESIAN_POINT('Ctrl Pts',(180.40453514312,7.3923781323588,-7.95959444831206));
#4788=CARTESIAN_POINT('Ctrl Pts',(180.533434702855,7.52127769209382,-7.87896219980098));
#4789=CARTESIAN_POINT('Ctrl Pts',(180.615044111118,7.57855431966626,-7.83870999327579));
#4790=CARTESIAN_POINT('Ctrl Pts',(180.79892686735,7.65659731819479,-7.78235617917976));
#4791=CARTESIAN_POINT('Ctrl Pts',(180.901395132936,7.67718281745911,-7.76664108037943));
#4792=CARTESIAN_POINT('Ctrl Pts',(181.098604867064,7.67718281745911,-7.76664108037943));
#4793=CARTESIAN_POINT('Ctrl Pts',(181.20107313265,7.65659731819479,-7.78235617917976));
#4794=CARTESIAN_POINT('Ctrl Pts',(181.384955888882,7.57855431966626,-7.83870999327579));
#4795=CARTESIAN_POINT('Ctrl Pts',(181.466565297145,7.52127769209382,-7.87896219980098));
#4796=CARTESIAN_POINT('Ctrl Pts',(181.59546485688,7.3923781323588,-7.95959444831206));
#4797=CARTESIAN_POINT('Ctrl Pts',(181.651921861793,7.31093051788557,-8.00648215587303));
#4798=CARTESIAN_POINT('Ctrl Pts',(181.709782208134,7.17446856232724,-8.06171540441764));
#4799=CARTESIAN_POINT('Ctrl Pts',(181.724766187217,7.12654521191957,-8.07749335397946));
#4800=CARTESIAN_POINT('Ctrl Pts',(181.744872916751,7.02808850799184,-8.09926336448212));
#4801=CARTESIAN_POINT('Ctrl Pts',(181.75,6.97754451049678,-8.10520325261327));
#4802=CARTESIAN_POINT('Ctrl Pts',(181.75,6.87682112442143,-8.10520325261327));
#4803=CARTESIAN_POINT('Ctrl Pts',(181.744872916751,6.82627712692638,-8.0992633644821));
#4804=CARTESIAN_POINT('Ctrl Pts',(181.724766187217,6.72782042299865,-8.07749335397944));
#4805=CARTESIAN_POINT('Ctrl Pts',(181.709782208134,6.67989707259097,-8.06171540441763));
#4806=CARTESIAN_POINT('Ctrl Pts',(181.651921861793,6.54343511703264,-8.00648215587303));
#4807=CARTESIAN_POINT('Ctrl Pts',(181.59546485688,6.46198750255941,-7.95959444831206));
#4808=CARTESIAN_POINT('Ctrl Pts',(181.466565297145,6.33308794282439,-7.87896219980098));
#4809=CARTESIAN_POINT('Ctrl Pts',(181.384955888882,6.27581131525195,-7.83870999327579));
#4810=CARTESIAN_POINT('Ctrl Pts',(181.20107313265,6.19776831672342,-7.78235617917976));
#4811=CARTESIAN_POINT('Ctrl Pts',(181.098604867064,6.17718281745911,-7.76664108037943));
#4812=CARTESIAN_POINT('Ctrl Pts',(180.901395132936,6.17718281745911,-7.76664108037943));
#4813=CARTESIAN_POINT('Ctrl Pts',(180.79892686735,6.19776831672342,-7.78235617917976));
#4814=CARTESIAN_POINT('Ctrl Pts',(180.615044111118,6.27581131525195,-7.83870999327579));
#4815=CARTESIAN_POINT('Ctrl Pts',(180.533434702855,6.33308794282439,-7.87896219980098));
#4816=CARTESIAN_POINT('Ctrl Pts',(180.40453514312,6.46198750255941,-7.95959444831206));
#4817=CARTESIAN_POINT('Ctrl Pts',(180.348078138207,6.54343511703264,-8.00648215587303));
#4818=CARTESIAN_POINT('Ctrl Pts',(180.290217791866,6.67989707259097,-8.06171540441764));
#4819=CARTESIAN_POINT('Ctrl Pts',(180.275233812783,6.72782042299865,-8.07749335397946));
#4820=CARTESIAN_POINT('Ctrl Pts',(180.255127083249,6.82627712692637,-8.09926336448212));
#4821=CARTESIAN_POINT('Ctrl Pts',(180.25,6.87682112442143,-8.10520325261327));
#4822=CARTESIAN_POINT('Ctrl Pts',(180.25,6.92718281745911,-8.10520325261327));
#4823=CARTESIAN_POINT('',(180.25,6.92718281745911,-9.42807890814563));
#4824=CARTESIAN_POINT('',(180.25,6.92718281745911,2.73335891962057));
#4825=CARTESIAN_POINT('Ctrl Pts',(180.25,6.92718281745911,-9.42807890814563));
#4826=CARTESIAN_POINT('Ctrl Pts',(180.25,6.87682112442143,-9.42807890814563));
#4827=CARTESIAN_POINT('Ctrl Pts',(180.255127083249,6.82627712692637,-9.43401879627677));
#4828=CARTESIAN_POINT('Ctrl Pts',(180.275233812783,6.72782042299865,-9.45578880677944));
#4829=CARTESIAN_POINT('Ctrl Pts',(180.290217791866,6.67989707259097,-9.47156675634126));
#4830=CARTESIAN_POINT('Ctrl Pts',(180.348078138207,6.54343511703264,-9.52680000488587));
#4831=CARTESIAN_POINT('Ctrl Pts',(180.40453514312,6.46198750255941,-9.57368771244683));
#4832=CARTESIAN_POINT('Ctrl Pts',(180.533434702855,6.33308794282439,-9.65431996095792));
#4833=CARTESIAN_POINT('Ctrl Pts',(180.615044111118,6.27581131525195,-9.69457216748311));
#4834=CARTESIAN_POINT('Ctrl Pts',(180.79892686735,6.19776831672342,-9.75092598157913));
#4835=CARTESIAN_POINT('Ctrl Pts',(180.901395132936,6.17718281745911,-9.76664108037946));
#4836=CARTESIAN_POINT('Ctrl Pts',(181.098604867064,6.17718281745911,-9.76664108037946));
#4837=CARTESIAN_POINT('Ctrl Pts',(181.20107313265,6.19776831672342,-9.75092598157913));
#4838=CARTESIAN_POINT('Ctrl Pts',(181.384955888882,6.27581131525195,-9.69457216748311));
#4839=CARTESIAN_POINT('Ctrl Pts',(181.466565297145,6.33308794282439,-9.65431996095792));
#4840=CARTESIAN_POINT('Ctrl Pts',(181.59546485688,6.46198750255941,-9.57368771244683));
#4841=CARTESIAN_POINT('Ctrl Pts',(181.651921861793,6.54343511703264,-9.52680000488587));
#4842=CARTESIAN_POINT('Ctrl Pts',(181.709782208134,6.67989707259097,-9.47156675634126));
#4843=CARTESIAN_POINT('Ctrl Pts',(181.724766187217,6.72782042299864,-9.45578880677944));
#4844=CARTESIAN_POINT('Ctrl Pts',(181.744872916751,6.82627712692637,-9.43401879627677));
#4845=CARTESIAN_POINT('Ctrl Pts',(181.75,6.87682112442143,-9.42807890814562));
#4846=CARTESIAN_POINT('Ctrl Pts',(181.75,6.97754451049678,-9.42807890814562));
#4847=CARTESIAN_POINT('Ctrl Pts',(181.744872916751,7.02808850799184,-9.43401879627679));
#4848=CARTESIAN_POINT('Ctrl Pts',(181.724766187217,7.12654521191956,-9.45578880677945));
#4849=CARTESIAN_POINT('Ctrl Pts',(181.709782208134,7.17446856232724,-9.47156675634126));
#4850=CARTESIAN_POINT('Ctrl Pts',(181.651921861793,7.31093051788557,-9.52680000488587));
#4851=CARTESIAN_POINT('Ctrl Pts',(181.59546485688,7.3923781323588,-9.57368771244683));
#4852=CARTESIAN_POINT('Ctrl Pts',(181.466565297145,7.52127769209382,-9.65431996095792));
#4853=CARTESIAN_POINT('Ctrl Pts',(181.384955888882,7.57855431966626,-9.69457216748311));
#4854=CARTESIAN_POINT('Ctrl Pts',(181.20107313265,7.65659731819479,-9.75092598157913));
#4855=CARTESIAN_POINT('Ctrl Pts',(181.098604867064,7.67718281745911,-9.76664108037946));
#4856=CARTESIAN_POINT('Ctrl Pts',(180.901395132936,7.67718281745911,-9.76664108037946));
#4857=CARTESIAN_POINT('Ctrl Pts',(180.79892686735,7.65659731819479,-9.75092598157913));
#4858=CARTESIAN_POINT('Ctrl Pts',(180.615044111118,7.57855431966626,-9.69457216748311));
#4859=CARTESIAN_POINT('Ctrl Pts',(180.533434702855,7.52127769209382,-9.65431996095792));
#4860=CARTESIAN_POINT('Ctrl Pts',(180.40453514312,7.3923781323588,-9.57368771244683));
#4861=CARTESIAN_POINT('Ctrl Pts',(180.348078138207,7.31093051788557,-9.52680000488587));
#4862=CARTESIAN_POINT('Ctrl Pts',(180.290217791866,7.17446856232724,-9.47156675634126));
#4863=CARTESIAN_POINT('Ctrl Pts',(180.275233812783,7.12654521191957,-9.45578880677944));
#4864=CARTESIAN_POINT('Ctrl Pts',(180.255127083249,7.02808850799184,-9.43401879627677));
#4865=CARTESIAN_POINT('Ctrl Pts',(180.25,6.97754451049678,-9.42807890814563));
#4866=CARTESIAN_POINT('Ctrl Pts',(180.25,6.92718281745911,-9.42807890814563));
#4867=CARTESIAN_POINT('Origin',(181.,6.92718281745911,2.73335891962057));
#4868=CARTESIAN_POINT('',(181.,7.67718281745911,21.2333589196206));
#4869=CARTESIAN_POINT('',(181.,6.17718281745911,21.2333589196206));
#4870=CARTESIAN_POINT('Ctrl Pts',(181.,7.67718281745911,21.2333589196206));
#4871=CARTESIAN_POINT('Ctrl Pts',(181.098604867064,7.67718281745911,21.2333589196206));
#4872=CARTESIAN_POINT('Ctrl Pts',(181.20107313265,7.65659731819479,21.2176438208202));
#4873=CARTESIAN_POINT('Ctrl Pts',(181.384955888882,7.57855431966626,21.1612900067242));
#4874=CARTESIAN_POINT('Ctrl Pts',(181.466565297145,7.52127769209382,21.121037800199));
#4875=CARTESIAN_POINT('Ctrl Pts',(181.59546485688,7.3923781323588,21.0404055516879));
#4876=CARTESIAN_POINT('Ctrl Pts',(181.651921861793,7.31093051788557,20.993517844127));
#4877=CARTESIAN_POINT('Ctrl Pts',(181.709782208134,7.17446856232725,20.9382845955824));
#4878=CARTESIAN_POINT('Ctrl Pts',(181.724766187217,7.12654521191957,20.9225066460205));
#4879=CARTESIAN_POINT('Ctrl Pts',(181.744872916751,7.02808850799184,20.9007366355179));
#4880=CARTESIAN_POINT('Ctrl Pts',(181.75,6.97754451049678,20.8947967473867));
#4881=CARTESIAN_POINT('Ctrl Pts',(181.75,6.87682112442143,20.8947967473867));
#4882=CARTESIAN_POINT('Ctrl Pts',(181.744872916751,6.82627712692637,20.9007366355179));
#4883=CARTESIAN_POINT('Ctrl Pts',(181.724766187217,6.72782042299864,20.9225066460205));
#4884=CARTESIAN_POINT('Ctrl Pts',(181.709782208134,6.67989707259097,20.9382845955824));
#4885=CARTESIAN_POINT('Ctrl Pts',(181.651921861793,6.54343511703264,20.993517844127));
#4886=CARTESIAN_POINT('Ctrl Pts',(181.59546485688,6.46198750255941,21.0404055516879));
#4887=CARTESIAN_POINT('Ctrl Pts',(181.466565297145,6.33308794282439,21.121037800199));
#4888=CARTESIAN_POINT('Ctrl Pts',(181.384955888882,6.27581131525195,21.1612900067242));
#4889=CARTESIAN_POINT('Ctrl Pts',(181.20107313265,6.19776831672342,21.2176438208202));
#4890=CARTESIAN_POINT('Ctrl Pts',(181.098604867064,6.17718281745911,21.2333589196206));
#4891=CARTESIAN_POINT('Ctrl Pts',(181.,6.17718281745911,21.2333589196206));
#4892=CARTESIAN_POINT('',(180.25,6.92718281745911,20.8947967473867));
#4893=CARTESIAN_POINT('Ctrl Pts',(180.25,6.92718281745911,20.8947967473867));
#4894=CARTESIAN_POINT('Ctrl Pts',(180.25,6.97754451049678,20.8947967473867));
#4895=CARTESIAN_POINT('Ctrl Pts',(180.255127083249,7.02808850799184,20.9007366355179));
#4896=CARTESIAN_POINT('Ctrl Pts',(180.275233812783,7.12654521191957,20.9225066460205));
#4897=CARTESIAN_POINT('Ctrl Pts',(180.290217791866,7.17446856232725,20.9382845955824));
#4898=CARTESIAN_POINT('Ctrl Pts',(180.348078138207,7.31093051788557,20.993517844127));
#4899=CARTESIAN_POINT('Ctrl Pts',(180.40453514312,7.3923781323588,21.0404055516879));
#4900=CARTESIAN_POINT('Ctrl Pts',(180.533434702855,7.52127769209382,21.121037800199));
#4901=CARTESIAN_POINT('Ctrl Pts',(180.615044111118,7.57855431966626,21.1612900067242));
#4902=CARTESIAN_POINT('Ctrl Pts',(180.79892686735,7.65659731819479,21.2176438208202));
#4903=CARTESIAN_POINT('Ctrl Pts',(180.901395132936,7.67718281745911,21.2333589196206));
#4904=CARTESIAN_POINT('Ctrl Pts',(181.,7.67718281745911,21.2333589196206));
#4905=CARTESIAN_POINT('',(180.25,6.92718281745911,19.5719210918545));
#4906=CARTESIAN_POINT('',(180.25,6.92718281745911,2.73335891962057));
#4907=CARTESIAN_POINT('Ctrl Pts',(180.25,6.92718281745911,19.5719210918545));
#4908=CARTESIAN_POINT('Ctrl Pts',(180.25,6.87682112442143,19.5719210918545));
#4909=CARTESIAN_POINT('Ctrl Pts',(180.255127083249,6.82627712692637,19.5659812037233));
#4910=CARTESIAN_POINT('Ctrl Pts',(180.275233812783,6.72782042299864,19.5442111932207));
#4911=CARTESIAN_POINT('Ctrl Pts',(180.290217791866,6.67989707259097,19.5284332436588));
#4912=CARTESIAN_POINT('Ctrl Pts',(180.348078138207,6.54343511703264,19.4731999951142));
#4913=CARTESIAN_POINT('Ctrl Pts',(180.40453514312,6.46198750255941,19.4263122875533));
#4914=CARTESIAN_POINT('Ctrl Pts',(180.533434702855,6.33308794282439,19.3456800390422));
#4915=CARTESIAN_POINT('Ctrl Pts',(180.615044111118,6.27581131525195,19.305427832517));
#4916=CARTESIAN_POINT('Ctrl Pts',(180.79892686735,6.19776831672342,19.2490740184209));
#4917=CARTESIAN_POINT('Ctrl Pts',(180.901395132936,6.17718281745911,19.2333589196206));
#4918=CARTESIAN_POINT('Ctrl Pts',(181.098604867064,6.17718281745911,19.2333589196206));
#4919=CARTESIAN_POINT('Ctrl Pts',(181.20107313265,6.19776831672342,19.2490740184209));
#4920=CARTESIAN_POINT('Ctrl Pts',(181.384955888882,6.27581131525195,19.305427832517));
#4921=CARTESIAN_POINT('Ctrl Pts',(181.466565297145,6.33308794282439,19.3456800390422));
#4922=CARTESIAN_POINT('Ctrl Pts',(181.59546485688,6.46198750255941,19.4263122875533));
#4923=CARTESIAN_POINT('Ctrl Pts',(181.651921861793,6.54343511703264,19.4731999951142));
#4924=CARTESIAN_POINT('Ctrl Pts',(181.709782208134,6.67989707259097,19.5284332436588));
#4925=CARTESIAN_POINT('Ctrl Pts',(181.724766187217,6.72782042299864,19.5442111932207));
#4926=CARTESIAN_POINT('Ctrl Pts',(181.744872916751,6.82627712692637,19.5659812037233));
#4927=CARTESIAN_POINT('Ctrl Pts',(181.75,6.87682112442143,19.5719210918545));
#4928=CARTESIAN_POINT('Ctrl Pts',(181.75,6.97754451049678,19.5719210918545));
#4929=CARTESIAN_POINT('Ctrl Pts',(181.744872916751,7.02808850799184,19.5659812037233));
#4930=CARTESIAN_POINT('Ctrl Pts',(181.724766187217,7.12654521191956,19.5442111932206));
#4931=CARTESIAN_POINT('Ctrl Pts',(181.709782208134,7.17446856232724,19.5284332436588));
#4932=CARTESIAN_POINT('Ctrl Pts',(181.651921861793,7.31093051788558,19.4731999951142));
#4933=CARTESIAN_POINT('Ctrl Pts',(181.59546485688,7.3923781323588,19.4263122875533));
#4934=CARTESIAN_POINT('Ctrl Pts',(181.466565297145,7.52127769209382,19.3456800390422));
#4935=CARTESIAN_POINT('Ctrl Pts',(181.384955888882,7.57855431966626,19.305427832517));
#4936=CARTESIAN_POINT('Ctrl Pts',(181.20107313265,7.65659731819479,19.2490740184209));
#4937=CARTESIAN_POINT('Ctrl Pts',(181.098604867064,7.67718281745911,19.2333589196206));
#4938=CARTESIAN_POINT('Ctrl Pts',(180.901395132936,7.67718281745911,19.2333589196206));
#4939=CARTESIAN_POINT('Ctrl Pts',(180.79892686735,7.65659731819479,19.2490740184209));
#4940=CARTESIAN_POINT('Ctrl Pts',(180.615044111118,7.57855431966626,19.305427832517));
#4941=CARTESIAN_POINT('Ctrl Pts',(180.533434702855,7.52127769209382,19.3456800390422));
#4942=CARTESIAN_POINT('Ctrl Pts',(180.40453514312,7.3923781323588,19.4263122875533));
#4943=CARTESIAN_POINT('Ctrl Pts',(180.348078138207,7.31093051788557,19.4731999951142));
#4944=CARTESIAN_POINT('Ctrl Pts',(180.290217791866,7.17446856232725,19.5284332436588));
#4945=CARTESIAN_POINT('Ctrl Pts',(180.275233812783,7.12654521191957,19.5442111932207));
#4946=CARTESIAN_POINT('Ctrl Pts',(180.255127083249,7.02808850799184,19.5659812037233));
#4947=CARTESIAN_POINT('Ctrl Pts',(180.25,6.97754451049678,19.5719210918545));
#4948=CARTESIAN_POINT('Ctrl Pts',(180.25,6.92718281745911,19.5719210918545));
#4949=CARTESIAN_POINT('Ctrl Pts',(181.,6.17718281745911,21.2333589196206));
#4950=CARTESIAN_POINT('Ctrl Pts',(180.901395132936,6.17718281745911,21.2333589196206));
#4951=CARTESIAN_POINT('Ctrl Pts',(180.79892686735,6.19776831672342,21.2176438208202));
#4952=CARTESIAN_POINT('Ctrl Pts',(180.615044111118,6.27581131525195,21.1612900067242));
#4953=CARTESIAN_POINT('Ctrl Pts',(180.533434702855,6.33308794282439,21.121037800199));
#4954=CARTESIAN_POINT('Ctrl Pts',(180.40453514312,6.46198750255941,21.0404055516879));
#4955=CARTESIAN_POINT('Ctrl Pts',(180.348078138207,6.54343511703264,20.993517844127));
#4956=CARTESIAN_POINT('Ctrl Pts',(180.290217791866,6.67989707259097,20.9382845955824));
#4957=CARTESIAN_POINT('Ctrl Pts',(180.275233812783,6.72782042299865,20.9225066460205));
#4958=CARTESIAN_POINT('Ctrl Pts',(180.255127083249,6.82627712692637,20.9007366355178));
#4959=CARTESIAN_POINT('Ctrl Pts',(180.25,6.87682112442143,20.8947967473867));
#4960=CARTESIAN_POINT('Ctrl Pts',(180.25,6.92718281745911,20.8947967473867));
#4961=CARTESIAN_POINT('Origin',(181.,4.3,20.2333589196206));
#4962=CARTESIAN_POINT('',(182.,8.3,20.2333589196206));
#4963=CARTESIAN_POINT('Origin',(181.,8.3,20.2333589196206));
#4964=CARTESIAN_POINT('',(182.,4.3,20.2333589196206));
#4965=CARTESIAN_POINT('',(182.,4.3,20.2333589196206));
#4966=CARTESIAN_POINT('Origin',(181.,4.3,20.2333589196206));
#4967=CARTESIAN_POINT('Origin',(181.,8.3,20.2333589196206));
#4968=CARTESIAN_POINT('Origin',(181.,4.3,-8.76664108037945));
#4969=CARTESIAN_POINT('',(182.,8.3,-8.76664108037945));
#4970=CARTESIAN_POINT('Origin',(181.,8.3,-8.76664108037945));
#4971=CARTESIAN_POINT('',(182.,4.3,-8.76664108037945));
#4972=CARTESIAN_POINT('',(182.,4.3,-8.76664108037945));
#4973=CARTESIAN_POINT('Origin',(181.,4.3,-8.76664108037945));
#4974=CARTESIAN_POINT('Origin',(181.,8.3,-8.76664108037945));
#4975=CARTESIAN_POINT('Origin',(199.,4.3,20.2333589196206));
#4976=CARTESIAN_POINT('',(200.,8.3,20.2333589196206));
#4977=CARTESIAN_POINT('Origin',(199.,8.3,20.2333589196206));
#4978=CARTESIAN_POINT('',(200.,4.3,20.2333589196206));
#4979=CARTESIAN_POINT('',(200.,4.3,20.2333589196206));
#4980=CARTESIAN_POINT('Origin',(199.,4.3,20.2333589196206));
#4981=CARTESIAN_POINT('Origin',(199.,8.3,20.2333589196206));
#4982=CARTESIAN_POINT('Origin',(199.,4.3,-8.76664108037945));
#4983=CARTESIAN_POINT('',(200.,8.3,-8.76664108037945));
#4984=CARTESIAN_POINT('Origin',(199.,8.3,-8.76664108037945));
#4985=CARTESIAN_POINT('',(200.,4.3,-8.76664108037945));
#4986=CARTESIAN_POINT('',(200.,4.3,-8.76664108037945));
#4987=CARTESIAN_POINT('Origin',(199.,4.3,-8.76664108037945));
#4988=CARTESIAN_POINT('Origin',(199.,8.3,-8.76664108037945));
#4989=CARTESIAN_POINT('Origin',(199.,1.5,20.2333589196206));
#4990=CARTESIAN_POINT('',(200.2,4.3,20.2333589196206));
#4991=CARTESIAN_POINT('Origin',(199.,4.3,20.2333589196206));
#4992=CARTESIAN_POINT('',(200.2,1.5,20.2333589196206));
#4993=CARTESIAN_POINT('',(200.2,1.5,20.2333589196206));
#4994=CARTESIAN_POINT('Origin',(199.,1.5,20.2333589196206));
#4995=CARTESIAN_POINT('Origin',(199.,4.3,20.2333589196206));
#4996=CARTESIAN_POINT('Origin',(199.,1.5,-8.76664108037945));
#4997=CARTESIAN_POINT('',(200.2,4.3,-8.76664108037945));
#4998=CARTESIAN_POINT('Origin',(199.,4.3,-8.76664108037945));
#4999=CARTESIAN_POINT('',(200.2,1.5,-8.76664108037945));
#5000=CARTESIAN_POINT('',(200.2,1.5,-8.76664108037945));
#5001=CARTESIAN_POINT('Origin',(199.,1.5,-8.76664108037945));
#5002=CARTESIAN_POINT('Origin',(199.,4.3,-8.76664108037945));
#5003=CARTESIAN_POINT('Origin',(181.,1.5,20.2333589196206));
#5004=CARTESIAN_POINT('',(182.2,4.3,20.2333589196206));
#5005=CARTESIAN_POINT('Origin',(181.,4.3,20.2333589196206));
#5006=CARTESIAN_POINT('',(182.2,1.5,20.2333589196206));
#5007=CARTESIAN_POINT('',(182.2,1.5,20.2333589196206));
#5008=CARTESIAN_POINT('Origin',(181.,1.5,20.2333589196206));
#5009=CARTESIAN_POINT('Origin',(181.,4.3,20.2333589196206));
#5010=CARTESIAN_POINT('Origin',(181.,1.5,-8.76664108037945));
#5011=CARTESIAN_POINT('',(182.2,4.3,-8.76664108037945));
#5012=CARTESIAN_POINT('Origin',(181.,4.3,-8.76664108037945));
#5013=CARTESIAN_POINT('',(182.2,1.5,-8.76664108037945));
#5014=CARTESIAN_POINT('',(182.2,1.5,-8.76664108037945));
#5015=CARTESIAN_POINT('Origin',(181.,1.5,-8.76664108037945));
#5016=CARTESIAN_POINT('Origin',(181.,4.3,-8.76664108037945));
#5017=CARTESIAN_POINT('Origin',(168.999999999998,0.,-26.271641080381));
#5018=CARTESIAN_POINT('',(168.999999999998,0.,37.738358919619));
#5019=CARTESIAN_POINT('',(168.999999999998,0.,-26.271641080381));
#5020=CARTESIAN_POINT('',(168.999999999998,0.,37.738358919619));
#5021=CARTESIAN_POINT('',(168.999999999998,1.5,37.738358919619));
#5022=CARTESIAN_POINT('',(168.999999999998,0.,37.738358919619));
#5023=CARTESIAN_POINT('',(168.999999999998,1.5,-26.271641080381));
#5024=CARTESIAN_POINT('',(168.999999999998,1.5,37.738358919619));
#5025=CARTESIAN_POINT('',(168.999999999998,0.,-26.271641080381));
#5026=CARTESIAN_POINT('Origin',(210.999999999998,0.,-26.271641080381));
#5027=CARTESIAN_POINT('',(210.999999999998,0.,-26.271641080381));
#5028=CARTESIAN_POINT('',(168.999999999998,0.,-26.271641080381));
#5029=CARTESIAN_POINT('',(210.999999999998,1.5,-26.271641080381));
#5030=CARTESIAN_POINT('',(168.999999999998,1.5,-26.271641080381));
#5031=CARTESIAN_POINT('',(210.999999999998,0.,-26.271641080381));
#5032=CARTESIAN_POINT('Origin',(210.999999999998,0.,37.738358919619));
#5033=CARTESIAN_POINT('',(210.999999999998,0.,37.738358919619));
#5034=CARTESIAN_POINT('',(210.999999999998,0.,-26.271641080381));
#5035=CARTESIAN_POINT('',(210.999999999998,1.5,37.738358919619));
#5036=CARTESIAN_POINT('',(210.999999999998,1.5,-26.271641080381));
#5037=CARTESIAN_POINT('',(210.999999999998,0.,37.738358919619));
#5038=CARTESIAN_POINT('Origin',(168.999999999998,0.,37.738358919619));
#5039=CARTESIAN_POINT('',(210.999999999998,0.,37.738358919619));
#5040=CARTESIAN_POINT('',(210.999999999998,1.5,37.738358919619));
#5041=CARTESIAN_POINT('Origin',(189.999999999998,1.5,5.73335891961898));
#5042=CARTESIAN_POINT('Origin',(189.999999999998,0.,5.73335891961898));
#5043=CARTESIAN_POINT('Origin',(168.999999999998,24.3,-11.866641080381));
#5044=CARTESIAN_POINT('',(170.499999999998,33.,-11.866641080381));
#5045=CARTESIAN_POINT('',(170.499999999998,24.3,-11.866641080381));
#5046=CARTESIAN_POINT('',(170.499999999998,12.9,-11.866641080381));
#5047=CARTESIAN_POINT('',(168.999999999998,33.,-11.866641080381));
#5048=CARTESIAN_POINT('',(168.999999999998,33.,-11.866641080381));
#5049=CARTESIAN_POINT('',(168.999999999998,24.3,-11.866641080381));
#5050=CARTESIAN_POINT('',(168.999999999998,12.9,-11.866641080381));
#5051=CARTESIAN_POINT('',(168.999999999998,24.3,-11.866641080381));
#5052=CARTESIAN_POINT('Origin',(168.999999999998,24.3,23.333358919619));
#5053=CARTESIAN_POINT('',(170.499999999998,24.3,23.333358919619));
#5054=CARTESIAN_POINT('',(170.499999999998,24.3,30.535858919619));
#5055=CARTESIAN_POINT('',(168.999999999998,24.3,23.333358919619));
#5056=CARTESIAN_POINT('',(168.999999999998,24.3,-1.46914108038102));
#5057=CARTESIAN_POINT('',(168.999999999998,24.3,23.333358919619));
#5058=CARTESIAN_POINT('Origin',(168.999999999998,33.,23.333358919619));
#5059=CARTESIAN_POINT('',(170.499999999998,33.,23.333358919619));
#5060=CARTESIAN_POINT('',(170.499999999998,17.25,23.333358919619));
#5061=CARTESIAN_POINT('',(168.999999999998,33.,23.333358919619));
#5062=CARTESIAN_POINT('',(168.999999999998,17.25,23.333358919619));
#5063=CARTESIAN_POINT('',(168.999999999998,33.,23.333358919619));
#5064=CARTESIAN_POINT('Origin',(168.999999999998,33.,-11.866641080381));
#5065=CARTESIAN_POINT('',(170.499999999998,33.,12.935858919619));
#5066=CARTESIAN_POINT('',(168.999999999998,33.,-19.069141080381));
#5067=CARTESIAN_POINT('Origin',(168.999999999998,1.5,37.738358919619));
#5068=CARTESIAN_POINT('',(168.999999999998,1.5,37.738358919619));
#5069=CARTESIAN_POINT('',(170.499999999998,1.5,37.738358919619));
#5070=CARTESIAN_POINT('',(168.999999999998,1.5,37.738358919619));
#5071=CARTESIAN_POINT('',(170.499999999998,35.1,37.738358919619));
#5072=CARTESIAN_POINT('',(170.499999999998,1.5,37.738358919619));
#5073=CARTESIAN_POINT('',(168.999999999998,35.1,37.738358919619));
#5074=CARTESIAN_POINT('',(168.999999999998,35.1,37.738358919619));
#5075=CARTESIAN_POINT('',(168.999999999998,1.5,37.738358919619));
#5076=CARTESIAN_POINT('Origin',(168.999999999998,1.5,-26.271641080381));
#5077=CARTESIAN_POINT('',(168.999999999998,1.5,-26.271641080381));
#5078=CARTESIAN_POINT('',(168.999999999998,1.5,-26.271641080381));
#5079=CARTESIAN_POINT('',(168.999999999998,35.1,-26.271641080381));
#5080=CARTESIAN_POINT('',(168.999999999998,35.1,-26.271641080381));
#5081=CARTESIAN_POINT('',(168.999999999998,1.5,-26.271641080381));
#5082=CARTESIAN_POINT('Origin',(170.499999999998,1.5,-26.271641080381));
#5083=CARTESIAN_POINT('',(170.499999999998,1.5,-26.271641080381));
#5084=CARTESIAN_POINT('',(170.499999999998,1.5,-26.271641080381));
#5085=CARTESIAN_POINT('',(170.499999999998,35.1,-26.271641080381));
#5086=CARTESIAN_POINT('',(170.499999999998,35.1,-26.271641080381));
#5087=CARTESIAN_POINT('',(170.499999999998,1.5,-26.271641080381));
#5088=CARTESIAN_POINT('Origin',(170.499999999998,1.5,37.738358919619));
#5089=CARTESIAN_POINT('',(170.499999999998,1.5,36.238358919619));
#5090=CARTESIAN_POINT('',(170.499999999998,35.1,36.238358919619));
#5091=CARTESIAN_POINT('Origin',(169.749999999998,35.1,5.73335891961898));
#5092=CARTESIAN_POINT('Origin',(169.749999999998,1.5,5.73335891961898));
#5093=CARTESIAN_POINT('Origin',(210.999999999998,24.3,23.333358919619));
#5094=CARTESIAN_POINT('',(209.499999999998,33.,23.333358919619));
#5095=CARTESIAN_POINT('',(209.499999999998,24.3,23.333358919619));
#5096=CARTESIAN_POINT('',(209.499999999998,12.9,23.333358919619));
#5097=CARTESIAN_POINT('',(210.999999999998,33.,23.333358919619));
#5098=CARTESIAN_POINT('',(210.999999999998,33.,23.333358919619));
#5099=CARTESIAN_POINT('',(210.999999999998,24.3,23.333358919619));
#5100=CARTESIAN_POINT('',(210.999999999998,12.9,23.333358919619));
#5101=CARTESIAN_POINT('',(210.999999999998,24.3,23.333358919619));
#5102=CARTESIAN_POINT('Origin',(210.999999999998,24.3,-11.866641080381));
#5103=CARTESIAN_POINT('',(209.499999999998,24.3,-11.866641080381));
#5104=CARTESIAN_POINT('',(209.499999999998,24.3,-19.069141080381));
#5105=CARTESIAN_POINT('',(210.999999999998,24.3,-11.866641080381));
#5106=CARTESIAN_POINT('',(210.999999999998,24.3,12.935858919619));
#5107=CARTESIAN_POINT('',(210.999999999998,24.3,-11.866641080381));
#5108=CARTESIAN_POINT('Origin',(210.999999999998,33.,-11.866641080381));
#5109=CARTESIAN_POINT('',(209.499999999998,33.,-11.866641080381));
#5110=CARTESIAN_POINT('',(209.499999999998,17.25,-11.866641080381));
#5111=CARTESIAN_POINT('',(210.999999999998,33.,-11.866641080381));
#5112=CARTESIAN_POINT('',(210.999999999998,17.25,-11.866641080381));
#5113=CARTESIAN_POINT('',(210.999999999998,33.,-11.866641080381));
#5114=CARTESIAN_POINT('Origin',(210.999999999998,33.,23.333358919619));
#5115=CARTESIAN_POINT('',(209.499999999998,33.,-1.46914108038103));
#5116=CARTESIAN_POINT('',(210.999999999998,33.,30.535858919619));
#5117=CARTESIAN_POINT('Origin',(209.499999999998,1.5,37.738358919619));
#5118=CARTESIAN_POINT('',(209.499999999998,1.5,37.738358919619));
#5119=CARTESIAN_POINT('',(210.999999999998,1.5,37.738358919619));
#5120=CARTESIAN_POINT('',(168.999999999998,1.5,37.738358919619));
#5121=CARTESIAN_POINT('',(210.999999999998,35.1,37.738358919619));
#5122=CARTESIAN_POINT('',(210.999999999998,1.5,37.738358919619));
#5123=CARTESIAN_POINT('',(209.499999999998,35.1,37.738358919619));
#5124=CARTESIAN_POINT('',(168.999999999998,35.1,37.738358919619));
#5125=CARTESIAN_POINT('',(209.499999999998,1.5,37.738358919619));
#5126=CARTESIAN_POINT('Origin',(209.499999999998,1.5,-26.271641080381));
#5127=CARTESIAN_POINT('',(209.499999999998,1.5,-26.271641080381));
#5128=CARTESIAN_POINT('',(209.499999999998,1.5,-26.271641080381));
#5129=CARTESIAN_POINT('',(209.499999999998,35.1,-26.271641080381));
#5130=CARTESIAN_POINT('',(209.499999999998,35.1,-26.271641080381));
#5131=CARTESIAN_POINT('',(209.499999999998,1.5,-26.271641080381));
#5132=CARTESIAN_POINT('Origin',(210.999999999998,1.5,-26.271641080381));
#5133=CARTESIAN_POINT('',(210.999999999998,1.5,-26.271641080381));
#5134=CARTESIAN_POINT('',(210.999999999998,1.5,-26.271641080381));
#5135=CARTESIAN_POINT('',(210.999999999998,35.1,-26.271641080381));
#5136=CARTESIAN_POINT('',(210.999999999998,35.1,-26.271641080381));
#5137=CARTESIAN_POINT('',(210.999999999998,1.5,-26.271641080381));
#5138=CARTESIAN_POINT('Origin',(210.999999999998,1.5,37.738358919619));
#5139=CARTESIAN_POINT('',(210.999999999998,1.5,37.8655639654111));
#5140=CARTESIAN_POINT('',(210.999999999998,35.1,37.8655639654111));
#5141=CARTESIAN_POINT('Origin',(210.249999999998,35.1,5.73335891961898));
#5142=CARTESIAN_POINT('Origin',(210.249999999998,1.5,5.73335891961898));
#5143=CARTESIAN_POINT('Origin',(209.499999999998,1.5,36.238358919619));
#5144=CARTESIAN_POINT('',(209.499999999998,1.5,36.238358919619));
#5145=CARTESIAN_POINT('',(170.499999999998,1.5,36.238358919619));
#5146=CARTESIAN_POINT('',(209.499999999998,1.5,36.238358919619));
#5147=CARTESIAN_POINT('',(170.499999999998,35.1,36.238358919619));
#5148=CARTESIAN_POINT('',(170.499999999998,1.5,36.238358919619));
#5149=CARTESIAN_POINT('',(209.499999999998,35.1,36.238358919619));
#5150=CARTESIAN_POINT('',(209.499999999998,35.1,36.238358919619));
#5151=CARTESIAN_POINT('',(209.499999999998,1.5,36.238358919619));
#5152=CARTESIAN_POINT('Origin',(209.499999999998,1.5,37.738358919619));
#5153=CARTESIAN_POINT('',(209.499999999998,1.5,37.738358919619));
#5154=CARTESIAN_POINT('',(209.499999999998,1.5,37.738358919619));
#5155=CARTESIAN_POINT('',(209.499999999998,35.1,37.738358919619));
#5156=CARTESIAN_POINT('',(209.499999999998,35.1,37.738358919619));
#5157=CARTESIAN_POINT('',(209.499999999998,1.5,37.738358919619));
#5158=CARTESIAN_POINT('Origin',(170.499999999998,1.5,37.738358919619));
#5159=CARTESIAN_POINT('',(170.499999999998,1.5,37.738358919619));
#5160=CARTESIAN_POINT('',(170.499999999998,1.5,37.738358919619));
#5161=CARTESIAN_POINT('',(170.499999999998,35.1,37.738358919619));
#5162=CARTESIAN_POINT('',(170.499999999998,35.1,37.738358919619));
#5163=CARTESIAN_POINT('',(170.499999999998,1.5,37.738358919619));
#5164=CARTESIAN_POINT('Origin',(170.499999999998,1.5,36.238358919619));
#5165=CARTESIAN_POINT('',(170.499999999998,1.5,36.238358919619));
#5166=CARTESIAN_POINT('',(170.499999999998,35.1,36.238358919619));
#5167=CARTESIAN_POINT('Origin',(189.999999999998,35.1,36.988358919619));
#5168=CARTESIAN_POINT('Origin',(189.999999999998,1.5,36.988358919619));
#5169=CARTESIAN_POINT('Origin',(170.499999999998,1.5,-26.271641080381));
#5170=CARTESIAN_POINT('',(170.499999999998,1.5,-24.771641080381));
#5171=CARTESIAN_POINT('',(170.499999999998,1.5,-26.271641080381));
#5172=CARTESIAN_POINT('',(170.499999999998,1.5,-24.771641080381));
#5173=CARTESIAN_POINT('',(170.499999999998,35.1,-24.771641080381));
#5174=CARTESIAN_POINT('',(170.499999999998,1.5,-24.771641080381));
#5175=CARTESIAN_POINT('',(170.499999999998,35.1,-26.271641080381));
#5176=CARTESIAN_POINT('',(170.499999999998,35.1,-24.771641080381));
#5177=CARTESIAN_POINT('',(170.499999999998,1.5,-26.271641080381));
#5178=CARTESIAN_POINT('Origin',(209.499999999998,1.5,-26.271641080381));
#5179=CARTESIAN_POINT('',(209.499999999998,1.5,-26.271641080381));
#5180=CARTESIAN_POINT('',(170.499999999998,1.5,-26.271641080381));
#5181=CARTESIAN_POINT('',(209.499999999998,35.1,-26.271641080381));
#5182=CARTESIAN_POINT('',(170.499999999998,35.1,-26.271641080381));
#5183=CARTESIAN_POINT('',(209.499999999998,1.5,-26.271641080381));
#5184=CARTESIAN_POINT('Origin',(209.499999999998,1.5,-24.771641080381));
#5185=CARTESIAN_POINT('',(209.499999999998,1.5,-24.771641080381));
#5186=CARTESIAN_POINT('',(209.499999999998,1.5,-26.271641080381));
#5187=CARTESIAN_POINT('',(209.499999999998,35.1,-24.771641080381));
#5188=CARTESIAN_POINT('',(209.499999999998,35.1,-26.271641080381));
#5189=CARTESIAN_POINT('',(209.499999999998,1.5,-24.771641080381));
#5190=CARTESIAN_POINT('Origin',(170.499999999998,1.5,-24.771641080381));
#5191=CARTESIAN_POINT('',(209.499999999998,1.5,-24.771641080381));
#5192=CARTESIAN_POINT('',(209.499999999998,35.1,-24.771641080381));
#5193=CARTESIAN_POINT('Origin',(189.999999999998,35.1,-25.521641080381));
#5194=CARTESIAN_POINT('Origin',(189.999999999998,1.5,-25.521641080381));
#5195=CARTESIAN_POINT('Origin',(189.999999999998,36.6,5.79696144251505));
#5196=CARTESIAN_POINT('',(193.599999999998,36.6,5.79696144251505));
#5197=CARTESIAN_POINT('Origin',(189.999999999998,36.6,5.79696144251505));
#5198=CARTESIAN_POINT('',(193.599999999998,35.1,5.79696144251505));
#5199=CARTESIAN_POINT('',(193.599999999998,36.6,5.79696144251505));
#5200=CARTESIAN_POINT('Origin',(189.999999999998,35.1,5.79696144251505));
#5201=CARTESIAN_POINT('Origin',(168.999999999998,35.1,-26.271641080381));
#5202=CARTESIAN_POINT('',(168.999999999998,35.1,37.8655639654111));
#5203=CARTESIAN_POINT('',(168.999999999998,35.1,-26.271641080381));
#5204=CARTESIAN_POINT('',(168.999999999998,35.1,37.8655639654111));
#5205=CARTESIAN_POINT('',(168.999999999998,36.6,37.8655639654111));
#5206=CARTESIAN_POINT('',(168.999999999998,35.1,37.8655639654111));
#5207=CARTESIAN_POINT('',(168.999999999998,36.6,-26.271641080381));
#5208=CARTESIAN_POINT('',(168.999999999998,36.6,37.8655639654111));
#5209=CARTESIAN_POINT('',(168.999999999998,35.1,-26.271641080381));
#5210=CARTESIAN_POINT('Origin',(210.999999999998,35.1,-26.271641080381));
#5211=CARTESIAN_POINT('',(210.999999999998,35.1,-26.271641080381));
#5212=CARTESIAN_POINT('',(168.999999999998,35.1,-26.271641080381));
#5213=CARTESIAN_POINT('',(210.999999999998,36.6,-26.271641080381));
#5214=CARTESIAN_POINT('',(168.999999999998,36.6,-26.271641080381));
#5215=CARTESIAN_POINT('',(210.999999999998,35.1,-26.271641080381));
#5216=CARTESIAN_POINT('Origin',(210.999999999998,35.1,37.8655639654111));
#5217=CARTESIAN_POINT('',(210.999999999998,35.1,37.8655639654111));
#5218=CARTESIAN_POINT('',(210.999999999998,35.1,-26.271641080381));
#5219=CARTESIAN_POINT('',(210.999999999998,36.6,37.8655639654111));
#5220=CARTESIAN_POINT('',(210.999999999998,36.6,-26.271641080381));
#5221=CARTESIAN_POINT('',(210.999999999998,35.1,37.8655639654111));
#5222=CARTESIAN_POINT('Origin',(168.999999999998,35.1,37.8655639654111));
#5223=CARTESIAN_POINT('',(210.999999999998,35.1,37.8655639654111));
#5224=CARTESIAN_POINT('',(210.999999999998,36.6,37.8655639654111));
#5225=CARTESIAN_POINT('Origin',(189.999999999998,36.6,5.79696144251504));
#5226=CARTESIAN_POINT('Origin',(189.999999999998,35.1,5.79696144251504));
#5227=CARTESIAN_POINT('',(0.,0.,0.));
#5228=CARTESIAN_POINT('',(0.,0.,0.));
#5229=CARTESIAN_POINT('Origin',(135.7,18.3,-11.9635660147667));
#5230=CARTESIAN_POINT('',(136.7,22.1,-11.9635660147667));
#5231=CARTESIAN_POINT('Origin',(135.7,22.1,-11.9635660147667));
#5232=CARTESIAN_POINT('',(136.7,18.3,-11.9635660147667));
#5233=CARTESIAN_POINT('',(136.7,18.3,-11.9635660147667));
#5234=CARTESIAN_POINT('Origin',(135.7,18.3,-11.9635660147667));
#5235=CARTESIAN_POINT('Origin',(135.7,22.1,-11.9635660147667));
#5236=CARTESIAN_POINT('Origin',(75.7,18.3,-11.9635660147667));
#5237=CARTESIAN_POINT('',(76.7,22.1,-11.9635660147667));
#5238=CARTESIAN_POINT('Origin',(75.7,22.1,-11.9635660147667));
#5239=CARTESIAN_POINT('',(76.7,18.3,-11.9635660147667));
#5240=CARTESIAN_POINT('',(76.7,18.3,-11.9635660147667));
#5241=CARTESIAN_POINT('Origin',(75.7,18.3,-11.9635660147667));
#5242=CARTESIAN_POINT('Origin',(75.7,22.1,-11.9635660147667));
#5243=CARTESIAN_POINT('Origin',(135.7,18.3,42.0464339852333));
#5244=CARTESIAN_POINT('',(136.7,22.1,42.0464339852333));
#5245=CARTESIAN_POINT('Origin',(135.7,22.1,42.0464339852333));
#5246=CARTESIAN_POINT('',(136.7,18.3,42.0464339852333));
#5247=CARTESIAN_POINT('',(136.7,18.3,42.0464339852333));
#5248=CARTESIAN_POINT('Origin',(135.7,18.3,42.0464339852333));
#5249=CARTESIAN_POINT('Origin',(135.7,22.1,42.0464339852333));
#5250=CARTESIAN_POINT('Origin',(75.66,18.3,42.0464339852333));
#5251=CARTESIAN_POINT('',(76.66,22.1,42.0464339852333));
#5252=CARTESIAN_POINT('Origin',(75.66,22.1,42.0464339852333));
#5253=CARTESIAN_POINT('',(76.66,18.3,42.0464339852333));
#5254=CARTESIAN_POINT('',(76.66,18.3,42.0464339852333));
#5255=CARTESIAN_POINT('Origin',(75.66,18.3,42.0464339852333));
#5256=CARTESIAN_POINT('Origin',(75.66,22.1,42.0464339852333));
#5257=CARTESIAN_POINT('Origin',(75.7,0.,-11.9635660147667));
#5258=CARTESIAN_POINT('',(74.5,18.3,-11.9635660147667));
#5259=CARTESIAN_POINT('Origin',(75.7,18.3,-11.9635660147667));
#5260=CARTESIAN_POINT('',(74.5,1.5,-11.9635660147667));
#5261=CARTESIAN_POINT('',(74.5,0.,-11.9635660147667));
#5262=CARTESIAN_POINT('Origin',(75.7,1.5,-11.9635660147667));
#5263=CARTESIAN_POINT('Origin',(75.7,18.3,-11.9635660147667));
#5264=CARTESIAN_POINT('Origin',(75.66,0.,42.0464339852333));
#5265=CARTESIAN_POINT('',(74.46,18.3,42.0464339852333));
#5266=CARTESIAN_POINT('Origin',(75.66,18.3,42.0464339852333));
#5267=CARTESIAN_POINT('',(74.46,1.5,42.0464339852333));
#5268=CARTESIAN_POINT('',(74.46,0.,42.0464339852333));
#5269=CARTESIAN_POINT('Origin',(75.66,1.5,42.0464339852333));
#5270=CARTESIAN_POINT('Origin',(75.66,18.3,42.0464339852333));
#5271=CARTESIAN_POINT('Origin',(135.69999882701,0.,-11.9635648417867));
#5272=CARTESIAN_POINT('',(134.49999882701,18.3,-11.9635648417867));
#5273=CARTESIAN_POINT('Origin',(135.69999882701,18.3,-11.9635648417867));
#5274=CARTESIAN_POINT('',(134.49999882701,1.5,-11.9635648417867));
#5275=CARTESIAN_POINT('',(134.49999882701,0.,-11.9635648417867));
#5276=CARTESIAN_POINT('Origin',(135.69999882701,1.5,-11.9635648417867));
#5277=CARTESIAN_POINT('Origin',(135.69999882701,18.3,-11.9635648417867));
#5278=CARTESIAN_POINT('Origin',(135.7,0.,42.0464339852333));
#5279=CARTESIAN_POINT('',(134.5,18.3,42.0464339852333));
#5280=CARTESIAN_POINT('Origin',(135.7,18.3,42.0464339852333));
#5281=CARTESIAN_POINT('',(134.5,1.5,42.0464339852333));
#5282=CARTESIAN_POINT('',(134.5,0.,42.0464339852333));
#5283=CARTESIAN_POINT('Origin',(135.7,1.5,42.0464339852333));
#5284=CARTESIAN_POINT('Origin',(135.7,18.3,42.0464339852333));
#5285=CARTESIAN_POINT('Origin',(113.899997454137,1.5,4.79999989271164));
#5286=CARTESIAN_POINT('',(113.899997454137,1.5,37.1999991685152));
#5287=CARTESIAN_POINT('',(113.899997454137,1.5,4.79999989271164));
#5288=CARTESIAN_POINT('',(113.899997454137,1.5,9.92071693897074));
#5289=CARTESIAN_POINT('',(113.899997454137,12.5,37.1999991685152));
#5290=CARTESIAN_POINT('',(113.899997454137,1.5,37.1999991685152));
#5291=CARTESIAN_POINT('',(113.899997454137,12.5,4.79999989271164));
#5292=CARTESIAN_POINT('',(113.899997454137,12.5,38.1999998927116));
#5293=CARTESIAN_POINT('',(113.899997454137,1.5,4.79999989271164));
#5294=CARTESIAN_POINT('Origin',(72.7,1.5,4.80000007450581));
#5295=CARTESIAN_POINT('',(72.7,1.5,4.80000007450581));
#5296=CARTESIAN_POINT('',(90.3999999999996,1.5,4.80000007450581));
#5297=CARTESIAN_POINT('',(72.7,12.5,4.80000007450581));
#5298=CARTESIAN_POINT('',(72.7,12.5,4.80000007450581));
#5299=CARTESIAN_POINT('',(72.7,1.5,4.80000007450581));
#5300=CARTESIAN_POINT('Origin',(72.7,1.5,3.80000007450581));
#5301=CARTESIAN_POINT('',(72.7,1.5,3.80000007450581));
#5302=CARTESIAN_POINT('',(72.7,1.5,9.42071702986782));
#5303=CARTESIAN_POINT('',(72.7,12.5,3.8000000745058));
#5304=CARTESIAN_POINT('',(72.7,12.5,3.80000007450581));
#5305=CARTESIAN_POINT('',(72.7,1.5,3.80000007450581));
#5306=CARTESIAN_POINT('Origin',(114.9,1.5,3.80000007450581));
#5307=CARTESIAN_POINT('',(114.9,1.5,3.80000007450581));
#5308=CARTESIAN_POINT('',(111.5,1.5,3.8000000745058));
#5309=CARTESIAN_POINT('',(114.9,12.5,3.8000000745058));
#5310=CARTESIAN_POINT('',(114.9,12.5,3.80000007450581));
#5311=CARTESIAN_POINT('',(114.9,1.5,3.80000007450581));
#5312=CARTESIAN_POINT('Origin',(114.899997454137,1.5,38.1999998927116));
#5313=CARTESIAN_POINT('',(114.899997454137,1.5,38.1999998927116));
#5314=CARTESIAN_POINT('',(114.899997454137,1.5,26.6207169389707));
#5315=CARTESIAN_POINT('',(114.899997454137,12.5,4.79999989271164));
#5316=CARTESIAN_POINT('',(114.9,12.5,4.80000007450581));
#5317=CARTESIAN_POINT('',(114.899997454137,12.5,38.1999998927116));
#5318=CARTESIAN_POINT('',(114.899997454137,12.5,4.79999989271164));
#5319=CARTESIAN_POINT('',(114.899997454137,1.5,38.1999998927116));
#5320=CARTESIAN_POINT('Origin',(77.8999974541366,1.5,38.1999991685152));
#5321=CARTESIAN_POINT('',(77.8999974541366,1.5,38.1999991685152));
#5322=CARTESIAN_POINT('',(92.9999987270679,1.5,38.1999991685152));
#5323=CARTESIAN_POINT('',(77.8999974541366,12.5,38.1999991685152));
#5324=CARTESIAN_POINT('',(77.8999974541366,12.5,38.1999991685152));
#5325=CARTESIAN_POINT('',(77.8999974541366,1.5,38.1999991685152));
#5326=CARTESIAN_POINT('Origin',(77.8999974541366,1.5,37.1999991685152));
#5327=CARTESIAN_POINT('',(77.8999974541366,1.5,37.1999991685152));
#5328=CARTESIAN_POINT('',(77.8999974541366,1.5,26.1207165768725));
#5329=CARTESIAN_POINT('',(77.8999974541366,12.5,37.1999991685152));
#5330=CARTESIAN_POINT('',(77.8999974541366,12.5,37.1999991685152));
#5331=CARTESIAN_POINT('',(77.8999974541366,1.5,37.1999991685152));
#5332=CARTESIAN_POINT('Origin',(113.899997454137,1.5,37.1999991685152));
#5333=CARTESIAN_POINT('',(110.999998727068,1.5,37.1999991685152));
#5334=CARTESIAN_POINT('',(113.899997454137,12.5,37.1999991685152));
#5335=CARTESIAN_POINT('Origin',(93.8000050032412,12.5,20.9999999836087));
#5336=CARTESIAN_POINT('Origin',(71.0000000000001,0.,-16.9635660147668));
#5337=CARTESIAN_POINT('',(71.0000000000001,0.,47.0464339852264));
#5338=CARTESIAN_POINT('',(71.0000000000001,0.,-16.9635660147668));
#5339=CARTESIAN_POINT('',(71.0000000000001,0.,47.0464339852264));
#5340=CARTESIAN_POINT('',(71.0000000000001,1.5,47.0464339852264));
#5341=CARTESIAN_POINT('',(71.0000000000001,0.,47.0464339852264));
#5342=CARTESIAN_POINT('',(71.0000000000001,1.5,-16.9635660147668));
#5343=CARTESIAN_POINT('',(71.0000000000001,1.5,47.0464339852264));
#5344=CARTESIAN_POINT('',(71.0000000000001,0.,-16.9635660147668));
#5345=CARTESIAN_POINT('Origin',(145.199999999998,0.,-16.9635660147668));
#5346=CARTESIAN_POINT('',(145.199999999998,0.,-16.9635660147668));
#5347=CARTESIAN_POINT('',(71.0000000000001,0.,-16.9635660147668));
#5348=CARTESIAN_POINT('',(145.199999999998,1.5,-16.9635660147668));
#5349=CARTESIAN_POINT('',(71.0000000000001,1.5,-16.9635660147668));
#5350=CARTESIAN_POINT('',(145.199999999998,0.,-16.9635660147668));
#5351=CARTESIAN_POINT('Origin',(145.199999999998,0.,47.0464339852264));
#5352=CARTESIAN_POINT('',(145.199999999998,0.,47.0464339852264));
#5353=CARTESIAN_POINT('',(145.199999999998,0.,-16.9635660147668));
#5354=CARTESIAN_POINT('',(145.199999999998,1.5,47.0464339852264));
#5355=CARTESIAN_POINT('',(145.199999999998,1.5,-16.9635660147668));
#5356=CARTESIAN_POINT('',(145.199999999998,0.,47.0464339852264));
#5357=CARTESIAN_POINT('Origin',(71.0000000000001,0.,47.0464339852264));
#5358=CARTESIAN_POINT('',(145.199999999998,0.,47.0464339852264));
#5359=CARTESIAN_POINT('',(145.199999999998,1.5,47.0464339852264));
#5360=CARTESIAN_POINT('Origin',(108.099999999999,1.5,15.0414339852298));
#5361=CARTESIAN_POINT('Origin',(108.099999999999,0.,15.0414339852298));
#5362=CARTESIAN_POINT('Origin',(71.0000000000001,1.5,47.0464339852264));
#5363=CARTESIAN_POINT('',(72.5000000000001,1.5,47.0464339852264));
#5364=CARTESIAN_POINT('',(71.0000000000001,1.5,47.0464339852264));
#5365=CARTESIAN_POINT('',(72.5000000000001,1.5,47.0464339852264));
#5366=CARTESIAN_POINT('',(72.5000000000001,35.1,47.0464339852264));
#5367=CARTESIAN_POINT('',(72.5000000000001,1.5,47.0464339852264));
#5368=CARTESIAN_POINT('',(71.0000000000001,35.1,47.0464339852264));
#5369=CARTESIAN_POINT('',(72.5000000000001,35.1,47.0464339852264));
#5370=CARTESIAN_POINT('',(71.0000000000001,1.5,47.0464339852264));
#5371=CARTESIAN_POINT('Origin',(71.0000000000001,1.5,-16.9635660147668));
#5372=CARTESIAN_POINT('',(71.0000000000001,1.5,-16.9635660147668));
#5373=CARTESIAN_POINT('',(71.0000000000001,1.5,47.0464339852264));
#5374=CARTESIAN_POINT('',(71.0000000000001,35.1,-16.9635660147668));
#5375=CARTESIAN_POINT('',(71.0000000000001,35.1,47.0464339852264));
#5376=CARTESIAN_POINT('',(71.0000000000001,1.5,-16.9635660147668));
#5377=CARTESIAN_POINT('Origin',(72.5000000000001,1.5,-16.9635660147668));
#5378=CARTESIAN_POINT('',(72.5000000000001,1.5,-16.9635660147668));
#5379=CARTESIAN_POINT('',(71.0000000000001,1.5,-16.9635660147668));
#5380=CARTESIAN_POINT('',(72.5000000000001,35.1,-16.9635660147668));
#5381=CARTESIAN_POINT('',(71.0000000000001,35.1,-16.9635660147668));
#5382=CARTESIAN_POINT('',(72.5000000000001,1.5,-16.9635660147668));
#5383=CARTESIAN_POINT('Origin',(72.5000000000001,1.5,47.0464339852264));
#5384=CARTESIAN_POINT('',(72.5000000000001,1.5,47.0464339852264));
#5385=CARTESIAN_POINT('',(72.5000000000001,35.1,47.0464339852264));
#5386=CARTESIAN_POINT('Origin',(71.7500000000001,35.1,15.0414339852298));
#5387=CARTESIAN_POINT('Origin',(71.7500000000001,1.5,15.0414339852298));
#5388=CARTESIAN_POINT('Origin',(145.199999999998,24.3,32.6414339852298));
#5389=CARTESIAN_POINT('',(143.699999999998,33.,32.6414339852298));
#5390=CARTESIAN_POINT('',(143.699999999998,24.3,32.6414339852298));
#5391=CARTESIAN_POINT('',(143.699999999998,12.9,32.6414339852298));
#5392=CARTESIAN_POINT('',(145.199999999998,33.,32.6414339852298));
#5393=CARTESIAN_POINT('',(145.199999999998,33.,32.6414339852298));
#5394=CARTESIAN_POINT('',(145.199999999998,24.3,32.6414339852298));
#5395=CARTESIAN_POINT('',(145.199999999998,12.9,32.6414339852298));
#5396=CARTESIAN_POINT('',(145.199999999998,24.3,32.6414339852298));
#5397=CARTESIAN_POINT('Origin',(145.199999999998,24.3,-2.55856601477015));
#5398=CARTESIAN_POINT('',(143.699999999998,24.3,-2.55856601477015));
#5399=CARTESIAN_POINT('',(143.699999999998,24.3,-9.76106601476845));
#5400=CARTESIAN_POINT('',(145.199999999998,24.3,-2.55856601477015));
#5401=CARTESIAN_POINT('',(145.199999999998,24.3,22.2439339852281));
#5402=CARTESIAN_POINT('',(145.199999999998,24.3,-2.55856601477015));
#5403=CARTESIAN_POINT('Origin',(145.199999999998,33.,-2.55856601477015));
#5404=CARTESIAN_POINT('',(143.699999999998,33.,-2.55856601477015));
#5405=CARTESIAN_POINT('',(143.699999999998,17.25,-2.55856601477015));
#5406=CARTESIAN_POINT('',(145.199999999998,33.,-2.55856601477015));
#5407=CARTESIAN_POINT('',(145.199999999998,17.25,-2.55856601477015));
#5408=CARTESIAN_POINT('',(145.199999999998,33.,-2.55856601477015));
#5409=CARTESIAN_POINT('Origin',(145.199999999998,33.,32.6414339852298));
#5410=CARTESIAN_POINT('',(143.699999999998,33.,7.83893398523154));
#5411=CARTESIAN_POINT('',(145.199999999998,33.,39.8439339852281));
#5412=CARTESIAN_POINT('Origin',(145.199999999998,1.5,-16.9635660147668));
#5413=CARTESIAN_POINT('',(143.699999999998,1.5,-16.9635660147668));
#5414=CARTESIAN_POINT('',(145.199999999998,1.5,-16.9635660147668));
#5415=CARTESIAN_POINT('',(143.699999999998,1.5,-16.9635660147668));
#5416=CARTESIAN_POINT('',(143.699999999998,35.1,-16.9635660147668));
#5417=CARTESIAN_POINT('',(143.699999999998,1.5,-16.9635660147668));
#5418=CARTESIAN_POINT('',(145.199999999998,35.1,-16.9635660147668));
#5419=CARTESIAN_POINT('',(143.699999999998,35.1,-16.9635660147668));
#5420=CARTESIAN_POINT('',(145.199999999998,1.5,-16.9635660147668));
#5421=CARTESIAN_POINT('Origin',(145.199999999998,1.5,47.0464339852264));
#5422=CARTESIAN_POINT('',(145.199999999998,1.5,47.0464339852264));
#5423=CARTESIAN_POINT('',(145.199999999998,1.5,-16.9635660147668));
#5424=CARTESIAN_POINT('',(145.199999999998,35.1,47.0464339852264));
#5425=CARTESIAN_POINT('',(145.199999999998,35.1,-16.9635660147668));
#5426=CARTESIAN_POINT('',(145.199999999998,1.5,47.0464339852264));
#5427=CARTESIAN_POINT('Origin',(143.699999999998,1.5,47.0464339852264));
#5428=CARTESIAN_POINT('',(143.699999999998,1.5,47.0464339852264));
#5429=CARTESIAN_POINT('',(145.199999999998,1.5,47.0464339852264));
#5430=CARTESIAN_POINT('',(143.699999999998,35.1,47.0464339852264));
#5431=CARTESIAN_POINT('',(145.199999999998,35.1,47.0464339852264));
#5432=CARTESIAN_POINT('',(143.699999999998,1.5,47.0464339852264));
#5433=CARTESIAN_POINT('Origin',(143.699999999998,1.5,-16.9635660147668));
#5434=CARTESIAN_POINT('',(143.699999999998,1.5,-15.4635660147668));
#5435=CARTESIAN_POINT('',(143.699999999998,35.1,-15.4635660147668));
#5436=CARTESIAN_POINT('Origin',(144.449999999998,35.1,15.0414339852298));
#5437=CARTESIAN_POINT('Origin',(144.449999999998,1.5,15.0414339852298));
#5438=CARTESIAN_POINT('Origin',(143.699999999998,1.5,47.0464339852264));
#5439=CARTESIAN_POINT('',(143.699999999998,1.5,45.5464339852264));
#5440=CARTESIAN_POINT('',(143.699999999998,1.5,47.0464339852264));
#5441=CARTESIAN_POINT('',(143.699999999998,1.5,45.5464339852264));
#5442=CARTESIAN_POINT('',(143.699999999998,35.1,45.5464339852264));
#5443=CARTESIAN_POINT('',(143.699999999998,1.5,45.5464339852264));
#5444=CARTESIAN_POINT('',(143.699999999998,35.1,47.0464339852264));
#5445=CARTESIAN_POINT('',(143.699999999998,35.1,45.5464339852264));
#5446=CARTESIAN_POINT('',(143.699999999998,1.5,47.0464339852264));
#5447=CARTESIAN_POINT('Origin',(72.5000000000001,1.5,47.0464339852264));
#5448=CARTESIAN_POINT('',(72.5000000000001,1.5,47.0464339852264));
#5449=CARTESIAN_POINT('',(143.699999999998,1.5,47.0464339852264));
#5450=CARTESIAN_POINT('',(72.5000000000001,35.1,47.0464339852264));
#5451=CARTESIAN_POINT('',(143.699999999998,35.1,47.0464339852264));
#5452=CARTESIAN_POINT('',(72.5000000000001,1.5,47.0464339852264));
#5453=CARTESIAN_POINT('Origin',(72.5000000000001,1.5,45.5464339852264));
#5454=CARTESIAN_POINT('',(72.5000000000001,1.5,45.5464339852264));
#5455=CARTESIAN_POINT('',(72.5000000000001,1.5,47.0464339852264));
#5456=CARTESIAN_POINT('',(72.5000000000001,35.1,45.5464339852264));
#5457=CARTESIAN_POINT('',(72.5000000000001,35.1,47.0464339852264));
#5458=CARTESIAN_POINT('',(72.5000000000001,1.5,45.5464339852264));
#5459=CARTESIAN_POINT('Origin',(143.699999999998,1.5,45.5464339852264));
#5460=CARTESIAN_POINT('',(72.5000000000001,1.5,45.5464339852264));
#5461=CARTESIAN_POINT('',(72.5000000000001,35.1,45.5464339852264));
#5462=CARTESIAN_POINT('Origin',(108.099999999999,35.1,46.2964339852264));
#5463=CARTESIAN_POINT('Origin',(108.099999999999,1.5,46.2964339852264));
#5464=CARTESIAN_POINT('Origin',(72.5000000000001,1.5,-15.4635660147668));
#5465=CARTESIAN_POINT('',(72.5000000000001,1.5,-15.4635660147668));
#5466=CARTESIAN_POINT('',(143.699999999998,1.5,-15.4635660147668));
#5467=CARTESIAN_POINT('',(72.5000000000001,1.5,-15.4635660147668));
#5468=CARTESIAN_POINT('',(143.699999999998,35.1,-15.4635660147668));
#5469=CARTESIAN_POINT('',(143.699999999998,1.5,-15.4635660147668));
#5470=CARTESIAN_POINT('',(72.5000000000001,35.1,-15.4635660147668));
#5471=CARTESIAN_POINT('',(72.5000000000001,35.1,-15.4635660147668));
#5472=CARTESIAN_POINT('',(72.5000000000001,1.5,-15.4635660147668));
#5473=CARTESIAN_POINT('Origin',(72.5000000000001,1.5,-16.9635660147668));
#5474=CARTESIAN_POINT('',(72.5000000000001,1.5,-16.9635660147668));
#5475=CARTESIAN_POINT('',(72.5000000000001,1.5,-16.9635660147668));
#5476=CARTESIAN_POINT('',(72.5000000000001,35.1,-16.9635660147668));
#5477=CARTESIAN_POINT('',(72.5000000000001,35.1,-16.9635660147668));
#5478=CARTESIAN_POINT('',(72.5000000000001,1.5,-16.9635660147668));
#5479=CARTESIAN_POINT('Origin',(143.699999999998,1.5,-16.9635660147668));
#5480=CARTESIAN_POINT('',(143.699999999998,1.5,-16.9635660147668));
#5481=CARTESIAN_POINT('',(143.699999999998,1.5,-16.9635660147668));
#5482=CARTESIAN_POINT('',(143.699999999998,35.1,-16.9635660147668));
#5483=CARTESIAN_POINT('',(143.699999999998,35.1,-16.9635660147668));
#5484=CARTESIAN_POINT('',(143.699999999998,1.5,-16.9635660147668));
#5485=CARTESIAN_POINT('Origin',(143.699999999998,1.5,-15.4635660147668));
#5486=CARTESIAN_POINT('',(143.699999999998,1.5,-15.4635660147668));
#5487=CARTESIAN_POINT('',(143.699999999998,35.1,-15.4635660147668));
#5488=CARTESIAN_POINT('Origin',(108.099999999999,35.1,-16.2135660147668));
#5489=CARTESIAN_POINT('Origin',(108.099999999999,1.5,-16.2135660147668));
#5490=CARTESIAN_POINT('Origin',(124.199999999998,36.6,15.0414339852298));
#5491=CARTESIAN_POINT('',(127.799999999998,36.6,15.0414339852298));
#5492=CARTESIAN_POINT('Origin',(124.199999999998,36.6,15.0414339852298));
#5493=CARTESIAN_POINT('',(127.799999999998,35.1,15.0414339852298));
#5494=CARTESIAN_POINT('',(127.799999999998,36.6,15.0414339852298));
#5495=CARTESIAN_POINT('Origin',(124.199999999998,35.1,15.0414339852298));
#5496=CARTESIAN_POINT('Origin',(75.7,22.3,-11.9635660147667));
#5497=CARTESIAN_POINT('',(74.6,20.5,-11.9635660147667));
#5498=CARTESIAN_POINT('Origin',(75.7,20.5,-11.9635660147667));
#5499=CARTESIAN_POINT('',(74.6,22.3,-11.9635660147667));
#5500=CARTESIAN_POINT('',(74.6,22.3,-11.9635660147667));
#5501=CARTESIAN_POINT('Origin',(75.7,22.3,-11.9635660147667));
#5502=CARTESIAN_POINT('Origin',(75.7,20.5,-11.9635660147667));
#5503=CARTESIAN_POINT('',(74.5,20.5,-11.9635660147667));
#5504=CARTESIAN_POINT('Origin',(75.7,20.5,-11.9635660147667));
#5505=CARTESIAN_POINT('Origin',(75.66,22.3,42.0464339852333));
#5506=CARTESIAN_POINT('',(74.56,20.5,42.0464339852333));
#5507=CARTESIAN_POINT('Origin',(75.66,20.5,42.0464339852333));
#5508=CARTESIAN_POINT('',(74.56,22.3,42.0464339852333));
#5509=CARTESIAN_POINT('',(74.56,22.3,42.0464339852333));
#5510=CARTESIAN_POINT('Origin',(75.66,22.3,42.0464339852333));
#5511=CARTESIAN_POINT('Origin',(75.66,20.5,42.0464339852333));
#5512=CARTESIAN_POINT('',(74.46,20.5,42.0464339852333));
#5513=CARTESIAN_POINT('Origin',(75.66,20.5,42.0464339852333));
#5514=CARTESIAN_POINT('Origin',(135.7,22.3,-11.9635660147667));
#5515=CARTESIAN_POINT('',(134.6,20.5,-11.9635660147667));
#5516=CARTESIAN_POINT('Origin',(135.7,20.5,-11.9635660147667));
#5517=CARTESIAN_POINT('',(134.6,22.3,-11.9635660147667));
#5518=CARTESIAN_POINT('',(134.6,22.3,-11.9635660147667));
#5519=CARTESIAN_POINT('Origin',(135.7,22.3,-11.9635660147667));
#5520=CARTESIAN_POINT('Origin',(135.7,20.5,-11.9635660147667));
#5521=CARTESIAN_POINT('',(134.5,20.5,-11.9635660147667));
#5522=CARTESIAN_POINT('Origin',(135.7,20.5,-11.9635660147667));
#5523=CARTESIAN_POINT('Origin',(135.7,22.3,42.0464339852333));
#5524=CARTESIAN_POINT('',(134.6,20.5,42.0464339852333));
#5525=CARTESIAN_POINT('Origin',(135.7,20.5,42.0464339852333));
#5526=CARTESIAN_POINT('',(134.6,22.3,42.0464339852333));
#5527=CARTESIAN_POINT('',(134.6,22.3,42.0464339852333));
#5528=CARTESIAN_POINT('Origin',(135.7,22.3,42.0464339852333));
#5529=CARTESIAN_POINT('Origin',(135.7,20.5,42.0464339852333));
#5530=CARTESIAN_POINT('',(134.5,20.5,42.0464339852333));
#5531=CARTESIAN_POINT('Origin',(135.7,20.5,42.0464339852333));
#5532=CARTESIAN_POINT('Origin',(75.66,35.1,42.0464339852333));
#5533=CARTESIAN_POINT('',(74.46,35.1,42.0464339852333));
#5534=CARTESIAN_POINT('',(74.46,35.1,42.0464339852333));
#5535=CARTESIAN_POINT('Origin',(75.66,35.1,42.0464339852333));
#5536=CARTESIAN_POINT('Origin',(75.66,22.3,42.0464339852333));
#5537=CARTESIAN_POINT('Origin',(75.7,35.1,-11.9635660147667));
#5538=CARTESIAN_POINT('',(74.5,35.1,-11.9635660147667));
#5539=CARTESIAN_POINT('',(74.5,35.1,-11.9635660147667));
#5540=CARTESIAN_POINT('Origin',(75.7,35.1,-11.9635660147667));
#5541=CARTESIAN_POINT('Origin',(75.7,22.3,-11.9635660147667));
#5542=CARTESIAN_POINT('Origin',(135.7,35.1,42.0464339852333));
#5543=CARTESIAN_POINT('',(134.5,35.1,42.0464339852333));
#5544=CARTESIAN_POINT('',(134.5,35.1,42.0464339852333));
#5545=CARTESIAN_POINT('Origin',(135.7,35.1,42.0464339852333));
#5546=CARTESIAN_POINT('Origin',(135.7,22.3,42.0464339852333));
#5547=CARTESIAN_POINT('Origin',(135.7,35.1,-11.9635660147667));
#5548=CARTESIAN_POINT('',(134.5,35.1,-11.9635660147667));
#5549=CARTESIAN_POINT('',(134.5,35.1,-11.9635660147667));
#5550=CARTESIAN_POINT('Origin',(135.7,35.1,-11.9635660147667));
#5551=CARTESIAN_POINT('Origin',(135.7,22.3,-11.9635660147667));
#5552=CARTESIAN_POINT('Origin',(71.0000000000001,35.1,47.0464339852264));
#5553=CARTESIAN_POINT('',(71.0000000000001,35.1,47.0464339852264));
#5554=CARTESIAN_POINT('',(145.199999999998,35.1,47.0464339852264));
#5555=CARTESIAN_POINT('',(71.0000000000001,35.1,47.0464339852264));
#5556=CARTESIAN_POINT('',(145.199999999998,36.6,47.0464339852264));
#5557=CARTESIAN_POINT('',(145.199999999998,35.1,47.0464339852264));
#5558=CARTESIAN_POINT('',(71.0000000000001,36.6,47.0464339852264));
#5559=CARTESIAN_POINT('',(71.0000000000001,36.6,47.0464339852264));
#5560=CARTESIAN_POINT('',(71.0000000000001,35.1,47.0464339852264));
#5561=CARTESIAN_POINT('Origin',(71.0000000000001,35.1,-16.9635660147668));
#5562=CARTESIAN_POINT('',(71.0000000000001,35.1,-16.9635660147668));
#5563=CARTESIAN_POINT('',(71.0000000000001,35.1,-16.9635660147668));
#5564=CARTESIAN_POINT('',(71.0000000000001,36.6,-16.9635660147668));
#5565=CARTESIAN_POINT('',(71.0000000000001,36.6,-16.9635660147668));
#5566=CARTESIAN_POINT('',(71.0000000000001,35.1,-16.9635660147668));
#5567=CARTESIAN_POINT('Origin',(145.199999999998,35.1,-16.9635660147668));
#5568=CARTESIAN_POINT('',(145.199999999998,35.1,-16.9635660147668));
#5569=CARTESIAN_POINT('',(145.199999999998,35.1,-16.9635660147668));
#5570=CARTESIAN_POINT('',(145.199999999998,36.6,-16.9635660147668));
#5571=CARTESIAN_POINT('',(145.199999999998,36.6,-16.9635660147668));
#5572=CARTESIAN_POINT('',(145.199999999998,35.1,-16.9635660147668));
#5573=CARTESIAN_POINT('Origin',(145.199999999998,35.1,47.0464339852264));
#5574=CARTESIAN_POINT('',(145.199999999998,35.1,47.0464339852264));
#5575=CARTESIAN_POINT('',(145.199999999998,36.6,47.0464339852264));
#5576=CARTESIAN_POINT('Origin',(108.099999999999,36.6,15.0414339852298));
#5577=CARTESIAN_POINT('Origin',(108.099999999999,35.1,15.0414339852298));
#5578=CARTESIAN_POINT('',(0.,0.,0.));
#5579=CARTESIAN_POINT('Origin',(199.,6.92786684036255,1.98335891962061));
#5580=CARTESIAN_POINT('',(198.25,6.92786684036255,-8.10520325261327));
#5581=CARTESIAN_POINT('Ctrl Pts',(198.25,6.92786684036255,-8.10520325261327));
#5582=CARTESIAN_POINT('Ctrl Pts',(198.25,6.97822853340022,-8.10520325261327));
#5583=CARTESIAN_POINT('Ctrl Pts',(198.255127083249,7.02877253089528,-8.09926336448212));
#5584=CARTESIAN_POINT('Ctrl Pts',(198.275233812783,7.12722923482301,-8.07749335397946));
#5585=CARTESIAN_POINT('Ctrl Pts',(198.290217791866,7.17515258523068,-8.06171540441763));
#5586=CARTESIAN_POINT('Ctrl Pts',(198.348078138207,7.31161454078901,-8.00648215587303));
#5587=CARTESIAN_POINT('Ctrl Pts',(198.40453514312,7.39306215526225,-7.95959444831206));
#5588=CARTESIAN_POINT('Ctrl Pts',(198.533434702855,7.52196171499727,-7.87896219980098));
#5589=CARTESIAN_POINT('Ctrl Pts',(198.615044111118,7.5792383425697,-7.83870999327579));
#5590=CARTESIAN_POINT('Ctrl Pts',(198.79892686735,7.65728134109824,-7.78235617917976));
#5591=CARTESIAN_POINT('Ctrl Pts',(198.901395132936,7.67786684036255,-7.76664108037943));
#5592=CARTESIAN_POINT('Ctrl Pts',(199.098604867064,7.67786684036255,-7.76664108037943));
#5593=CARTESIAN_POINT('Ctrl Pts',(199.20107313265,7.65728134109824,-7.78235617917976));
#5594=CARTESIAN_POINT('Ctrl Pts',(199.384955888882,7.5792383425697,-7.83870999327579));
#5595=CARTESIAN_POINT('Ctrl Pts',(199.466565297145,7.52196171499727,-7.87896219980098));
#5596=CARTESIAN_POINT('Ctrl Pts',(199.59546485688,7.39306215526225,-7.95959444831206));
#5597=CARTESIAN_POINT('Ctrl Pts',(199.651921861793,7.31161454078902,-8.00648215587303));
#5598=CARTESIAN_POINT('Ctrl Pts',(199.709782208134,7.17515258523068,-8.06171540441764));
#5599=CARTESIAN_POINT('Ctrl Pts',(199.724766187217,7.12722923482301,-8.07749335397946));
#5600=CARTESIAN_POINT('Ctrl Pts',(199.744872916751,7.02877253089528,-8.09926336448212));
#5601=CARTESIAN_POINT('Ctrl Pts',(199.75,6.97822853340022,-8.10520325261327));
#5602=CARTESIAN_POINT('Ctrl Pts',(199.75,6.87750514732487,-8.10520325261327));
#5603=CARTESIAN_POINT('Ctrl Pts',(199.744872916751,6.82696114982982,-8.0992633644821));
#5604=CARTESIAN_POINT('Ctrl Pts',(199.724766187217,6.72850444590209,-8.07749335397944));
#5605=CARTESIAN_POINT('Ctrl Pts',(199.709782208134,6.68058109549441,-8.06171540441764));
#5606=CARTESIAN_POINT('Ctrl Pts',(199.651921861793,6.54411913993608,-8.00648215587303));
#5607=CARTESIAN_POINT('Ctrl Pts',(199.59546485688,6.46267152546285,-7.95959444831206));
#5608=CARTESIAN_POINT('Ctrl Pts',(199.466565297145,6.33377196572783,-7.87896219980098));
#5609=CARTESIAN_POINT('Ctrl Pts',(199.384955888882,6.2764953381554,-7.83870999327579));
#5610=CARTESIAN_POINT('Ctrl Pts',(199.20107313265,6.19845233962686,-7.78235617917976));
#5611=CARTESIAN_POINT('Ctrl Pts',(199.098604867064,6.17786684036255,-7.76664108037943));
#5612=CARTESIAN_POINT('Ctrl Pts',(198.901395132936,6.17786684036255,-7.76664108037943));
#5613=CARTESIAN_POINT('Ctrl Pts',(198.79892686735,6.19845233962686,-7.78235617917976));
#5614=CARTESIAN_POINT('Ctrl Pts',(198.615044111118,6.2764953381554,-7.83870999327579));
#5615=CARTESIAN_POINT('Ctrl Pts',(198.533434702855,6.33377196572783,-7.87896219980098));
#5616=CARTESIAN_POINT('Ctrl Pts',(198.40453514312,6.46267152546285,-7.95959444831206));
#5617=CARTESIAN_POINT('Ctrl Pts',(198.348078138207,6.54411913993608,-8.00648215587303));
#5618=CARTESIAN_POINT('Ctrl Pts',(198.290217791866,6.68058109549441,-8.06171540441763));
#5619=CARTESIAN_POINT('Ctrl Pts',(198.275233812783,6.72850444590209,-8.07749335397946));
#5620=CARTESIAN_POINT('Ctrl Pts',(198.255127083249,6.82696114982981,-8.09926336448212));
#5621=CARTESIAN_POINT('Ctrl Pts',(198.25,6.87750514732488,-8.10520325261327));
#5622=CARTESIAN_POINT('Ctrl Pts',(198.25,6.92786684036255,-8.10520325261327));
#5623=CARTESIAN_POINT('',(198.25,6.92786684036255,-9.42807890814563));
#5624=CARTESIAN_POINT('',(198.25,6.92786684036255,1.98335891962061));
#5625=CARTESIAN_POINT('Ctrl Pts',(198.25,6.92786684036255,-9.42807890814563));
#5626=CARTESIAN_POINT('Ctrl Pts',(198.25,6.87750514732488,-9.42807890814563));
#5627=CARTESIAN_POINT('Ctrl Pts',(198.255127083249,6.82696114982981,-9.43401879627677));
#5628=CARTESIAN_POINT('Ctrl Pts',(198.275233812783,6.72850444590209,-9.45578880677944));
#5629=CARTESIAN_POINT('Ctrl Pts',(198.290217791866,6.68058109549441,-9.47156675634126));
#5630=CARTESIAN_POINT('Ctrl Pts',(198.348078138207,6.54411913993608,-9.52680000488586));
#5631=CARTESIAN_POINT('Ctrl Pts',(198.40453514312,6.46267152546285,-9.57368771244683));
#5632=CARTESIAN_POINT('Ctrl Pts',(198.533434702855,6.33377196572783,-9.65431996095792));
#5633=CARTESIAN_POINT('Ctrl Pts',(198.615044111118,6.2764953381554,-9.69457216748311));
#5634=CARTESIAN_POINT('Ctrl Pts',(198.79892686735,6.19845233962686,-9.75092598157913));
#5635=CARTESIAN_POINT('Ctrl Pts',(198.901395132936,6.17786684036255,-9.76664108037946));
#5636=CARTESIAN_POINT('Ctrl Pts',(199.098604867064,6.17786684036255,-9.76664108037946));
#5637=CARTESIAN_POINT('Ctrl Pts',(199.20107313265,6.19845233962686,-9.75092598157913));
#5638=CARTESIAN_POINT('Ctrl Pts',(199.384955888882,6.2764953381554,-9.69457216748311));
#5639=CARTESIAN_POINT('Ctrl Pts',(199.466565297145,6.33377196572783,-9.65431996095792));
#5640=CARTESIAN_POINT('Ctrl Pts',(199.59546485688,6.46267152546285,-9.57368771244683));
#5641=CARTESIAN_POINT('Ctrl Pts',(199.651921861793,6.54411913993608,-9.52680000488586));
#5642=CARTESIAN_POINT('Ctrl Pts',(199.709782208134,6.68058109549441,-9.47156675634126));
#5643=CARTESIAN_POINT('Ctrl Pts',(199.724766187217,6.72850444590209,-9.45578880677944));
#5644=CARTESIAN_POINT('Ctrl Pts',(199.744872916751,6.82696114982981,-9.43401879627677));
#5645=CARTESIAN_POINT('Ctrl Pts',(199.75,6.87750514732488,-9.42807890814562));
#5646=CARTESIAN_POINT('Ctrl Pts',(199.75,6.97822853340022,-9.42807890814562));
#5647=CARTESIAN_POINT('Ctrl Pts',(199.744872916751,7.02877253089528,-9.43401879627679));
#5648=CARTESIAN_POINT('Ctrl Pts',(199.724766187217,7.12722923482301,-9.45578880677945));
#5649=CARTESIAN_POINT('Ctrl Pts',(199.709782208134,7.17515258523068,-9.47156675634126));
#5650=CARTESIAN_POINT('Ctrl Pts',(199.651921861793,7.31161454078902,-9.52680000488586));
#5651=CARTESIAN_POINT('Ctrl Pts',(199.59546485688,7.39306215526225,-9.57368771244683));
#5652=CARTESIAN_POINT('Ctrl Pts',(199.466565297145,7.52196171499727,-9.65431996095792));
#5653=CARTESIAN_POINT('Ctrl Pts',(199.384955888882,7.5792383425697,-9.69457216748311));
#5654=CARTESIAN_POINT('Ctrl Pts',(199.20107313265,7.65728134109824,-9.75092598157913));
#5655=CARTESIAN_POINT('Ctrl Pts',(199.098604867064,7.67786684036255,-9.76664108037946));
#5656=CARTESIAN_POINT('Ctrl Pts',(198.901395132936,7.67786684036255,-9.76664108037946));
#5657=CARTESIAN_POINT('Ctrl Pts',(198.79892686735,7.65728134109824,-9.75092598157913));
#5658=CARTESIAN_POINT('Ctrl Pts',(198.615044111118,7.5792383425697,-9.69457216748311));
#5659=CARTESIAN_POINT('Ctrl Pts',(198.533434702855,7.52196171499727,-9.65431996095792));
#5660=CARTESIAN_POINT('Ctrl Pts',(198.40453514312,7.39306215526225,-9.57368771244683));
#5661=CARTESIAN_POINT('Ctrl Pts',(198.348078138207,7.31161454078901,-9.52680000488586));
#5662=CARTESIAN_POINT('Ctrl Pts',(198.290217791866,7.17515258523068,-9.47156675634126));
#5663=CARTESIAN_POINT('Ctrl Pts',(198.275233812783,7.12722923482301,-9.45578880677944));
#5664=CARTESIAN_POINT('Ctrl Pts',(198.255127083249,7.02877253089528,-9.43401879627677));
#5665=CARTESIAN_POINT('Ctrl Pts',(198.25,6.97822853340022,-9.42807890814563));
#5666=CARTESIAN_POINT('Ctrl Pts',(198.25,6.92786684036255,-9.42807890814563));
#5667=CARTESIAN_POINT('Origin',(199.,6.92786684036255,1.98335891962061));
#5668=CARTESIAN_POINT('',(199.,7.67786684036255,21.2333589196206));
#5669=CARTESIAN_POINT('',(199.,6.17786684036255,21.2333589196206));
#5670=CARTESIAN_POINT('Ctrl Pts',(199.,7.67786684036255,21.2333589196206));
#5671=CARTESIAN_POINT('Ctrl Pts',(199.098604867064,7.67786684036255,21.2333589196206));
#5672=CARTESIAN_POINT('Ctrl Pts',(199.20107313265,7.65728134109824,21.2176438208203));
#5673=CARTESIAN_POINT('Ctrl Pts',(199.384955888882,7.5792383425697,21.1612900067243));
#5674=CARTESIAN_POINT('Ctrl Pts',(199.466565297145,7.52196171499727,21.1210378001991));
#5675=CARTESIAN_POINT('Ctrl Pts',(199.59546485688,7.39306215526225,21.040405551688));
#5676=CARTESIAN_POINT('Ctrl Pts',(199.651921861793,7.31161454078901,20.993517844127));
#5677=CARTESIAN_POINT('Ctrl Pts',(199.709782208134,7.17515258523068,20.9382845955824));
#5678=CARTESIAN_POINT('Ctrl Pts',(199.724766187217,7.12722923482301,20.9225066460206));
#5679=CARTESIAN_POINT('Ctrl Pts',(199.744872916751,7.02877253089528,20.9007366355179));
#5680=CARTESIAN_POINT('Ctrl Pts',(199.75,6.97822853340022,20.8947967473868));
#5681=CARTESIAN_POINT('Ctrl Pts',(199.75,6.87750514732488,20.8947967473868));
#5682=CARTESIAN_POINT('Ctrl Pts',(199.744872916751,6.82696114982981,20.9007366355179));
#5683=CARTESIAN_POINT('Ctrl Pts',(199.724766187217,6.72850444590209,20.9225066460206));
#5684=CARTESIAN_POINT('Ctrl Pts',(199.709782208134,6.68058109549441,20.9382845955824));
#5685=CARTESIAN_POINT('Ctrl Pts',(199.651921861793,6.54411913993608,20.993517844127));
#5686=CARTESIAN_POINT('Ctrl Pts',(199.59546485688,6.46267152546285,21.040405551688));
#5687=CARTESIAN_POINT('Ctrl Pts',(199.466565297145,6.33377196572783,21.1210378001991));
#5688=CARTESIAN_POINT('Ctrl Pts',(199.384955888882,6.2764953381554,21.1612900067243));
#5689=CARTESIAN_POINT('Ctrl Pts',(199.20107313265,6.19845233962686,21.2176438208203));
#5690=CARTESIAN_POINT('Ctrl Pts',(199.098604867064,6.17786684036255,21.2333589196206));
#5691=CARTESIAN_POINT('Ctrl Pts',(199.,6.17786684036255,21.2333589196206));
#5692=CARTESIAN_POINT('',(198.25,6.92786684036255,20.8947967473868));
#5693=CARTESIAN_POINT('Ctrl Pts',(198.25,6.92786684036255,20.8947967473868));
#5694=CARTESIAN_POINT('Ctrl Pts',(198.25,6.97822853340022,20.8947967473868));
#5695=CARTESIAN_POINT('Ctrl Pts',(198.255127083249,7.02877253089528,20.9007366355179));
#5696=CARTESIAN_POINT('Ctrl Pts',(198.275233812783,7.12722923482301,20.9225066460206));
#5697=CARTESIAN_POINT('Ctrl Pts',(198.290217791866,7.17515258523068,20.9382845955824));
#5698=CARTESIAN_POINT('Ctrl Pts',(198.348078138207,7.31161454078901,20.993517844127));
#5699=CARTESIAN_POINT('Ctrl Pts',(198.40453514312,7.39306215526225,21.040405551688));
#5700=CARTESIAN_POINT('Ctrl Pts',(198.533434702855,7.52196171499727,21.1210378001991));
#5701=CARTESIAN_POINT('Ctrl Pts',(198.615044111118,7.5792383425697,21.1612900067243));
#5702=CARTESIAN_POINT('Ctrl Pts',(198.79892686735,7.65728134109824,21.2176438208203));
#5703=CARTESIAN_POINT('Ctrl Pts',(198.901395132936,7.67786684036255,21.2333589196206));
#5704=CARTESIAN_POINT('Ctrl Pts',(199.,7.67786684036255,21.2333589196206));
#5705=CARTESIAN_POINT('',(198.25,6.92786684036255,19.5719210918544));
#5706=CARTESIAN_POINT('',(198.25,6.92786684036255,1.98335891962061));
#5707=CARTESIAN_POINT('Ctrl Pts',(198.25,6.92786684036255,19.5719210918544));
#5708=CARTESIAN_POINT('Ctrl Pts',(198.25,6.87750514732488,19.5719210918544));
#5709=CARTESIAN_POINT('Ctrl Pts',(198.255127083249,6.82696114982981,19.5659812037233));
#5710=CARTESIAN_POINT('Ctrl Pts',(198.275233812783,6.72850444590209,19.5442111932206));
#5711=CARTESIAN_POINT('Ctrl Pts',(198.290217791866,6.68058109549441,19.5284332436588));
#5712=CARTESIAN_POINT('Ctrl Pts',(198.348078138207,6.54411913993608,19.4731999951142));
#5713=CARTESIAN_POINT('Ctrl Pts',(198.40453514312,6.46267152546285,19.4263122875532));
#5714=CARTESIAN_POINT('Ctrl Pts',(198.533434702855,6.33377196572783,19.3456800390421));
#5715=CARTESIAN_POINT('Ctrl Pts',(198.615044111118,6.2764953381554,19.3054278325169));
#5716=CARTESIAN_POINT('Ctrl Pts',(198.79892686735,6.19845233962686,19.2490740184209));
#5717=CARTESIAN_POINT('Ctrl Pts',(198.901395132936,6.17786684036255,19.2333589196206));
#5718=CARTESIAN_POINT('Ctrl Pts',(199.098604867064,6.17786684036255,19.2333589196206));
#5719=CARTESIAN_POINT('Ctrl Pts',(199.20107313265,6.19845233962686,19.2490740184209));
#5720=CARTESIAN_POINT('Ctrl Pts',(199.384955888882,6.2764953381554,19.3054278325169));
#5721=CARTESIAN_POINT('Ctrl Pts',(199.466565297145,6.33377196572783,19.3456800390421));
#5722=CARTESIAN_POINT('Ctrl Pts',(199.59546485688,6.46267152546285,19.4263122875532));
#5723=CARTESIAN_POINT('Ctrl Pts',(199.651921861793,6.54411913993608,19.4731999951142));
#5724=CARTESIAN_POINT('Ctrl Pts',(199.709782208134,6.68058109549441,19.5284332436588));
#5725=CARTESIAN_POINT('Ctrl Pts',(199.724766187217,6.72850444590209,19.5442111932206));
#5726=CARTESIAN_POINT('Ctrl Pts',(199.744872916751,6.82696114982981,19.5659812037233));
#5727=CARTESIAN_POINT('Ctrl Pts',(199.75,6.87750514732488,19.5719210918544));
#5728=CARTESIAN_POINT('Ctrl Pts',(199.75,6.97822853340022,19.5719210918544));
#5729=CARTESIAN_POINT('Ctrl Pts',(199.744872916751,7.02877253089528,19.5659812037233));
#5730=CARTESIAN_POINT('Ctrl Pts',(199.724766187217,7.12722923482301,19.5442111932206));
#5731=CARTESIAN_POINT('Ctrl Pts',(199.709782208134,7.17515258523068,19.5284332436588));
#5732=CARTESIAN_POINT('Ctrl Pts',(199.651921861793,7.31161454078901,19.4731999951142));
#5733=CARTESIAN_POINT('Ctrl Pts',(199.59546485688,7.39306215526225,19.4263122875532));
#5734=CARTESIAN_POINT('Ctrl Pts',(199.466565297145,7.52196171499727,19.3456800390421));
#5735=CARTESIAN_POINT('Ctrl Pts',(199.384955888882,7.5792383425697,19.3054278325169));
#5736=CARTESIAN_POINT('Ctrl Pts',(199.20107313265,7.65728134109824,19.2490740184209));
#5737=CARTESIAN_POINT('Ctrl Pts',(199.098604867064,7.67786684036255,19.2333589196206));
#5738=CARTESIAN_POINT('Ctrl Pts',(198.901395132936,7.67786684036255,19.2333589196206));
#5739=CARTESIAN_POINT('Ctrl Pts',(198.79892686735,7.65728134109824,19.2490740184209));
#5740=CARTESIAN_POINT('Ctrl Pts',(198.615044111118,7.5792383425697,19.3054278325169));
#5741=CARTESIAN_POINT('Ctrl Pts',(198.533434702855,7.52196171499727,19.3456800390421));
#5742=CARTESIAN_POINT('Ctrl Pts',(198.40453514312,7.39306215526225,19.4263122875532));
#5743=CARTESIAN_POINT('Ctrl Pts',(198.348078138207,7.31161454078902,19.4731999951142));
#5744=CARTESIAN_POINT('Ctrl Pts',(198.290217791866,7.17515258523069,19.5284332436588));
#5745=CARTESIAN_POINT('Ctrl Pts',(198.275233812783,7.12722923482301,19.5442111932206));
#5746=CARTESIAN_POINT('Ctrl Pts',(198.255127083249,7.02877253089528,19.5659812037233));
#5747=CARTESIAN_POINT('Ctrl Pts',(198.25,6.97822853340022,19.5719210918544));
#5748=CARTESIAN_POINT('Ctrl Pts',(198.25,6.92786684036255,19.5719210918544));
#5749=CARTESIAN_POINT('Ctrl Pts',(199.,6.17786684036255,21.2333589196206));
#5750=CARTESIAN_POINT('Ctrl Pts',(198.901395132936,6.17786684036255,21.2333589196206));
#5751=CARTESIAN_POINT('Ctrl Pts',(198.79892686735,6.19845233962686,21.2176438208203));
#5752=CARTESIAN_POINT('Ctrl Pts',(198.615044111118,6.2764953381554,21.1612900067243));
#5753=CARTESIAN_POINT('Ctrl Pts',(198.533434702855,6.33377196572783,21.1210378001991));
#5754=CARTESIAN_POINT('Ctrl Pts',(198.40453514312,6.46267152546285,21.040405551688));
#5755=CARTESIAN_POINT('Ctrl Pts',(198.348078138207,6.54411913993608,20.993517844127));
#5756=CARTESIAN_POINT('Ctrl Pts',(198.290217791866,6.68058109549441,20.9382845955824));
#5757=CARTESIAN_POINT('Ctrl Pts',(198.275233812783,6.72850444590209,20.9225066460206));
#5758=CARTESIAN_POINT('Ctrl Pts',(198.255127083249,6.82696114982981,20.9007366355179));
#5759=CARTESIAN_POINT('Ctrl Pts',(198.25,6.87750514732488,20.8947967473868));
#5760=CARTESIAN_POINT('Ctrl Pts',(198.25,6.92786684036255,20.8947967473868));
#5761=CARTESIAN_POINT('Origin',(181.,6.92718281745911,2.73335891962057));
#5762=CARTESIAN_POINT('',(180.25,6.92718281745911,-8.10520325261327));
#5763=CARTESIAN_POINT('Ctrl Pts',(180.25,6.92718281745911,-8.10520325261327));
#5764=CARTESIAN_POINT('Ctrl Pts',(180.25,6.97754451049678,-8.10520325261327));
#5765=CARTESIAN_POINT('Ctrl Pts',(180.255127083249,7.02808850799184,-8.09926336448212));
#5766=CARTESIAN_POINT('Ctrl Pts',(180.275233812783,7.12654521191957,-8.07749335397946));
#5767=CARTESIAN_POINT('Ctrl Pts',(180.290217791866,7.17446856232724,-8.06171540441764));
#5768=CARTESIAN_POINT('Ctrl Pts',(180.348078138207,7.31093051788557,-8.00648215587303));
#5769=CARTESIAN_POINT('Ctrl Pts',(180.40453514312,7.3923781323588,-7.95959444831206));
#5770=CARTESIAN_POINT('Ctrl Pts',(180.533434702855,7.52127769209382,-7.87896219980098));
#5771=CARTESIAN_POINT('Ctrl Pts',(180.615044111118,7.57855431966626,-7.83870999327579));
#5772=CARTESIAN_POINT('Ctrl Pts',(180.79892686735,7.65659731819479,-7.78235617917976));
#5773=CARTESIAN_POINT('Ctrl Pts',(180.901395132936,7.67718281745911,-7.76664108037943));
#5774=CARTESIAN_POINT('Ctrl Pts',(181.098604867064,7.67718281745911,-7.76664108037943));
#5775=CARTESIAN_POINT('Ctrl Pts',(181.20107313265,7.65659731819479,-7.78235617917976));
#5776=CARTESIAN_POINT('Ctrl Pts',(181.384955888882,7.57855431966626,-7.83870999327579));
#5777=CARTESIAN_POINT('Ctrl Pts',(181.466565297145,7.52127769209382,-7.87896219980098));
#5778=CARTESIAN_POINT('Ctrl Pts',(181.59546485688,7.3923781323588,-7.95959444831206));
#5779=CARTESIAN_POINT('Ctrl Pts',(181.651921861793,7.31093051788557,-8.00648215587303));
#5780=CARTESIAN_POINT('Ctrl Pts',(181.709782208134,7.17446856232724,-8.06171540441764));
#5781=CARTESIAN_POINT('Ctrl Pts',(181.724766187217,7.12654521191957,-8.07749335397946));
#5782=CARTESIAN_POINT('Ctrl Pts',(181.744872916751,7.02808850799184,-8.09926336448212));
#5783=CARTESIAN_POINT('Ctrl Pts',(181.75,6.97754451049678,-8.10520325261327));
#5784=CARTESIAN_POINT('Ctrl Pts',(181.75,6.87682112442143,-8.10520325261327));
#5785=CARTESIAN_POINT('Ctrl Pts',(181.744872916751,6.82627712692638,-8.0992633644821));
#5786=CARTESIAN_POINT('Ctrl Pts',(181.724766187217,6.72782042299865,-8.07749335397944));
#5787=CARTESIAN_POINT('Ctrl Pts',(181.709782208134,6.67989707259097,-8.06171540441763));
#5788=CARTESIAN_POINT('Ctrl Pts',(181.651921861793,6.54343511703264,-8.00648215587303));
#5789=CARTESIAN_POINT('Ctrl Pts',(181.59546485688,6.46198750255941,-7.95959444831206));
#5790=CARTESIAN_POINT('Ctrl Pts',(181.466565297145,6.33308794282439,-7.87896219980098));
#5791=CARTESIAN_POINT('Ctrl Pts',(181.384955888882,6.27581131525195,-7.83870999327579));
#5792=CARTESIAN_POINT('Ctrl Pts',(181.20107313265,6.19776831672342,-7.78235617917976));
#5793=CARTESIAN_POINT('Ctrl Pts',(181.098604867064,6.17718281745911,-7.76664108037943));
#5794=CARTESIAN_POINT('Ctrl Pts',(180.901395132936,6.17718281745911,-7.76664108037943));
#5795=CARTESIAN_POINT('Ctrl Pts',(180.79892686735,6.19776831672342,-7.78235617917976));
#5796=CARTESIAN_POINT('Ctrl Pts',(180.615044111118,6.27581131525195,-7.83870999327579));
#5797=CARTESIAN_POINT('Ctrl Pts',(180.533434702855,6.33308794282439,-7.87896219980098));
#5798=CARTESIAN_POINT('Ctrl Pts',(180.40453514312,6.46198750255941,-7.95959444831206));
#5799=CARTESIAN_POINT('Ctrl Pts',(180.348078138207,6.54343511703264,-8.00648215587303));
#5800=CARTESIAN_POINT('Ctrl Pts',(180.290217791866,6.67989707259097,-8.06171540441764));
#5801=CARTESIAN_POINT('Ctrl Pts',(180.275233812783,6.72782042299865,-8.07749335397946));
#5802=CARTESIAN_POINT('Ctrl Pts',(180.255127083249,6.82627712692637,-8.09926336448212));
#5803=CARTESIAN_POINT('Ctrl Pts',(180.25,6.87682112442143,-8.10520325261327));
#5804=CARTESIAN_POINT('Ctrl Pts',(180.25,6.92718281745911,-8.10520325261327));
#5805=CARTESIAN_POINT('',(180.25,6.92718281745911,-9.42807890814563));
#5806=CARTESIAN_POINT('',(180.25,6.92718281745911,2.73335891962057));
#5807=CARTESIAN_POINT('Ctrl Pts',(180.25,6.92718281745911,-9.42807890814563));
#5808=CARTESIAN_POINT('Ctrl Pts',(180.25,6.87682112442143,-9.42807890814563));
#5809=CARTESIAN_POINT('Ctrl Pts',(180.255127083249,6.82627712692637,-9.43401879627677));
#5810=CARTESIAN_POINT('Ctrl Pts',(180.275233812783,6.72782042299865,-9.45578880677944));
#5811=CARTESIAN_POINT('Ctrl Pts',(180.290217791866,6.67989707259097,-9.47156675634126));
#5812=CARTESIAN_POINT('Ctrl Pts',(180.348078138207,6.54343511703264,-9.52680000488587));
#5813=CARTESIAN_POINT('Ctrl Pts',(180.40453514312,6.46198750255941,-9.57368771244683));
#5814=CARTESIAN_POINT('Ctrl Pts',(180.533434702855,6.33308794282439,-9.65431996095792));
#5815=CARTESIAN_POINT('Ctrl Pts',(180.615044111118,6.27581131525195,-9.69457216748311));
#5816=CARTESIAN_POINT('Ctrl Pts',(180.79892686735,6.19776831672342,-9.75092598157913));
#5817=CARTESIAN_POINT('Ctrl Pts',(180.901395132936,6.17718281745911,-9.76664108037946));
#5818=CARTESIAN_POINT('Ctrl Pts',(181.098604867064,6.17718281745911,-9.76664108037946));
#5819=CARTESIAN_POINT('Ctrl Pts',(181.20107313265,6.19776831672342,-9.75092598157913));
#5820=CARTESIAN_POINT('Ctrl Pts',(181.384955888882,6.27581131525195,-9.69457216748311));
#5821=CARTESIAN_POINT('Ctrl Pts',(181.466565297145,6.33308794282439,-9.65431996095792));
#5822=CARTESIAN_POINT('Ctrl Pts',(181.59546485688,6.46198750255941,-9.57368771244683));
#5823=CARTESIAN_POINT('Ctrl Pts',(181.651921861793,6.54343511703264,-9.52680000488587));
#5824=CARTESIAN_POINT('Ctrl Pts',(181.709782208134,6.67989707259097,-9.47156675634126));
#5825=CARTESIAN_POINT('Ctrl Pts',(181.724766187217,6.72782042299864,-9.45578880677944));
#5826=CARTESIAN_POINT('Ctrl Pts',(181.744872916751,6.82627712692637,-9.43401879627677));
#5827=CARTESIAN_POINT('Ctrl Pts',(181.75,6.87682112442143,-9.42807890814562));
#5828=CARTESIAN_POINT('Ctrl Pts',(181.75,6.97754451049678,-9.42807890814562));
#5829=CARTESIAN_POINT('Ctrl Pts',(181.744872916751,7.02808850799184,-9.43401879627679));
#5830=CARTESIAN_POINT('Ctrl Pts',(181.724766187217,7.12654521191956,-9.45578880677945));
#5831=CARTESIAN_POINT('Ctrl Pts',(181.709782208134,7.17446856232724,-9.47156675634126));
#5832=CARTESIAN_POINT('Ctrl Pts',(181.651921861793,7.31093051788557,-9.52680000488587));
#5833=CARTESIAN_POINT('Ctrl Pts',(181.59546485688,7.3923781323588,-9.57368771244683));
#5834=CARTESIAN_POINT('Ctrl Pts',(181.466565297145,7.52127769209382,-9.65431996095792));
#5835=CARTESIAN_POINT('Ctrl Pts',(181.384955888882,7.57855431966626,-9.69457216748311));
#5836=CARTESIAN_POINT('Ctrl Pts',(181.20107313265,7.65659731819479,-9.75092598157913));
#5837=CARTESIAN_POINT('Ctrl Pts',(181.098604867064,7.67718281745911,-9.76664108037946));
#5838=CARTESIAN_POINT('Ctrl Pts',(180.901395132936,7.67718281745911,-9.76664108037946));
#5839=CARTESIAN_POINT('Ctrl Pts',(180.79892686735,7.65659731819479,-9.75092598157913));
#5840=CARTESIAN_POINT('Ctrl Pts',(180.615044111118,7.57855431966626,-9.69457216748311));
#5841=CARTESIAN_POINT('Ctrl Pts',(180.533434702855,7.52127769209382,-9.65431996095792));
#5842=CARTESIAN_POINT('Ctrl Pts',(180.40453514312,7.3923781323588,-9.57368771244683));
#5843=CARTESIAN_POINT('Ctrl Pts',(180.348078138207,7.31093051788557,-9.52680000488587));
#5844=CARTESIAN_POINT('Ctrl Pts',(180.290217791866,7.17446856232724,-9.47156675634126));
#5845=CARTESIAN_POINT('Ctrl Pts',(180.275233812783,7.12654521191957,-9.45578880677944));
#5846=CARTESIAN_POINT('Ctrl Pts',(180.255127083249,7.02808850799184,-9.43401879627677));
#5847=CARTESIAN_POINT('Ctrl Pts',(180.25,6.97754451049678,-9.42807890814563));
#5848=CARTESIAN_POINT('Ctrl Pts',(180.25,6.92718281745911,-9.42807890814563));
#5849=CARTESIAN_POINT('Origin',(181.,6.92718281745911,2.73335891962057));
#5850=CARTESIAN_POINT('',(181.,7.67718281745911,21.2333589196206));
#5851=CARTESIAN_POINT('',(181.,6.17718281745911,21.2333589196206));
#5852=CARTESIAN_POINT('Ctrl Pts',(181.,7.67718281745911,21.2333589196206));
#5853=CARTESIAN_POINT('Ctrl Pts',(181.098604867064,7.67718281745911,21.2333589196206));
#5854=CARTESIAN_POINT('Ctrl Pts',(181.20107313265,7.65659731819479,21.2176438208202));
#5855=CARTESIAN_POINT('Ctrl Pts',(181.384955888882,7.57855431966626,21.1612900067242));
#5856=CARTESIAN_POINT('Ctrl Pts',(181.466565297145,7.52127769209382,21.121037800199));
#5857=CARTESIAN_POINT('Ctrl Pts',(181.59546485688,7.3923781323588,21.0404055516879));
#5858=CARTESIAN_POINT('Ctrl Pts',(181.651921861793,7.31093051788557,20.993517844127));
#5859=CARTESIAN_POINT('Ctrl Pts',(181.709782208134,7.17446856232725,20.9382845955824));
#5860=CARTESIAN_POINT('Ctrl Pts',(181.724766187217,7.12654521191957,20.9225066460205));
#5861=CARTESIAN_POINT('Ctrl Pts',(181.744872916751,7.02808850799184,20.9007366355179));
#5862=CARTESIAN_POINT('Ctrl Pts',(181.75,6.97754451049678,20.8947967473867));
#5863=CARTESIAN_POINT('Ctrl Pts',(181.75,6.87682112442143,20.8947967473867));
#5864=CARTESIAN_POINT('Ctrl Pts',(181.744872916751,6.82627712692637,20.9007366355179));
#5865=CARTESIAN_POINT('Ctrl Pts',(181.724766187217,6.72782042299864,20.9225066460205));
#5866=CARTESIAN_POINT('Ctrl Pts',(181.709782208134,6.67989707259097,20.9382845955824));
#5867=CARTESIAN_POINT('Ctrl Pts',(181.651921861793,6.54343511703264,20.993517844127));
#5868=CARTESIAN_POINT('Ctrl Pts',(181.59546485688,6.46198750255941,21.0404055516879));
#5869=CARTESIAN_POINT('Ctrl Pts',(181.466565297145,6.33308794282439,21.121037800199));
#5870=CARTESIAN_POINT('Ctrl Pts',(181.384955888882,6.27581131525195,21.1612900067242));
#5871=CARTESIAN_POINT('Ctrl Pts',(181.20107313265,6.19776831672342,21.2176438208202));
#5872=CARTESIAN_POINT('Ctrl Pts',(181.098604867064,6.17718281745911,21.2333589196206));
#5873=CARTESIAN_POINT('Ctrl Pts',(181.,6.17718281745911,21.2333589196206));
#5874=CARTESIAN_POINT('',(180.25,6.92718281745911,20.8947967473867));
#5875=CARTESIAN_POINT('Ctrl Pts',(180.25,6.92718281745911,20.8947967473867));
#5876=CARTESIAN_POINT('Ctrl Pts',(180.25,6.97754451049678,20.8947967473867));
#5877=CARTESIAN_POINT('Ctrl Pts',(180.255127083249,7.02808850799184,20.9007366355179));
#5878=CARTESIAN_POINT('Ctrl Pts',(180.275233812783,7.12654521191957,20.9225066460205));
#5879=CARTESIAN_POINT('Ctrl Pts',(180.290217791866,7.17446856232725,20.9382845955824));
#5880=CARTESIAN_POINT('Ctrl Pts',(180.348078138207,7.31093051788557,20.993517844127));
#5881=CARTESIAN_POINT('Ctrl Pts',(180.40453514312,7.3923781323588,21.0404055516879));
#5882=CARTESIAN_POINT('Ctrl Pts',(180.533434702855,7.52127769209382,21.121037800199));
#5883=CARTESIAN_POINT('Ctrl Pts',(180.615044111118,7.57855431966626,21.1612900067242));
#5884=CARTESIAN_POINT('Ctrl Pts',(180.79892686735,7.65659731819479,21.2176438208202));
#5885=CARTESIAN_POINT('Ctrl Pts',(180.901395132936,7.67718281745911,21.2333589196206));
#5886=CARTESIAN_POINT('Ctrl Pts',(181.,7.67718281745911,21.2333589196206));
#5887=CARTESIAN_POINT('',(180.25,6.92718281745911,19.5719210918545));
#5888=CARTESIAN_POINT('',(180.25,6.92718281745911,2.73335891962057));
#5889=CARTESIAN_POINT('Ctrl Pts',(180.25,6.92718281745911,19.5719210918545));
#5890=CARTESIAN_POINT('Ctrl Pts',(180.25,6.87682112442143,19.5719210918545));
#5891=CARTESIAN_POINT('Ctrl Pts',(180.255127083249,6.82627712692637,19.5659812037233));
#5892=CARTESIAN_POINT('Ctrl Pts',(180.275233812783,6.72782042299864,19.5442111932207));
#5893=CARTESIAN_POINT('Ctrl Pts',(180.290217791866,6.67989707259097,19.5284332436588));
#5894=CARTESIAN_POINT('Ctrl Pts',(180.348078138207,6.54343511703264,19.4731999951142));
#5895=CARTESIAN_POINT('Ctrl Pts',(180.40453514312,6.46198750255941,19.4263122875533));
#5896=CARTESIAN_POINT('Ctrl Pts',(180.533434702855,6.33308794282439,19.3456800390422));
#5897=CARTESIAN_POINT('Ctrl Pts',(180.615044111118,6.27581131525195,19.305427832517));
#5898=CARTESIAN_POINT('Ctrl Pts',(180.79892686735,6.19776831672342,19.2490740184209));
#5899=CARTESIAN_POINT('Ctrl Pts',(180.901395132936,6.17718281745911,19.2333589196206));
#5900=CARTESIAN_POINT('Ctrl Pts',(181.098604867064,6.17718281745911,19.2333589196206));
#5901=CARTESIAN_POINT('Ctrl Pts',(181.20107313265,6.19776831672342,19.2490740184209));
#5902=CARTESIAN_POINT('Ctrl Pts',(181.384955888882,6.27581131525195,19.305427832517));
#5903=CARTESIAN_POINT('Ctrl Pts',(181.466565297145,6.33308794282439,19.3456800390422));
#5904=CARTESIAN_POINT('Ctrl Pts',(181.59546485688,6.46198750255941,19.4263122875533));
#5905=CARTESIAN_POINT('Ctrl Pts',(181.651921861793,6.54343511703264,19.4731999951142));
#5906=CARTESIAN_POINT('Ctrl Pts',(181.709782208134,6.67989707259097,19.5284332436588));
#5907=CARTESIAN_POINT('Ctrl Pts',(181.724766187217,6.72782042299864,19.5442111932207));
#5908=CARTESIAN_POINT('Ctrl Pts',(181.744872916751,6.82627712692637,19.5659812037233));
#5909=CARTESIAN_POINT('Ctrl Pts',(181.75,6.87682112442143,19.5719210918545));
#5910=CARTESIAN_POINT('Ctrl Pts',(181.75,6.97754451049678,19.5719210918545));
#5911=CARTESIAN_POINT('Ctrl Pts',(181.744872916751,7.02808850799184,19.5659812037233));
#5912=CARTESIAN_POINT('Ctrl Pts',(181.724766187217,7.12654521191956,19.5442111932206));
#5913=CARTESIAN_POINT('Ctrl Pts',(181.709782208134,7.17446856232724,19.5284332436588));
#5914=CARTESIAN_POINT('Ctrl Pts',(181.651921861793,7.31093051788558,19.4731999951142));
#5915=CARTESIAN_POINT('Ctrl Pts',(181.59546485688,7.3923781323588,19.4263122875533));
#5916=CARTESIAN_POINT('Ctrl Pts',(181.466565297145,7.52127769209382,19.3456800390422));
#5917=CARTESIAN_POINT('Ctrl Pts',(181.384955888882,7.57855431966626,19.305427832517));
#5918=CARTESIAN_POINT('Ctrl Pts',(181.20107313265,7.65659731819479,19.2490740184209));
#5919=CARTESIAN_POINT('Ctrl Pts',(181.098604867064,7.67718281745911,19.2333589196206));
#5920=CARTESIAN_POINT('Ctrl Pts',(180.901395132936,7.67718281745911,19.2333589196206));
#5921=CARTESIAN_POINT('Ctrl Pts',(180.79892686735,7.65659731819479,19.2490740184209));
#5922=CARTESIAN_POINT('Ctrl Pts',(180.615044111118,7.57855431966626,19.305427832517));
#5923=CARTESIAN_POINT('Ctrl Pts',(180.533434702855,7.52127769209382,19.3456800390422));
#5924=CARTESIAN_POINT('Ctrl Pts',(180.40453514312,7.3923781323588,19.4263122875533));
#5925=CARTESIAN_POINT('Ctrl Pts',(180.348078138207,7.31093051788557,19.4731999951142));
#5926=CARTESIAN_POINT('Ctrl Pts',(180.290217791866,7.17446856232725,19.5284332436588));
#5927=CARTESIAN_POINT('Ctrl Pts',(180.275233812783,7.12654521191957,19.5442111932207));
#5928=CARTESIAN_POINT('Ctrl Pts',(180.255127083249,7.02808850799184,19.5659812037233));
#5929=CARTESIAN_POINT('Ctrl Pts',(180.25,6.97754451049678,19.5719210918545));
#5930=CARTESIAN_POINT('Ctrl Pts',(180.25,6.92718281745911,19.5719210918545));
#5931=CARTESIAN_POINT('Ctrl Pts',(181.,6.17718281745911,21.2333589196206));
#5932=CARTESIAN_POINT('Ctrl Pts',(180.901395132936,6.17718281745911,21.2333589196206));
#5933=CARTESIAN_POINT('Ctrl Pts',(180.79892686735,6.19776831672342,21.2176438208202));
#5934=CARTESIAN_POINT('Ctrl Pts',(180.615044111118,6.27581131525195,21.1612900067242));
#5935=CARTESIAN_POINT('Ctrl Pts',(180.533434702855,6.33308794282439,21.121037800199));
#5936=CARTESIAN_POINT('Ctrl Pts',(180.40453514312,6.46198750255941,21.0404055516879));
#5937=CARTESIAN_POINT('Ctrl Pts',(180.348078138207,6.54343511703264,20.993517844127));
#5938=CARTESIAN_POINT('Ctrl Pts',(180.290217791866,6.67989707259097,20.9382845955824));
#5939=CARTESIAN_POINT('Ctrl Pts',(180.275233812783,6.72782042299865,20.9225066460205));
#5940=CARTESIAN_POINT('Ctrl Pts',(180.255127083249,6.82627712692637,20.9007366355178));
#5941=CARTESIAN_POINT('Ctrl Pts',(180.25,6.87682112442143,20.8947967473867));
#5942=CARTESIAN_POINT('Ctrl Pts',(180.25,6.92718281745911,20.8947967473867));
#5943=CARTESIAN_POINT('Origin',(181.,4.3,20.2333589196206));
#5944=CARTESIAN_POINT('',(182.,8.3,20.2333589196206));
#5945=CARTESIAN_POINT('Origin',(181.,8.3,20.2333589196206));
#5946=CARTESIAN_POINT('',(182.,4.3,20.2333589196206));
#5947=CARTESIAN_POINT('',(182.,4.3,20.2333589196206));
#5948=CARTESIAN_POINT('Origin',(181.,4.3,20.2333589196206));
#5949=CARTESIAN_POINT('Origin',(181.,8.3,20.2333589196206));
#5950=CARTESIAN_POINT('Origin',(181.,4.3,-8.76664108037945));
#5951=CARTESIAN_POINT('',(182.,8.3,-8.76664108037945));
#5952=CARTESIAN_POINT('Origin',(181.,8.3,-8.76664108037945));
#5953=CARTESIAN_POINT('',(182.,4.3,-8.76664108037945));
#5954=CARTESIAN_POINT('',(182.,4.3,-8.76664108037945));
#5955=CARTESIAN_POINT('Origin',(181.,4.3,-8.76664108037945));
#5956=CARTESIAN_POINT('Origin',(181.,8.3,-8.76664108037945));
#5957=CARTESIAN_POINT('Origin',(199.,4.3,20.2333589196206));
#5958=CARTESIAN_POINT('',(200.,8.3,20.2333589196206));
#5959=CARTESIAN_POINT('Origin',(199.,8.3,20.2333589196206));
#5960=CARTESIAN_POINT('',(200.,4.3,20.2333589196206));
#5961=CARTESIAN_POINT('',(200.,4.3,20.2333589196206));
#5962=CARTESIAN_POINT('Origin',(199.,4.3,20.2333589196206));
#5963=CARTESIAN_POINT('Origin',(199.,8.3,20.2333589196206));
#5964=CARTESIAN_POINT('Origin',(199.,4.3,-8.76664108037945));
#5965=CARTESIAN_POINT('',(200.,8.3,-8.76664108037945));
#5966=CARTESIAN_POINT('Origin',(199.,8.3,-8.76664108037945));
#5967=CARTESIAN_POINT('',(200.,4.3,-8.76664108037945));
#5968=CARTESIAN_POINT('',(200.,4.3,-8.76664108037945));
#5969=CARTESIAN_POINT('Origin',(199.,4.3,-8.76664108037945));
#5970=CARTESIAN_POINT('Origin',(199.,8.3,-8.76664108037945));
#5971=CARTESIAN_POINT('Origin',(199.,1.5,20.2333589196206));
#5972=CARTESIAN_POINT('',(200.2,4.3,20.2333589196206));
#5973=CARTESIAN_POINT('Origin',(199.,4.3,20.2333589196206));
#5974=CARTESIAN_POINT('',(200.2,1.5,20.2333589196206));
#5975=CARTESIAN_POINT('',(200.2,1.5,20.2333589196206));
#5976=CARTESIAN_POINT('Origin',(199.,1.5,20.2333589196206));
#5977=CARTESIAN_POINT('Origin',(199.,4.3,20.2333589196206));
#5978=CARTESIAN_POINT('Origin',(199.,1.5,-8.76664108037945));
#5979=CARTESIAN_POINT('',(200.2,4.3,-8.76664108037945));
#5980=CARTESIAN_POINT('Origin',(199.,4.3,-8.76664108037945));
#5981=CARTESIAN_POINT('',(200.2,1.5,-8.76664108037945));
#5982=CARTESIAN_POINT('',(200.2,1.5,-8.76664108037945));
#5983=CARTESIAN_POINT('Origin',(199.,1.5,-8.76664108037945));
#5984=CARTESIAN_POINT('Origin',(199.,4.3,-8.76664108037945));
#5985=CARTESIAN_POINT('Origin',(181.,1.5,20.2333589196206));
#5986=CARTESIAN_POINT('',(182.2,4.3,20.2333589196206));
#5987=CARTESIAN_POINT('Origin',(181.,4.3,20.2333589196206));
#5988=CARTESIAN_POINT('',(182.2,1.5,20.2333589196206));
#5989=CARTESIAN_POINT('',(182.2,1.5,20.2333589196206));
#5990=CARTESIAN_POINT('Origin',(181.,1.5,20.2333589196206));
#5991=CARTESIAN_POINT('Origin',(181.,4.3,20.2333589196206));
#5992=CARTESIAN_POINT('Origin',(181.,1.5,-8.76664108037945));
#5993=CARTESIAN_POINT('',(182.2,4.3,-8.76664108037945));
#5994=CARTESIAN_POINT('Origin',(181.,4.3,-8.76664108037945));
#5995=CARTESIAN_POINT('',(182.2,1.5,-8.76664108037945));
#5996=CARTESIAN_POINT('',(182.2,1.5,-8.76664108037945));
#5997=CARTESIAN_POINT('Origin',(181.,1.5,-8.76664108037945));
#5998=CARTESIAN_POINT('Origin',(181.,4.3,-8.76664108037945));
#5999=CARTESIAN_POINT('Origin',(168.999999999998,0.,-26.271641080381));
#6000=CARTESIAN_POINT('',(168.999999999998,0.,37.738358919619));
#6001=CARTESIAN_POINT('',(168.999999999998,0.,-26.271641080381));
#6002=CARTESIAN_POINT('',(168.999999999998,0.,37.738358919619));
#6003=CARTESIAN_POINT('',(168.999999999998,1.5,37.738358919619));
#6004=CARTESIAN_POINT('',(168.999999999998,0.,37.738358919619));
#6005=CARTESIAN_POINT('',(168.999999999998,1.5,-26.271641080381));
#6006=CARTESIAN_POINT('',(168.999999999998,1.5,37.738358919619));
#6007=CARTESIAN_POINT('',(168.999999999998,0.,-26.271641080381));
#6008=CARTESIAN_POINT('Origin',(210.999999999998,0.,-26.271641080381));
#6009=CARTESIAN_POINT('',(210.999999999998,0.,-26.271641080381));
#6010=CARTESIAN_POINT('',(168.999999999998,0.,-26.271641080381));
#6011=CARTESIAN_POINT('',(210.999999999998,1.5,-26.271641080381));
#6012=CARTESIAN_POINT('',(168.999999999998,1.5,-26.271641080381));
#6013=CARTESIAN_POINT('',(210.999999999998,0.,-26.271641080381));
#6014=CARTESIAN_POINT('Origin',(210.999999999998,0.,37.738358919619));
#6015=CARTESIAN_POINT('',(210.999999999998,0.,37.738358919619));
#6016=CARTESIAN_POINT('',(210.999999999998,0.,-26.271641080381));
#6017=CARTESIAN_POINT('',(210.999999999998,1.5,37.738358919619));
#6018=CARTESIAN_POINT('',(210.999999999998,1.5,-26.271641080381));
#6019=CARTESIAN_POINT('',(210.999999999998,0.,37.738358919619));
#6020=CARTESIAN_POINT('Origin',(168.999999999998,0.,37.738358919619));
#6021=CARTESIAN_POINT('',(210.999999999998,0.,37.738358919619));
#6022=CARTESIAN_POINT('',(210.999999999998,1.5,37.738358919619));
#6023=CARTESIAN_POINT('Origin',(189.999999999998,1.5,5.73335891961898));
#6024=CARTESIAN_POINT('Origin',(189.999999999998,0.,5.73335891961898));
#6025=CARTESIAN_POINT('Origin',(168.999999999998,24.3,-11.866641080381));
#6026=CARTESIAN_POINT('',(170.499999999998,33.,-11.866641080381));
#6027=CARTESIAN_POINT('',(170.499999999998,24.3,-11.866641080381));
#6028=CARTESIAN_POINT('',(170.499999999998,12.9,-11.866641080381));
#6029=CARTESIAN_POINT('',(168.999999999998,33.,-11.866641080381));
#6030=CARTESIAN_POINT('',(168.999999999998,33.,-11.866641080381));
#6031=CARTESIAN_POINT('',(168.999999999998,24.3,-11.866641080381));
#6032=CARTESIAN_POINT('',(168.999999999998,12.9,-11.866641080381));
#6033=CARTESIAN_POINT('',(168.999999999998,24.3,-11.866641080381));
#6034=CARTESIAN_POINT('Origin',(168.999999999998,24.3,23.333358919619));
#6035=CARTESIAN_POINT('',(170.499999999998,24.3,23.333358919619));
#6036=CARTESIAN_POINT('',(170.499999999998,24.3,30.535858919619));
#6037=CARTESIAN_POINT('',(168.999999999998,24.3,23.333358919619));
#6038=CARTESIAN_POINT('',(168.999999999998,24.3,-1.46914108038102));
#6039=CARTESIAN_POINT('',(168.999999999998,24.3,23.333358919619));
#6040=CARTESIAN_POINT('Origin',(168.999999999998,33.,23.333358919619));
#6041=CARTESIAN_POINT('',(170.499999999998,33.,23.333358919619));
#6042=CARTESIAN_POINT('',(170.499999999998,17.25,23.333358919619));
#6043=CARTESIAN_POINT('',(168.999999999998,33.,23.333358919619));
#6044=CARTESIAN_POINT('',(168.999999999998,17.25,23.333358919619));
#6045=CARTESIAN_POINT('',(168.999999999998,33.,23.333358919619));
#6046=CARTESIAN_POINT('Origin',(168.999999999998,33.,-11.866641080381));
#6047=CARTESIAN_POINT('',(170.499999999998,33.,12.935858919619));
#6048=CARTESIAN_POINT('',(168.999999999998,33.,-19.069141080381));
#6049=CARTESIAN_POINT('Origin',(168.999999999998,1.5,37.738358919619));
#6050=CARTESIAN_POINT('',(168.999999999998,1.5,37.738358919619));
#6051=CARTESIAN_POINT('',(170.499999999998,1.5,37.738358919619));
#6052=CARTESIAN_POINT('',(168.999999999998,1.5,37.738358919619));
#6053=CARTESIAN_POINT('',(170.499999999998,35.1,37.738358919619));
#6054=CARTESIAN_POINT('',(170.499999999998,1.5,37.738358919619));
#6055=CARTESIAN_POINT('',(168.999999999998,35.1,37.738358919619));
#6056=CARTESIAN_POINT('',(168.999999999998,35.1,37.738358919619));
#6057=CARTESIAN_POINT('',(168.999999999998,1.5,37.738358919619));
#6058=CARTESIAN_POINT('Origin',(168.999999999998,1.5,-26.271641080381));
#6059=CARTESIAN_POINT('',(168.999999999998,1.5,-26.271641080381));
#6060=CARTESIAN_POINT('',(168.999999999998,1.5,-26.271641080381));
#6061=CARTESIAN_POINT('',(168.999999999998,35.1,-26.271641080381));
#6062=CARTESIAN_POINT('',(168.999999999998,35.1,-26.271641080381));
#6063=CARTESIAN_POINT('',(168.999999999998,1.5,-26.271641080381));
#6064=CARTESIAN_POINT('Origin',(170.499999999998,1.5,-26.271641080381));
#6065=CARTESIAN_POINT('',(170.499999999998,1.5,-26.271641080381));
#6066=CARTESIAN_POINT('',(170.499999999998,1.5,-26.271641080381));
#6067=CARTESIAN_POINT('',(170.499999999998,35.1,-26.271641080381));
#6068=CARTESIAN_POINT('',(170.499999999998,35.1,-26.271641080381));
#6069=CARTESIAN_POINT('',(170.499999999998,1.5,-26.271641080381));
#6070=CARTESIAN_POINT('Origin',(170.499999999998,1.5,37.738358919619));
#6071=CARTESIAN_POINT('',(170.499999999998,1.5,36.238358919619));
#6072=CARTESIAN_POINT('',(170.499999999998,35.1,36.238358919619));
#6073=CARTESIAN_POINT('Origin',(169.749999999998,35.1,5.73335891961898));
#6074=CARTESIAN_POINT('Origin',(169.749999999998,1.5,5.73335891961898));
#6075=CARTESIAN_POINT('Origin',(209.499999999998,1.5,37.738358919619));
#6076=CARTESIAN_POINT('',(209.499999999998,1.5,37.738358919619));
#6077=CARTESIAN_POINT('',(210.999999999998,1.5,37.738358919619));
#6078=CARTESIAN_POINT('',(168.999999999998,1.5,37.738358919619));
#6079=CARTESIAN_POINT('',(210.999999999998,35.1,37.738358919619));
#6080=CARTESIAN_POINT('',(210.999999999998,1.5,37.738358919619));
#6081=CARTESIAN_POINT('',(209.499999999998,35.1,37.738358919619));
#6082=CARTESIAN_POINT('',(168.999999999998,35.1,37.738358919619));
#6083=CARTESIAN_POINT('',(209.499999999998,1.5,37.738358919619));
#6084=CARTESIAN_POINT('Origin',(209.499999999998,1.5,-26.271641080381));
#6085=CARTESIAN_POINT('',(209.499999999998,1.5,-26.271641080381));
#6086=CARTESIAN_POINT('',(209.499999999998,1.5,-26.271641080381));
#6087=CARTESIAN_POINT('',(209.499999999998,35.1,-26.271641080381));
#6088=CARTESIAN_POINT('',(209.499999999998,35.1,-26.271641080381));
#6089=CARTESIAN_POINT('',(209.499999999998,1.5,-26.271641080381));
#6090=CARTESIAN_POINT('Origin',(210.999999999998,1.5,-26.271641080381));
#6091=CARTESIAN_POINT('',(210.999999999998,1.5,-26.271641080381));
#6092=CARTESIAN_POINT('',(210.999999999998,1.5,-26.271641080381));
#6093=CARTESIAN_POINT('',(210.999999999998,35.1,-26.271641080381));
#6094=CARTESIAN_POINT('',(210.999999999998,35.1,-26.271641080381));
#6095=CARTESIAN_POINT('',(210.999999999998,1.5,-26.271641080381));
#6096=CARTESIAN_POINT('Origin',(210.999999999998,1.5,37.738358919619));
#6097=CARTESIAN_POINT('',(210.999999999998,1.5,37.8655639654111));
#6098=CARTESIAN_POINT('',(210.999999999998,35.1,37.8655639654111));
#6099=CARTESIAN_POINT('Origin',(210.249999999998,35.1,5.73335891961898));
#6100=CARTESIAN_POINT('Origin',(210.249999999998,1.5,5.73335891961898));
#6101=CARTESIAN_POINT('Origin',(209.499999999998,1.5,36.238358919619));
#6102=CARTESIAN_POINT('',(209.499999999998,1.5,36.238358919619));
#6103=CARTESIAN_POINT('',(170.499999999998,1.5,36.238358919619));
#6104=CARTESIAN_POINT('',(209.499999999998,1.5,36.238358919619));
#6105=CARTESIAN_POINT('',(170.499999999998,35.1,36.238358919619));
#6106=CARTESIAN_POINT('',(170.499999999998,1.5,36.238358919619));
#6107=CARTESIAN_POINT('',(209.499999999998,35.1,36.238358919619));
#6108=CARTESIAN_POINT('',(209.499999999998,35.1,36.238358919619));
#6109=CARTESIAN_POINT('',(209.499999999998,1.5,36.238358919619));
#6110=CARTESIAN_POINT('Origin',(209.499999999998,1.5,37.738358919619));
#6111=CARTESIAN_POINT('',(209.499999999998,1.5,37.738358919619));
#6112=CARTESIAN_POINT('',(209.499999999998,1.5,37.738358919619));
#6113=CARTESIAN_POINT('',(209.499999999998,35.1,37.738358919619));
#6114=CARTESIAN_POINT('',(209.499999999998,35.1,37.738358919619));
#6115=CARTESIAN_POINT('',(209.499999999998,1.5,37.738358919619));
#6116=CARTESIAN_POINT('Origin',(170.499999999998,1.5,37.738358919619));
#6117=CARTESIAN_POINT('',(170.499999999998,1.5,37.738358919619));
#6118=CARTESIAN_POINT('',(170.499999999998,1.5,37.738358919619));
#6119=CARTESIAN_POINT('',(170.499999999998,35.1,37.738358919619));
#6120=CARTESIAN_POINT('',(170.499999999998,35.1,37.738358919619));
#6121=CARTESIAN_POINT('',(170.499999999998,1.5,37.738358919619));
#6122=CARTESIAN_POINT('Origin',(170.499999999998,1.5,36.238358919619));
#6123=CARTESIAN_POINT('',(170.499999999998,1.5,36.238358919619));
#6124=CARTESIAN_POINT('',(170.499999999998,35.1,36.238358919619));
#6125=CARTESIAN_POINT('Origin',(189.999999999998,35.1,36.988358919619));
#6126=CARTESIAN_POINT('Origin',(189.999999999998,1.5,36.988358919619));
#6127=CARTESIAN_POINT('Origin',(170.499999999998,1.5,-26.271641080381));
#6128=CARTESIAN_POINT('',(170.499999999998,1.5,-24.771641080381));
#6129=CARTESIAN_POINT('',(170.499999999998,1.5,-26.271641080381));
#6130=CARTESIAN_POINT('',(170.499999999998,1.5,-24.771641080381));
#6131=CARTESIAN_POINT('',(170.499999999998,35.1,-24.771641080381));
#6132=CARTESIAN_POINT('',(170.499999999998,1.5,-24.771641080381));
#6133=CARTESIAN_POINT('',(170.499999999998,35.1,-26.271641080381));
#6134=CARTESIAN_POINT('',(170.499999999998,35.1,-24.771641080381));
#6135=CARTESIAN_POINT('',(170.499999999998,1.5,-26.271641080381));
#6136=CARTESIAN_POINT('Origin',(209.499999999998,1.5,-26.271641080381));
#6137=CARTESIAN_POINT('',(209.499999999998,1.5,-26.271641080381));
#6138=CARTESIAN_POINT('',(170.499999999998,1.5,-26.271641080381));
#6139=CARTESIAN_POINT('',(209.499999999998,35.1,-26.271641080381));
#6140=CARTESIAN_POINT('',(170.499999999998,35.1,-26.271641080381));
#6141=CARTESIAN_POINT('',(209.499999999998,1.5,-26.271641080381));
#6142=CARTESIAN_POINT('Origin',(209.499999999998,1.5,-24.771641080381));
#6143=CARTESIAN_POINT('',(209.499999999998,1.5,-24.771641080381));
#6144=CARTESIAN_POINT('',(209.499999999998,1.5,-26.271641080381));
#6145=CARTESIAN_POINT('',(209.499999999998,35.1,-24.771641080381));
#6146=CARTESIAN_POINT('',(209.499999999998,35.1,-26.271641080381));
#6147=CARTESIAN_POINT('',(209.499999999998,1.5,-24.771641080381));
#6148=CARTESIAN_POINT('Origin',(170.499999999998,1.5,-24.771641080381));
#6149=CARTESIAN_POINT('',(209.499999999998,1.5,-24.771641080381));
#6150=CARTESIAN_POINT('',(209.499999999998,35.1,-24.771641080381));
#6151=CARTESIAN_POINT('Origin',(189.999999999998,35.1,-25.521641080381));
#6152=CARTESIAN_POINT('Origin',(189.999999999998,1.5,-25.521641080381));
#6153=CARTESIAN_POINT('Origin',(189.999999999998,36.6,5.79696144251505));
#6154=CARTESIAN_POINT('',(193.599999999998,36.6,5.79696144251505));
#6155=CARTESIAN_POINT('Origin',(189.999999999998,36.6,5.79696144251505));
#6156=CARTESIAN_POINT('',(193.599999999998,35.1,5.79696144251505));
#6157=CARTESIAN_POINT('',(193.599999999998,36.6,5.79696144251505));
#6158=CARTESIAN_POINT('Origin',(189.999999999998,35.1,5.79696144251505));
#6159=CARTESIAN_POINT('Origin',(168.999999999998,35.1,-26.271641080381));
#6160=CARTESIAN_POINT('',(168.999999999998,35.1,37.8655639654111));
#6161=CARTESIAN_POINT('',(168.999999999998,35.1,-26.271641080381));
#6162=CARTESIAN_POINT('',(168.999999999998,35.1,37.8655639654111));
#6163=CARTESIAN_POINT('',(168.999999999998,36.6,37.8655639654111));
#6164=CARTESIAN_POINT('',(168.999999999998,35.1,37.8655639654111));
#6165=CARTESIAN_POINT('',(168.999999999998,36.6,-26.271641080381));
#6166=CARTESIAN_POINT('',(168.999999999998,36.6,37.8655639654111));
#6167=CARTESIAN_POINT('',(168.999999999998,35.1,-26.271641080381));
#6168=CARTESIAN_POINT('Origin',(210.999999999998,35.1,-26.271641080381));
#6169=CARTESIAN_POINT('',(210.999999999998,35.1,-26.271641080381));
#6170=CARTESIAN_POINT('',(168.999999999998,35.1,-26.271641080381));
#6171=CARTESIAN_POINT('',(210.999999999998,36.6,-26.271641080381));
#6172=CARTESIAN_POINT('',(168.999999999998,36.6,-26.271641080381));
#6173=CARTESIAN_POINT('',(210.999999999998,35.1,-26.271641080381));
#6174=CARTESIAN_POINT('Origin',(210.999999999998,35.1,37.8655639654111));
#6175=CARTESIAN_POINT('',(210.999999999998,35.1,37.8655639654111));
#6176=CARTESIAN_POINT('',(210.999999999998,35.1,-26.271641080381));
#6177=CARTESIAN_POINT('',(210.999999999998,36.6,37.8655639654111));
#6178=CARTESIAN_POINT('',(210.999999999998,36.6,-26.271641080381));
#6179=CARTESIAN_POINT('',(210.999999999998,35.1,37.8655639654111));
#6180=CARTESIAN_POINT('Origin',(168.999999999998,35.1,37.8655639654111));
#6181=CARTESIAN_POINT('',(210.999999999998,35.1,37.8655639654111));
#6182=CARTESIAN_POINT('',(210.999999999998,36.6,37.8655639654111));
#6183=CARTESIAN_POINT('Origin',(189.999999999998,36.6,5.79696144251504));
#6184=CARTESIAN_POINT('Origin',(189.999999999998,35.1,5.79696144251504));
#6185=CARTESIAN_POINT('',(0.,0.,0.));
#6186=CARTESIAN_POINT('',(0.,0.,0.));
#6187=CARTESIAN_POINT('',(0.,0.,0.));
#6188=CARTESIAN_POINT('',(100.,0.,0.));
#6189=UNCERTAINTY_MEASURE_WITH_UNIT(LENGTH_MEASURE(0.01),#6201,
'DISTANCE_ACCURACY_VALUE',
'Maximum model space distance between geometric entities at asserted c
onnectivities');
#6190=UNCERTAINTY_MEASURE_WITH_UNIT(LENGTH_MEASURE(0.01),#6201,
'DISTANCE_ACCURACY_VALUE',
'Maximum model space distance between geometric entities at asserted c
onnectivities');
#6191=UNCERTAINTY_MEASURE_WITH_UNIT(LENGTH_MEASURE(0.01),#6201,
'DISTANCE_ACCURACY_VALUE',
'Maximum model space distance between geometric entities at asserted c
onnectivities');
#6192=UNCERTAINTY_MEASURE_WITH_UNIT(LENGTH_MEASURE(0.01),#6201,
'DISTANCE_ACCURACY_VALUE',
'Maximum model space distance between geometric entities at asserted c
onnectivities');
#6193=UNCERTAINTY_MEASURE_WITH_UNIT(LENGTH_MEASURE(0.01),#6201,
'DISTANCE_ACCURACY_VALUE',
'Maximum model space distance between geometric entities at asserted c
onnectivities');
#6194=UNCERTAINTY_MEASURE_WITH_UNIT(LENGTH_MEASURE(0.01),#6201,
'DISTANCE_ACCURACY_VALUE',
'Maximum model space distance between geometric entities at asserted c
onnectivities');
#6195=(
GEOMETRIC_REPRESENTATION_CONTEXT(3)
GLOBAL_UNCERTAINTY_ASSIGNED_CONTEXT((#6189))
GLOBAL_UNIT_ASSIGNED_CONTEXT((#6201,#6203,#6204))
REPRESENTATION_CONTEXT('','3D')
);
#6196=(
GEOMETRIC_REPRESENTATION_CONTEXT(3)
GLOBAL_UNCERTAINTY_ASSIGNED_CONTEXT((#6190))
GLOBAL_UNIT_ASSIGNED_CONTEXT((#6201,#6203,#6204))
REPRESENTATION_CONTEXT('','3D')
);
#6197=(
GEOMETRIC_REPRESENTATION_CONTEXT(3)
GLOBAL_UNCERTAINTY_ASSIGNED_CONTEXT((#6191))
GLOBAL_UNIT_ASSIGNED_CONTEXT((#6201,#6203,#6204))
REPRESENTATION_CONTEXT('','3D')
);
#6198=(
GEOMETRIC_REPRESENTATION_CONTEXT(3)
GLOBAL_UNCERTAINTY_ASSIGNED_CONTEXT((#6192))
GLOBAL_UNIT_ASSIGNED_CONTEXT((#6201,#6203,#6204))
REPRESENTATION_CONTEXT('','3D')
);
#6199=(
GEOMETRIC_REPRESENTATION_CONTEXT(3)
GLOBAL_UNCERTAINTY_ASSIGNED_CONTEXT((#6193))
GLOBAL_UNIT_ASSIGNED_CONTEXT((#6201,#6203,#6204))
REPRESENTATION_CONTEXT('','3D')
);
#6200=(
GEOMETRIC_REPRESENTATION_CONTEXT(3)
GLOBAL_UNCERTAINTY_ASSIGNED_CONTEXT((#6194))
GLOBAL_UNIT_ASSIGNED_CONTEXT((#6201,#6203,#6204))
REPRESENTATION_CONTEXT('','3D')
);
#6201=(
LENGTH_UNIT()
NAMED_UNIT(*)
SI_UNIT(.MILLI.,.METRE.)
);
#6202=(
LENGTH_UNIT()
NAMED_UNIT(*)
SI_UNIT($,.METRE.)
);
#6203=(
NAMED_UNIT(*)
PLANE_ANGLE_UNIT()
SI_UNIT($,.RADIAN.)
);
#6204=(
NAMED_UNIT(*)
SI_UNIT($,.STERADIAN.)
SOLID_ANGLE_UNIT()
);
#6205=SHAPE_DEFINITION_REPRESENTATION(#6210,#6219);
#6206=SHAPE_DEFINITION_REPRESENTATION(#6211,#6220);
#6207=SHAPE_DEFINITION_REPRESENTATION(#6212,#6221);
#6208=SHAPE_DEFINITION_REPRESENTATION(#6213,#6222);
#6209=SHAPE_DEFINITION_REPRESENTATION(#6214,#6223);
#6210=PRODUCT_DEFINITION_SHAPE('',$,#6225);
#6211=PRODUCT_DEFINITION_SHAPE('',$,#6226);
#6212=PRODUCT_DEFINITION_SHAPE('',$,#6227);
#6213=PRODUCT_DEFINITION_SHAPE('',$,#6228);
#6214=PRODUCT_DEFINITION_SHAPE('',$,#6229);
#6215=PRODUCT_DEFINITION_SHAPE($,$,#23);
#6216=PRODUCT_DEFINITION_SHAPE($,$,#24);
#6217=PRODUCT_DEFINITION_SHAPE($,$,#25);
#6218=PRODUCT_DEFINITION_SHAPE($,$,#26);
#6219=SHAPE_REPRESENTATION('',(#3402,#3685,#3686,#3687,#3688),#6195);
#6220=SHAPE_REPRESENTATION('',(#3403),#6196);
#6221=SHAPE_REPRESENTATION('',(#3487),#6197);
#6222=SHAPE_REPRESENTATION('',(#3488),#6198);
#6223=SHAPE_REPRESENTATION('',(#3605),#6199);
#6224=PRODUCT_DEFINITION_CONTEXT('part definition',#6241,'design');
#6225=PRODUCT_DEFINITION('Onsong Pedals','Onsong Pedals v8',#6230,#6224);
#6226=PRODUCT_DEFINITION('Secondary pedal case','Secondary pedal case',
#6231,#6224);
#6227=PRODUCT_DEFINITION('Parts','Parts',#6232,#6224);
#6228=PRODUCT_DEFINITION('Base pedal case','Base pedal case',#6233,#6224);
#6229=PRODUCT_DEFINITION('Secondary pedal case end',
'Secondary pedal case end',#6234,#6224);
#6230=PRODUCT_DEFINITION_FORMATION('',$,#6243);
#6231=PRODUCT_DEFINITION_FORMATION('',$,#6244);
#6232=PRODUCT_DEFINITION_FORMATION('',$,#6245);
#6233=PRODUCT_DEFINITION_FORMATION('',$,#6246);
#6234=PRODUCT_DEFINITION_FORMATION('',$,#6247);
#6235=PRODUCT_RELATED_PRODUCT_CATEGORY('Onsong Pedals v8',
'Onsong Pedals v8',(#6243));
#6236=PRODUCT_RELATED_PRODUCT_CATEGORY('Secondary pedal case',
'Secondary pedal case',(#6244));
#6237=PRODUCT_RELATED_PRODUCT_CATEGORY('Parts','Parts',(#6245));
#6238=PRODUCT_RELATED_PRODUCT_CATEGORY('Base pedal case',
'Base pedal case',(#6246));
#6239=PRODUCT_RELATED_PRODUCT_CATEGORY('Secondary pedal case end',
'Secondary pedal case end',(#6247));
#6240=APPLICATION_PROTOCOL_DEFINITION('international standard',
'automotive_design',2009,#6241);
#6241=APPLICATION_CONTEXT(
'Core Data for Automotive Mechanical Design Process');
#6242=PRODUCT_CONTEXT('part definition',#6241,'mechanical');
#6243=PRODUCT('Onsong Pedals','Onsong Pedals v8',$,(#6242));
#6244=PRODUCT('Secondary pedal case','Secondary pedal case',$,(#6242));
#6245=PRODUCT('Parts','Parts',$,(#6242));
#6246=PRODUCT('Base pedal case','Base pedal case',$,(#6242));
#6247=PRODUCT('Secondary pedal case end','Secondary pedal case end',$,(#6242));
#6248=PRESENTATION_STYLE_ASSIGNMENT((#6249));
#6249=SURFACE_STYLE_USAGE(.BOTH.,#6250);
#6250=SURFACE_SIDE_STYLE('',(#6251));
#6251=SURFACE_STYLE_FILL_AREA(#6252);
#6252=FILL_AREA_STYLE('Steel - Satin',(#6253));
#6253=FILL_AREA_STYLE_COLOUR('Steel - Satin',#6254);
#6254=COLOUR_RGB('Steel - Satin',0.627450980392157,0.627450980392157,0.627450980392157);
ENDSEC;
END-ISO-10303-21;
